customer_id,customer_name,email,emirate,city,signup_date,customer_segment,age,gender
1,Allison Hill,donaldgarcia@example.net,Abu Dhabi,Al Reem Island,2024-10-08,Regular,65,Male
2,Angie Henderson,davisjesse@example.net,Abu Dhabi,Al Reem Island,2025-08-27,Regular,23,Male
3,Cristian Santos,lrobinson@example.com,Dubai,Business Bay,2024-01-28,Regular,59,Female
4,Abigail Shaffer,jpeterson@example.org,Dubai,Business Bay,2024-10-11,Premium,28,Female
5,Gabrielle Davis,howardmaurice@example.com,Dubai,Marina,2024-08-08,Regular,42,Male
6,Monica Herrera,smiller@example.net,Dubai,Downtown,2025-09-10,Premium,64,Female
7,Shannon Ray,williamsjeremy@example.com,Abu Dhabi,Corniche,2024-03-21,Regular,58,Female
8,Dr. Sharon James,xreid@example.org,Abu Dhabi,Al Reem Island,2024-02-16,Premium,23,Male
9,Daniel Adams,lynchgeorge@example.net,Ajman,Al Rashidiya,2024-10-11,Regular,41,Male
10,Joel Nelson,gabriellecameron@example.org,Dubai,Marina,2025-11-17,Premium,61,Male
11,Andrew Stewart,carl95@example.org,Abu Dhabi,Khalifa City,2025-06-30,Regular,42,Female
12,Jennifer Rocha,ithomas@example.org,Umm Al Quwain,Al Salamah,2025-12-02,Premium,21,Male
13,Kimberly Burgess,zhurst@example.com,Ajman,Al Rashidiya,2025-02-14,Regular,54,Female
14,Zachary Hicks,camposmichelle@example.org,Dubai,Jumeirah,2025-02-09,Regular,34,Male
15,Rebecca Henderson,cruzcaitlin@example.com,Dubai,Business Bay,2025-07-05,Premium,45,Female
16,Tricia Valencia,frazierdanny@example.net,Dubai,Marina,2025-06-05,Regular,21,Male
17,Patricia Peterson,ryan70@example.net,Dubai,Marina,2025-11-27,Regular,42,Female
18,Deborah Mason,williamrodriguez@example.net,Abu Dhabi,Corniche,2025-06-25,VIP,18,Male
19,Mark Lynch,nathanielmartin@example.net,Abu Dhabi,Mussafah,2025-10-18,Regular,45,Male
20,Linda Burns,hickmannatasha@example.com,Abu Dhabi,Mussafah,2025-05-27,Regular,24,Female
21,David Bradley,millertodd@example.org,Ajman,Al Nuaimiya,2024-06-05,Premium,52,Male
22,Kim Martinez,karroyo@example.com,Abu Dhabi,Corniche,2024-01-20,VIP,37,Male
23,Lisa Brandt,jenniferross@example.net,Dubai,Business Bay,2024-03-21,Premium,22,Male
24,Jessica Holmes,wrightcaleb@example.org,Dubai,Jumeirah,2025-07-16,Regular,56,Female
25,Crystal Robinson,zimmermanbrian@example.org,Fujairah,Al Faseel,2024-11-15,VIP,59,Female
26,Shannon Jones,joshuawashington@example.net,Abu Dhabi,Corniche,2024-05-03,Regular,39,Male
27,Timothy Duncan,esanchez@example.com,Abu Dhabi,Khalifa City,2025-08-25,Regular,63,Male
28,Brent Jordan,ujenkins@example.org,Dubai,Deira,2024-12-04,Regular,35,Female
29,Victoria Garcia,zchandler@example.org,Dubai,Marina,2025-08-07,Regular,48,Female
30,Connor West,dwhite@example.org,Dubai,Deira,2025-11-05,Regular,44,Female
31,Angela Morton,williamsyvette@example.org,Ajman,Al Nuaimiya,2025-11-20,VIP,24,Male
32,Tammy Allison,richardolson@example.com,Dubai,Downtown,2024-04-21,Regular,52,Female
33,Carmen Smith,ybaker@example.com,Dubai,Marina,2024-10-12,Regular,22,Female
34,Michael Cross,smoore@example.org,Sharjah,Muwaileh,2024-04-10,Premium,52,Male
35,Lauren Daniels,brian97@example.net,Fujairah,Al Faseel,2024-06-19,Regular,31,Female
36,Kim Brown,yorkcasey@example.org,Ras Al Khaimah,Al Nakheel,2025-01-23,VIP,34,Female
37,Cynthia Wilson,bethwilliams@example.org,Dubai,Business Bay,2025-11-08,Regular,36,Male
38,Kevin Mills,james53@example.com,Fujairah,Al Faseel,2024-11-17,Regular,48,Male
39,Michael Evans,sarah10@example.com,Dubai,Business Bay,2024-03-23,Regular,22,Male
40,Kristine Garcia,williamanderson@example.com,Dubai,Business Bay,2024-09-09,Regular,57,Male
41,Sherry Wood,samueldaniels@example.com,Dubai,Business Bay,2025-08-01,Regular,34,Male
42,Victoria Valdez,contrerasangela@example.net,Abu Dhabi,Mussafah,2024-09-01,Regular,60,Female
43,Shawn Baker,newtoneric@example.com,Abu Dhabi,Al Reem Island,2024-01-10,Regular,54,Male
44,Michelle Harris,william40@example.org,Dubai,Marina,2025-06-02,Regular,40,Male
45,Sandra Williams,kellie42@example.net,Ajman,Al Rashidiya,2024-10-18,Regular,52,Female
46,Michael Hoffman,jonesnicole@example.org,Abu Dhabi,Al Reem Island,2025-11-14,Regular,60,Male
47,Sandra Aguilar,russellwilliams@example.com,Fujairah,Al Faseel,2024-09-27,Premium,65,Male
48,Rebecca Valencia,jason31@example.com,Dubai,Business Bay,2024-08-03,Regular,58,Female
49,Stacey Russell,sarayoung@example.org,Abu Dhabi,Mussafah,2024-02-22,Regular,35,Male
50,Rita Keith,whitesandra@example.com,Dubai,Marina,2025-10-14,Regular,46,Female
51,Sharon Cochran,erik16@example.org,Abu Dhabi,Al Reem Island,2024-03-18,Regular,41,Male
52,Courtney Velasquez,ybailey@example.org,Abu Dhabi,Al Reem Island,2024-11-11,Premium,20,Female
53,Matthew Ross,michelle45@example.net,Dubai,Marina,2025-11-13,Regular,53,Female
54,Meghan Anthony,sheila14@example.org,Umm Al Quwain,Al Salamah,2024-08-30,VIP,29,Female
55,Victoria Johnson,yreed@example.com,Dubai,Downtown,2025-02-25,Regular,62,Male
56,William Wilson,jonathanfletcher@example.org,Dubai,Deira,2025-04-26,Regular,47,Female
57,Renee Mcdaniel,michaeljones@example.net,Dubai,Marina,2024-08-16,Premium,43,Female
58,Lisa Alvarado,cortezkevin@example.com,Dubai,Deira,2024-10-12,Regular,43,Female
59,Erika Terry,jamesortega@example.com,Fujairah,Al Faseel,2024-09-24,Regular,34,Male
60,Stephanie Gilbert,richard04@example.com,Dubai,Jumeirah,2024-12-19,Regular,50,Male
61,Richard Lawson,steven73@example.net,Dubai,Business Bay,2024-07-13,Regular,45,Male
62,Steven Flynn,donnacampbell@example.net,Abu Dhabi,Khalifa City,2025-01-07,Regular,60,Female
63,Frances Cardenas,emilywalker@example.org,Abu Dhabi,Al Reem Island,2024-11-03,Regular,44,Female
64,Angel Riggs,gibsonolivia@example.net,Dubai,Downtown,2025-07-21,Regular,60,Female
65,Michael Snyder,dylanwatts@example.org,Abu Dhabi,Khalifa City,2025-09-22,Regular,53,Male
66,Colleen Brock,pwilliams@example.org,Dubai,Marina,2025-03-16,Regular,38,Female
67,Robert Contreras,stephanie79@example.net,Abu Dhabi,Khalifa City,2025-06-07,Premium,65,Male
68,Jessica Meadows,vmerritt@example.com,Abu Dhabi,Mussafah,2025-06-11,Regular,23,Male
69,Paul Larsen,katie87@example.net,Abu Dhabi,Khalifa City,2024-07-22,Regular,33,Female
70,Jeremiah Reeves,josephflores@example.net,Abu Dhabi,Al Reem Island,2025-04-11,Premium,54,Male
71,Chris Reyes,jasminebrown@example.com,Sharjah,Al Nahda,2025-05-21,Regular,59,Male
72,John Brown,xprice@example.net,Ras Al Khaimah,Al Nakheel,2025-03-11,Regular,62,Female
73,Alicia Gilmore,wwoods@example.com,Dubai,Marina,2024-05-04,Regular,47,Female
74,Sarah Ashley,vmedina@example.net,Fujairah,Sakamkam,2025-09-19,Regular,53,Female
75,Stephanie Freeman,ryan06@example.com,Ras Al Khaimah,Al Hamra,2025-04-05,Premium,58,Female
76,Rebecca Ramsey,ncalhoun@example.net,Sharjah,Muwaileh,2025-05-11,Regular,46,Male
77,James Elliott,millerroy@example.com,Sharjah,Al Majaz,2024-10-05,Regular,52,Male
78,David Murphy,wmurphy@example.com,Dubai,Marina,2025-01-27,Premium,22,Female
79,Trevor Fisher,ruizkaitlyn@example.org,Dubai,Business Bay,2025-04-22,Regular,44,Female
80,Mrs. Marie Harrington DDS,herringjames@example.org,Ras Al Khaimah,Al Nakheel,2025-08-12,Regular,40,Female
81,Cynthia Wells,elliottjeffery@example.net,Sharjah,Al Nahda,2025-07-05,Premium,32,Female
82,Jacob Obrien,stricklandfrank@example.com,Dubai,Jumeirah,2025-05-12,Regular,60,Female
83,Alexander Collins,tsanders@example.org,Sharjah,Al Nahda,2024-05-10,Regular,43,Male
84,Michael Burton,terrykevin@example.net,Dubai,Jumeirah,2024-05-18,Regular,34,Female
85,Barbara Riggs,reedross@example.com,Dubai,Jumeirah,2024-11-30,Premium,42,Female
86,Matthew Smith,gshort@example.com,Sharjah,Al Nahda,2024-09-15,Regular,65,Male
87,Madison Poole,ryangross@example.net,Umm Al Quwain,Al Salamah,2024-08-17,Regular,59,Male
88,Robert Medina,umarshall@example.net,Sharjah,Al Majaz,2024-07-23,Regular,33,Male
89,Samuel Rivas,ramirezshannon@example.com,Abu Dhabi,Al Reem Island,2025-07-31,Regular,34,Female
90,Mary Rogers,lrosales@example.com,Dubai,Business Bay,2024-04-27,VIP,24,Male
91,Robert Peterson,angela83@example.org,Ras Al Khaimah,Al Hamra,2025-02-10,Regular,62,Male
92,Jason Peters,hannahbrewer@example.com,Dubai,Downtown,2025-12-01,Premium,54,Male
93,Alan Phillips,tholt@example.net,Dubai,Jumeirah,2025-11-08,Regular,59,Female
94,Kara Schmidt,jbarajas@example.com,Dubai,Jumeirah,2025-05-16,Regular,41,Female
95,Jesse Parker,davidlee@example.org,Sharjah,Al Nahda,2024-06-29,VIP,35,Female
96,Tiffany Vaughn,javierwashington@example.net,Abu Dhabi,Mussafah,2024-11-26,Premium,23,Female
97,Paige Carlson,wallkenneth@example.com,Ras Al Khaimah,Al Nakheel,2025-04-20,Regular,42,Female
98,Adrian Ferguson,brandon08@example.com,Dubai,Downtown,2024-07-05,Regular,34,Female
99,Beth Oneill,agarcia@example.net,Dubai,Business Bay,2025-12-19,Regular,51,Male
100,John Peterson,kingmichelle@example.org,Dubai,Jumeirah,2025-05-15,Premium,62,Female
101,Jennifer Jones,hernandezlisa@example.com,Abu Dhabi,Corniche,2025-04-03,Regular,32,Female
102,David Grant,yobrien@example.net,Abu Dhabi,Mussafah,2025-11-10,Regular,53,Female
103,Joseph Hayes,levans@example.com,Abu Dhabi,Mussafah,2024-12-26,Regular,34,Male
104,Marc Lynch,mezajared@example.org,Dubai,Marina,2024-11-19,Premium,62,Male
105,Brad Allen,moorericky@example.net,Dubai,Jumeirah,2024-10-10,VIP,51,Female
106,Doris Hall,jacqueline71@example.net,Umm Al Quwain,Al Salamah,2024-10-30,Regular,37,Male
107,Dennis Moody,ronaldstephens@example.net,Sharjah,Al Majaz,2024-10-07,VIP,53,Female
108,Derek Thomas,martinkyle@example.net,Abu Dhabi,Khalifa City,2025-10-15,Regular,18,Female
109,Tammy Gonzales,sbarker@example.com,Abu Dhabi,Corniche,2024-12-14,VIP,34,Female
110,Kathryn Snyder,georgepamela@example.net,Dubai,Deira,2025-02-14,Regular,58,Male
111,David Davis,keyemily@example.com,Dubai,Business Bay,2024-11-07,VIP,25,Female
112,Pamela Thompson,lmoon@example.net,Abu Dhabi,Khalifa City,2025-06-19,Regular,46,Female
113,Robert Costa,vbailey@example.com,Ajman,Al Rashidiya,2024-11-08,Regular,57,Male
114,Shannon Rivera,zroberts@example.net,Fujairah,Al Faseel,2025-10-02,Regular,23,Male
115,Brandon King,cordovarichard@example.net,Dubai,Business Bay,2024-03-17,Regular,46,Female
116,April Booth,mgutierrez@example.net,Dubai,Marina,2024-10-22,Premium,47,Male
117,Peter Garrett,harrisandrea@example.com,Abu Dhabi,Mussafah,2025-10-02,Premium,30,Female
118,Michael Martinez,jennifercollins@example.org,Dubai,Marina,2025-10-25,VIP,27,Male
119,Anna Gay,murraydavid@example.org,Dubai,Downtown,2025-09-01,VIP,46,Male
120,Dr. Jordan Hill PhD,jsanchez@example.org,Abu Dhabi,Mussafah,2025-12-17,VIP,50,Female
121,Thomas Romero,michellehill@example.com,Abu Dhabi,Al Reem Island,2025-03-18,Regular,19,Male
122,Richard Adams,campbellkenneth@example.net,Dubai,Business Bay,2025-08-24,VIP,61,Female
123,Mary Grimes,wryan@example.com,Abu Dhabi,Khalifa City,2025-04-26,Premium,35,Male
124,Kimberly Gibson,molly39@example.com,Umm Al Quwain,Al Salamah,2025-10-12,VIP,48,Female
125,Reginald Williams,zthornton@example.com,Dubai,Downtown,2025-11-17,Premium,39,Female
126,Matthew Hoover,tylerjohnson@example.net,Abu Dhabi,Mussafah,2025-11-09,Premium,53,Male
127,Evelyn Garcia,dgarcia@example.org,Abu Dhabi,Mussafah,2024-09-15,Regular,43,Male
128,Jennifer Pena,charlesharrington@example.com,Abu Dhabi,Corniche,2025-02-27,Regular,41,Female
129,Michael Santos,melissa86@example.com,Abu Dhabi,Al Reem Island,2024-07-27,Regular,36,Female
130,Stacy Freeman,williamsonjimmy@example.net,Ras Al Khaimah,Al Hamra,2024-05-04,VIP,56,Male
131,Yolanda Francis,wgood@example.net,Sharjah,Al Nahda,2025-07-18,Regular,23,Male
132,Ashlee Jackson,rebecca05@example.org,Umm Al Quwain,Al Salamah,2025-04-17,Regular,27,Female
133,James Thomas,yknight@example.org,Fujairah,Sakamkam,2025-06-05,Regular,48,Female
134,Bob Pitts,tyleraguilar@example.org,Dubai,Business Bay,2024-05-28,Regular,56,Male
135,David Scott,nolansteven@example.com,Ajman,Al Rashidiya,2025-02-28,VIP,50,Female
136,Brooke Alexander,vanessa46@example.net,Ajman,Al Rashidiya,2024-11-01,Regular,60,Female
137,Ryan Gonzalez,gcastaneda@example.org,Ajman,Al Rashidiya,2025-07-05,Regular,53,Female
138,Ian Phillips,andrew64@example.org,Abu Dhabi,Mussafah,2024-07-12,Regular,32,Female
139,Melissa Garner,lozanojulie@example.com,Dubai,Jumeirah,2025-12-23,Regular,60,Male
140,Crystal Pham,danaoliver@example.net,Abu Dhabi,Al Reem Island,2024-05-09,VIP,39,Male
141,Patricia Becker,courtneyberger@example.net,Ajman,Al Rashidiya,2024-04-12,VIP,18,Male
142,Richard Johnson,jessica14@example.com,Dubai,Marina,2024-03-17,Premium,34,Female
143,Casey Anderson,alyssa42@example.com,Abu Dhabi,Corniche,2025-10-27,Premium,61,Female
144,Terry Coffey,julie51@example.com,Fujairah,Sakamkam,2025-07-08,Regular,33,Female
145,Brenda Levy,zcoffey@example.net,Umm Al Quwain,Al Salamah,2025-03-20,Premium,63,Male
146,Richard Smith,gibsonemily@example.net,Abu Dhabi,Mussafah,2024-01-30,Regular,21,Female
147,James Little,daniel37@example.org,Dubai,Jumeirah,2024-05-29,Regular,54,Male
148,Terri Murphy,deborahreid@example.com,Dubai,Deira,2025-09-16,Regular,33,Female
149,Elizabeth Ortiz,brandonjohnson@example.com,Ras Al Khaimah,Al Nakheel,2024-08-25,Regular,47,Female
150,David Medina,qchavez@example.net,Abu Dhabi,Corniche,2024-10-21,Regular,46,Female
151,Kimberly Matthews,nicolepena@example.com,Umm Al Quwain,Al Salamah,2025-10-16,Premium,47,Female
152,Teresa Ramirez,jeff73@example.com,Dubai,Jumeirah,2025-05-09,Regular,54,Female
153,Michael Stephens,bruce43@example.org,Abu Dhabi,Mussafah,2024-01-23,Regular,18,Male
154,Samantha Davis,darleneharper@example.org,Ras Al Khaimah,Al Hamra,2024-10-20,Regular,40,Male
155,Gavin Zhang,caseyhubbard@example.org,Abu Dhabi,Mussafah,2025-11-26,Premium,26,Male
156,Robin Hall,kristinacarlson@example.com,Ras Al Khaimah,Al Nakheel,2024-11-12,Regular,41,Male
157,Brianna Anderson,lauren10@example.org,Dubai,Downtown,2024-11-30,Regular,26,Female
158,Richard Young,alfred40@example.org,Abu Dhabi,Mussafah,2024-06-17,VIP,48,Female
159,Kelly Reese,xwest@example.net,Sharjah,Al Nahda,2024-04-27,VIP,27,Male
160,Jodi Walker,acostaregina@example.net,Ajman,Al Rashidiya,2025-07-24,Regular,43,Male
161,Judith Maynard,lutzmelanie@example.com,Dubai,Deira,2025-04-10,Premium,61,Female
162,Katherine Browning,lammarc@example.org,Abu Dhabi,Mussafah,2024-04-20,Regular,57,Female
163,Donald Schultz,oscar98@example.com,Ras Al Khaimah,Al Nakheel,2025-10-25,Regular,47,Female
164,Larry Garcia,farrelldebra@example.net,Abu Dhabi,Al Reem Island,2024-05-23,VIP,37,Female
165,Cindy Hayes,robertwilcox@example.com,Dubai,Marina,2025-07-04,Regular,41,Female
166,Brandon Simmons,nicholas27@example.org,Abu Dhabi,Khalifa City,2025-02-28,Regular,49,Female
167,Bradley Reynolds,lisa80@example.net,Fujairah,Sakamkam,2024-02-03,Regular,46,Male
168,Kristina Santiago,qgomez@example.com,Ajman,Al Nuaimiya,2025-12-03,Regular,59,Female
169,Michelle Schmitt,michael98@example.org,Dubai,Downtown,2024-07-13,VIP,47,Male
170,John Boone,megan51@example.com,Abu Dhabi,Al Reem Island,2024-02-21,Regular,26,Male
171,Renee Bruce,lynchdiane@example.net,Dubai,Business Bay,2024-07-31,Regular,32,Female
172,Christopher Park,sandra50@example.org,Sharjah,Muwaileh,2024-01-03,Premium,27,Male
173,Kylie Morales,joycebonilla@example.org,Abu Dhabi,Khalifa City,2024-04-22,Regular,40,Male
174,Cindy Barnes,eric45@example.net,Abu Dhabi,Al Reem Island,2024-06-27,Regular,65,Female
175,Sophia Moore,craigjoseph@example.net,Abu Dhabi,Al Reem Island,2025-05-02,Premium,50,Male
176,Lawrence Perry,kariwilson@example.com,Abu Dhabi,Khalifa City,2025-09-21,Premium,60,Female
177,Michael Watkins,brandon69@example.org,Abu Dhabi,Al Reem Island,2024-03-03,Premium,45,Male
178,Eric Clark,kathrynroberts@example.org,Abu Dhabi,Corniche,2024-03-16,Regular,27,Male
179,Paul Thompson,opatel@example.net,Dubai,Business Bay,2025-10-10,Regular,38,Female
180,Mary Gomez,chensley@example.com,Umm Al Quwain,Al Salamah,2025-04-09,Regular,24,Male
181,Thomas Atkins,tberry@example.net,Ajman,Al Nuaimiya,2025-03-16,Premium,44,Female
182,Brian Smith,george97@example.net,Ajman,Al Rashidiya,2025-03-01,Regular,38,Female
183,Anita Richard,ryanmorales@example.org,Dubai,Marina,2025-12-04,Regular,23,Male
184,Eric Morgan,kimberly18@example.net,Abu Dhabi,Mussafah,2024-05-13,Regular,53,Female
185,Jordan Bullock,michael23@example.org,Abu Dhabi,Corniche,2024-12-28,Premium,64,Male
186,Craig Morrison,thompsonkendra@example.com,Fujairah,Sakamkam,2024-12-26,Regular,31,Male
187,Justin Riley,michelle52@example.com,Abu Dhabi,Khalifa City,2024-04-20,Premium,41,Male
188,Jeremy Turner,brittany58@example.org,Sharjah,Muwaileh,2024-08-19,Premium,57,Male
189,Jesse Brown,chase19@example.net,Abu Dhabi,Mussafah,2024-01-30,Regular,37,Female
190,Julie Spencer,colelisa@example.net,Dubai,Marina,2024-05-26,Premium,22,Male
191,Larry Mason,hayeslisa@example.com,Sharjah,Al Majaz,2024-04-03,Regular,44,Female
192,Mrs. Maria Williams,hritter@example.net,Dubai,Downtown,2024-11-15,Premium,54,Male
193,Helen Hardin,vortiz@example.net,Ras Al Khaimah,Al Nakheel,2024-06-10,Regular,23,Female
194,Rachel Holland,riveraangela@example.com,Abu Dhabi,Corniche,2025-05-12,Regular,35,Male
195,Nathaniel Douglas,mathewaguilar@example.org,Sharjah,Al Majaz,2024-12-19,Regular,61,Female
196,Emily Douglas,tanderson@example.org,Abu Dhabi,Mussafah,2024-02-16,Regular,56,Male
197,James Conner,elizabethcalderon@example.net,Dubai,Downtown,2024-08-04,Premium,36,Female
198,Susan Davis DDS,andrew42@example.org,Dubai,Jumeirah,2025-03-16,Regular,52,Male
199,Ralph Lee,ericphillips@example.org,Abu Dhabi,Mussafah,2024-03-14,Premium,20,Female
200,Kimberly Rodgers,stanleynancy@example.net,Dubai,Deira,2024-11-16,Regular,43,Female
201,James Martin,jenniferwilliams@example.com,Dubai,Jumeirah,2024-01-22,Regular,57,Female
202,Cynthia Wallace,karen73@example.net,Ajman,Al Rashidiya,2024-03-31,Premium,33,Female
203,Vincent Mueller,michealvalentine@example.com,Abu Dhabi,Al Reem Island,2025-02-09,Premium,32,Female
204,Douglas Reyes,mburch@example.net,Sharjah,Al Majaz,2025-06-06,Regular,50,Male
205,David Davidson,angela18@example.org,Ras Al Khaimah,Al Hamra,2024-12-25,Premium,33,Male
206,Phillip Nelson,mariahdavis@example.org,Dubai,Marina,2024-06-26,Regular,59,Male
207,Stacey Arias,gbrown@example.com,Dubai,Jumeirah,2025-04-20,Premium,46,Female
208,Zachary Brooks,florescory@example.net,Ajman,Al Rashidiya,2024-06-03,Regular,46,Female
209,Raven Taylor,samantha72@example.net,Sharjah,Muwaileh,2024-02-27,Regular,37,Female
210,Luis Bullock,scottmary@example.net,Abu Dhabi,Al Reem Island,2025-01-12,Regular,23,Female
211,Lisa Henderson,john10@example.org,Abu Dhabi,Al Reem Island,2025-04-05,Premium,38,Female
212,Riley Bryant,copelandvincent@example.net,Abu Dhabi,Al Reem Island,2025-04-06,Premium,39,Male
213,Jose Allen,kellysmith@example.com,Abu Dhabi,Khalifa City,2024-02-10,Premium,46,Male
214,Jason Beck,millsmichael@example.net,Dubai,Downtown,2025-01-31,Premium,61,Male
215,Rachel Romero,myerstheodore@example.net,Sharjah,Muwaileh,2024-12-08,Regular,53,Female
216,James Burgess,kristina53@example.net,Dubai,Business Bay,2024-06-02,Regular,60,Male
217,Ashley Perkins,dennis58@example.com,Ras Al Khaimah,Al Hamra,2025-11-02,Regular,63,Male
218,Carrie Maxwell,epollard@example.net,Dubai,Jumeirah,2025-10-20,Premium,60,Male
219,Chad Baldwin,mjohnson@example.org,Abu Dhabi,Corniche,2025-06-04,Regular,37,Male
220,Stacey Stewart,zachary87@example.com,Fujairah,Sakamkam,2025-05-12,Regular,26,Male
221,Matthew Mitchell,glennmartin@example.org,Dubai,Deira,2025-06-03,Premium,51,Male
222,Jessica Ross,ykline@example.com,Abu Dhabi,Khalifa City,2025-09-03,Regular,29,Male
223,Kathleen Jimenez,laurie61@example.com,Sharjah,Al Majaz,2025-02-24,Premium,33,Female
224,Samantha Gardner,curtis54@example.com,Abu Dhabi,Corniche,2024-08-27,Regular,48,Male
225,Mitchell Jackson,cbell@example.net,Dubai,Business Bay,2025-03-27,Premium,42,Female
226,Heather Bolton,danielle01@example.net,Fujairah,Al Faseel,2025-09-11,Premium,21,Female
227,Heidi Owen,stephaniethomas@example.net,Ajman,Al Nuaimiya,2025-12-29,Premium,36,Male
228,Jessica Martinez,kimberlydiaz@example.com,Sharjah,Al Nahda,2025-04-05,Regular,45,Male
229,Amanda Hernandez,xrush@example.com,Fujairah,Al Faseel,2025-04-06,VIP,44,Male
230,Laura Moreno,redwards@example.org,Dubai,Downtown,2024-08-29,VIP,41,Male
231,Allison Lopez,hmcintyre@example.com,Dubai,Deira,2025-10-27,Premium,26,Male
232,Michele Lewis,heather73@example.org,Dubai,Jumeirah,2025-12-13,Premium,48,Female
233,Benjamin Thompson,zosborn@example.net,Abu Dhabi,Al Reem Island,2024-01-20,Regular,27,Female
234,Victoria Contreras,piercekelly@example.com,Dubai,Downtown,2024-08-31,Regular,33,Female
235,Michelle Ho,laurahicks@example.org,Abu Dhabi,Corniche,2024-03-05,Premium,49,Male
236,Dr. Cynthia Snyder,angela57@example.net,Abu Dhabi,Khalifa City,2024-05-27,Regular,57,Female
237,Stephen Jones,ukey@example.com,Dubai,Jumeirah,2024-07-10,Regular,41,Male
238,Patricia Morrow,martinezlogan@example.org,Fujairah,Al Faseel,2025-02-03,Regular,42,Female
239,Michael Cooper,katrinaanderson@example.net,Dubai,Deira,2024-12-31,Regular,64,Male
240,Amy Martinez,kevinmartin@example.net,Sharjah,Muwaileh,2024-12-06,Regular,52,Female
241,Travis Stone,meghan43@example.net,Sharjah,Al Majaz,2025-12-02,VIP,48,Male
242,Denise Weber,shawgary@example.net,Sharjah,Al Majaz,2025-04-13,Regular,20,Male
243,Matthew Le,megan90@example.org,Ras Al Khaimah,Al Hamra,2024-11-13,Regular,52,Female
244,Travis Wise,debra96@example.net,Dubai,Marina,2024-10-19,Premium,21,Female
245,Kathleen Burton,dawn47@example.org,Dubai,Downtown,2025-03-23,Premium,42,Female
246,Melinda Evans,barkereric@example.com,Umm Al Quwain,Al Salamah,2025-12-09,Regular,51,Female
247,Mr. Lawrence Edwards,jessica56@example.org,Sharjah,Muwaileh,2025-03-10,Regular,29,Female
248,Kayla Rodriguez,stevenadams@example.org,Dubai,Deira,2024-12-01,Regular,56,Female
249,Anthony Dougherty,kwright@example.com,Dubai,Jumeirah,2024-12-25,Regular,40,Female
250,Michelle Lee,tyronerobertson@example.com,Dubai,Deira,2024-03-17,Regular,50,Male
251,Kathleen Davis,pwagner@example.org,Fujairah,Al Faseel,2025-09-14,Regular,22,Male
252,Amber Campbell,amitchell@example.org,Sharjah,Al Nahda,2025-01-05,VIP,20,Male
253,Stephen Luna,zdiaz@example.org,Abu Dhabi,Mussafah,2025-01-15,Premium,54,Male
254,Chloe Tran,hughesshannon@example.net,Abu Dhabi,Corniche,2024-11-17,Regular,25,Male
255,William Becker,andersoncolin@example.com,Sharjah,Al Nahda,2025-06-14,VIP,25,Female
256,Gina Mcmillan,jameshicks@example.net,Sharjah,Muwaileh,2025-04-01,VIP,36,Female
257,Andrew Reeves,jstone@example.net,Dubai,Marina,2024-03-16,Regular,63,Female
258,Brenda Velazquez,francisco94@example.net,Umm Al Quwain,Al Salamah,2025-11-14,Premium,53,Female
259,Ronald Patel,thomas05@example.com,Ras Al Khaimah,Al Nakheel,2025-12-29,Regular,41,Male
260,Veronica Silva,carlsonjoseph@example.net,Dubai,Marina,2024-05-22,Premium,19,Female
261,Paula Lane,silvageorge@example.net,Abu Dhabi,Mussafah,2025-04-23,Regular,23,Male
262,Patricia James,anthonyvaughan@example.org,Dubai,Jumeirah,2025-06-22,Premium,54,Male
263,Jeremy Barnes,avaughn@example.net,Dubai,Downtown,2025-10-19,Regular,61,Female
264,Tami Salas,thorntonapril@example.net,Dubai,Business Bay,2025-10-17,Regular,26,Female
265,Matthew Fox,sue78@example.com,Abu Dhabi,Al Reem Island,2024-05-07,Regular,28,Male
266,Megan Dillon,chelsea33@example.com,Dubai,Marina,2024-12-20,Premium,23,Female
267,Courtney Dudley,kellie37@example.com,Dubai,Business Bay,2024-10-08,Regular,57,Male
268,Justin Michael,keith98@example.com,Abu Dhabi,Khalifa City,2025-08-29,Regular,60,Female
269,Jennifer Reed,kellyroberts@example.net,Ajman,Al Nuaimiya,2024-01-30,Regular,59,Female
270,Thomas Douglas,ilewis@example.com,Abu Dhabi,Corniche,2025-09-24,Regular,58,Female
271,Melissa Taylor,johnsantiago@example.net,Abu Dhabi,Mussafah,2025-05-09,Premium,61,Female
272,David Garcia,jennifer12@example.org,Dubai,Deira,2025-12-06,Regular,44,Female
273,Vanessa Moore,mwoods@example.com,Abu Dhabi,Mussafah,2025-09-13,Regular,63,Female
274,Matthew Velez,pearsonjesse@example.net,Sharjah,Al Nahda,2025-02-12,Premium,50,Male
275,Taylor Gentry,robertmonroe@example.org,Dubai,Jumeirah,2024-05-05,Regular,27,Male
276,Jennifer Simpson DVM,nancy04@example.net,Dubai,Jumeirah,2025-09-22,Regular,28,Female
277,Tanya Rogers,ihays@example.net,Fujairah,Sakamkam,2024-07-13,Regular,50,Female
278,Todd Rosales MD,lisarivera@example.net,Abu Dhabi,Mussafah,2025-05-24,Regular,43,Female
279,David Lopez,krystal93@example.org,Fujairah,Al Faseel,2025-08-20,Regular,36,Female
280,Margaret Sullivan,frobertson@example.com,Abu Dhabi,Corniche,2024-10-19,Regular,24,Female
281,Cathy Taylor,shari04@example.com,Dubai,Downtown,2025-01-09,Regular,43,Male
282,Paul Finley,brandi90@example.com,Abu Dhabi,Khalifa City,2025-01-06,Regular,42,Female
283,Melissa Brown,marshallerik@example.net,Sharjah,Al Nahda,2025-09-30,Regular,24,Female
284,Stephanie Padilla,hannah45@example.net,Dubai,Downtown,2025-07-25,Premium,30,Female
285,Tyler Mendoza,madkins@example.com,Abu Dhabi,Al Reem Island,2024-02-09,Premium,48,Female
286,Joshua Ruiz,kathleenbecker@example.net,Dubai,Business Bay,2024-05-23,VIP,38,Male
287,Angela Griffin,christian91@example.org,Dubai,Business Bay,2024-11-02,Regular,50,Female
288,Stephanie Harris,franklinbond@example.com,Sharjah,Al Nahda,2025-05-01,Regular,61,Male
289,Daniel Aguilar,nolansean@example.org,Umm Al Quwain,Al Salamah,2025-12-05,Regular,48,Female
290,Jose Bryant,hansenemily@example.com,Fujairah,Al Faseel,2024-02-22,Regular,51,Female
291,Jennifer Velasquez,bethwilliams@example.com,Dubai,Marina,2024-02-02,VIP,25,Male
292,Kimberly Brown,andersenthomas@example.com,Dubai,Downtown,2025-03-04,Regular,31,Female
293,Randy Cannon,ybrooks@example.com,Abu Dhabi,Corniche,2024-03-04,Regular,53,Female
294,Susan Bennett,desireebailey@example.org,Umm Al Quwain,Al Salamah,2025-06-22,Regular,29,Female
295,Jenna Anderson DVM,avilatiffany@example.com,Ras Al Khaimah,Al Hamra,2025-07-13,Premium,64,Female
296,Kimberly Patel,johnreed@example.com,Abu Dhabi,Khalifa City,2024-09-09,Regular,32,Female
297,Shaun Cannon,pachecorobert@example.org,Sharjah,Muwaileh,2024-07-31,Regular,40,Female
298,Austin Wheeler,tharper@example.org,Dubai,Business Bay,2025-11-23,Regular,43,Female
299,Andrew Gonzales,karenparsons@example.org,Fujairah,Al Faseel,2024-10-24,Regular,63,Male
300,Donna Cabrera,barbara53@example.com,Dubai,Jumeirah,2025-11-02,Premium,31,Male
301,Victoria Boyd,dturner@example.net,Ajman,Al Rashidiya,2025-07-29,Regular,57,Male
302,Sheryl Buck,dpeters@example.com,Dubai,Business Bay,2024-08-19,Regular,24,Female
303,Megan Floyd,heather62@example.com,Dubai,Jumeirah,2024-04-12,Regular,53,Male
304,Paul Wells,kevinzimmerman@example.com,Dubai,Jumeirah,2025-05-03,Regular,36,Female
305,Kristina Faulkner,paulscott@example.com,Dubai,Deira,2024-04-01,Regular,52,Male
306,Tammy Boone,nicholsmaria@example.org,Ras Al Khaimah,Al Nakheel,2025-03-03,VIP,20,Female
307,Michael Morrison,lopezkathleen@example.net,Sharjah,Al Majaz,2024-10-23,Regular,54,Male
308,Claire Clark,kevin03@example.org,Ras Al Khaimah,Al Hamra,2024-10-18,VIP,52,Female
309,Autumn Key,srocha@example.net,Ras Al Khaimah,Al Nakheel,2025-05-31,Regular,25,Female
310,Jennifer Allen,kimberly67@example.net,Dubai,Jumeirah,2025-10-25,Premium,18,Female
311,Elizabeth Ward,zowens@example.net,Sharjah,Muwaileh,2025-11-21,Regular,58,Female
312,Ryan Rocha,lawrence09@example.org,Ajman,Al Rashidiya,2024-03-29,Premium,29,Male
313,Alexis Tran,mphillips@example.com,Abu Dhabi,Khalifa City,2024-01-07,Regular,46,Female
314,Kelly Sanchez,jonathan77@example.com,Fujairah,Sakamkam,2025-08-19,Regular,59,Female
315,Robert Jackson,iwhite@example.net,Abu Dhabi,Al Reem Island,2025-11-14,Regular,28,Female
316,Kelly Combs,landryelizabeth@example.org,Abu Dhabi,Mussafah,2025-12-07,Regular,36,Female
317,Ryan Hall,albertwagner@example.com,Abu Dhabi,Khalifa City,2024-05-16,Regular,65,Female
318,Mark Peck,bhopkins@example.org,Dubai,Business Bay,2025-04-27,Premium,31,Male
319,Jennifer Smith,amanda40@example.net,Abu Dhabi,Al Reem Island,2025-06-22,Regular,41,Male
320,Megan Drake,danieldavis@example.org,Ras Al Khaimah,Al Nakheel,2024-03-04,VIP,30,Male
321,Manuel King,joseph61@example.com,Dubai,Business Bay,2025-03-28,Premium,63,Female
322,Judy Sanchez,kevinclayton@example.org,Dubai,Business Bay,2025-04-01,Regular,50,Female
323,Shannon Malone,sullivannicholas@example.com,Abu Dhabi,Al Reem Island,2025-07-26,Premium,37,Male
324,Adam Jackson,pbruce@example.com,Dubai,Deira,2024-08-11,Regular,45,Female
325,Shannon Davis,hallrachel@example.net,Sharjah,Muwaileh,2024-03-02,VIP,48,Male
326,Karen Williams,cohenjuan@example.net,Dubai,Marina,2024-05-18,VIP,59,Female
327,Amanda Mcfarland,alexis39@example.org,Dubai,Jumeirah,2025-04-04,Regular,61,Male
328,Michelle Sanders,evansanne@example.net,Abu Dhabi,Mussafah,2024-05-01,VIP,43,Male
329,Jasmine Mosley,patrick21@example.net,Sharjah,Al Majaz,2024-01-04,VIP,47,Female
330,Haley Davis,marypeterson@example.net,Abu Dhabi,Khalifa City,2024-09-10,Regular,35,Male
331,Jennifer Ayala,walterskristen@example.com,Fujairah,Al Faseel,2024-02-02,Regular,19,Male
332,Henry Pugh MD,nmiller@example.com,Dubai,Deira,2025-08-31,Regular,61,Male
333,Michelle Miller,normanbowers@example.org,Dubai,Deira,2025-02-15,Regular,31,Male
334,Emily Rodriguez,hahnsean@example.com,Dubai,Downtown,2024-08-27,Regular,56,Female
335,Brandon Jordan,fgarcia@example.com,Dubai,Marina,2025-11-07,Regular,37,Female
336,Linda Mueller,asmith@example.com,Dubai,Business Bay,2024-06-28,Premium,53,Female
337,Misty Hansen,ashleyjackson@example.com,Dubai,Downtown,2025-10-20,Premium,38,Female
338,Derrick Adams,bryanhamilton@example.com,Dubai,Downtown,2025-01-20,Premium,48,Male
339,Richard Ward,jennifersimpson@example.net,Ajman,Al Rashidiya,2025-12-25,Premium,21,Female
340,Brian Torres,ncook@example.com,Fujairah,Al Faseel,2025-02-01,Regular,39,Male
341,Erin Cook,kevinmorrison@example.net,Ras Al Khaimah,Al Hamra,2024-04-04,Premium,30,Male
342,Ernest Oconnell,kelly79@example.org,Dubai,Business Bay,2025-09-09,Premium,30,Male
343,Douglas Hartman,daniel93@example.net,Abu Dhabi,Mussafah,2024-11-06,Regular,30,Male
344,Catherine Saunders MD,nhahn@example.com,Sharjah,Al Nahda,2024-09-05,Premium,43,Male
345,Sandra Jones,ichambers@example.net,Abu Dhabi,Mussafah,2025-01-24,Regular,40,Female
346,David Moore,emccormick@example.com,Dubai,Business Bay,2025-05-24,Regular,64,Female
347,Karen Morales DDS,ystephens@example.com,Sharjah,Al Nahda,2024-07-27,Regular,20,Male
348,Robin Wheeler,rodriguezjohn@example.net,Sharjah,Al Majaz,2024-09-24,VIP,55,Female
349,Matthew Williams,vrasmussen@example.com,Dubai,Marina,2024-12-03,Regular,33,Female
350,Brett Walker,seanmyers@example.net,Abu Dhabi,Mussafah,2024-09-20,VIP,59,Female
351,Kathryn Cooper,webbkenneth@example.org,Abu Dhabi,Mussafah,2024-06-22,Premium,49,Male
352,Todd Thomas,matthew38@example.com,Ras Al Khaimah,Al Nakheel,2025-06-20,Premium,22,Male
353,Brent Bowen,tflores@example.org,Sharjah,Al Nahda,2024-05-20,Regular,63,Male
354,Ashley Sweeney,byrdfrank@example.net,Dubai,Business Bay,2025-04-11,Regular,58,Female
355,Christopher Moore,omullen@example.com,Abu Dhabi,Al Reem Island,2024-01-07,Regular,18,Male
356,Charlotte Sandoval,njohnson@example.org,Abu Dhabi,Mussafah,2025-07-02,Regular,62,Female
357,Jeffrey Smith,jamiegoodwin@example.org,Sharjah,Al Majaz,2024-04-19,Regular,33,Male
358,Rebecca Herrera,mark71@example.com,Abu Dhabi,Mussafah,2024-12-28,Premium,23,Female
359,Katherine Church,candice96@example.net,Fujairah,Sakamkam,2025-08-01,VIP,32,Female
360,Harold Ellis,lisamccarthy@example.com,Abu Dhabi,Al Reem Island,2025-10-31,Premium,23,Female
361,Leslie Powers,david41@example.org,Dubai,Business Bay,2025-05-02,Regular,62,Male
362,Charles Price,baileyhenderson@example.com,Dubai,Jumeirah,2025-10-22,Regular,24,Male
363,Melissa Brewer,angelaburns@example.org,Dubai,Business Bay,2025-05-01,Regular,22,Female
364,Ryan Harvey,stephanie72@example.org,Ras Al Khaimah,Al Nakheel,2024-07-02,Regular,31,Male
365,Tracey Wagner,fortiz@example.com,Sharjah,Muwaileh,2025-02-11,Regular,54,Male
366,Jill Jackson,flynnjeffrey@example.org,Abu Dhabi,Corniche,2025-11-24,Regular,65,Male
367,Joshua Jackson,xcunningham@example.com,Sharjah,Muwaileh,2024-03-21,Premium,40,Male
368,Ashley Wilson,amber07@example.net,Dubai,Marina,2024-03-18,Regular,57,Female
369,Jeffery Fitzgerald,kennethkidd@example.com,Fujairah,Sakamkam,2024-01-31,Regular,46,Female
370,Scott Miller,rowejoel@example.net,Dubai,Business Bay,2025-01-19,Regular,55,Female
371,Heather Page,imartin@example.org,Dubai,Business Bay,2024-10-29,Premium,23,Female
372,Renee Hudson,candice25@example.net,Dubai,Marina,2025-02-02,Regular,23,Male
373,Kenneth Farley,taylorkaren@example.com,Fujairah,Sakamkam,2025-01-03,Regular,23,Male
374,Wendy Camacho,jacquelineanderson@example.org,Abu Dhabi,Corniche,2024-04-15,Regular,53,Male
375,Sandra Juarez,kburns@example.net,Abu Dhabi,Mussafah,2025-01-29,Regular,42,Male
376,Jason Hayes,powellkara@example.net,Sharjah,Muwaileh,2024-09-05,Regular,61,Female
377,Jackie Clements,brandi17@example.net,Dubai,Downtown,2024-11-04,Regular,22,Male
378,Heather Brown,brobinson@example.org,Abu Dhabi,Corniche,2024-11-02,Premium,41,Female
379,Frank Campbell MD,ashleewashington@example.com,Fujairah,Sakamkam,2025-08-31,Regular,24,Male
380,Pamela Williams,ksmith@example.com,Dubai,Jumeirah,2024-12-06,Regular,39,Female
381,William Patterson,nicoleturner@example.com,Dubai,Business Bay,2024-05-19,Regular,62,Male
382,Isaac Miller,brettgarrett@example.net,Abu Dhabi,Khalifa City,2025-02-11,Regular,62,Female
383,Cynthia Rios,smiththomas@example.org,Fujairah,Al Faseel,2024-11-29,Regular,43,Female
384,Kelly Wallace,dominguezlisa@example.com,Dubai,Business Bay,2024-07-23,VIP,29,Male
385,Karen Perez,crosscurtis@example.com,Fujairah,Sakamkam,2025-12-26,Regular,36,Male
386,Edwin Reyes,darlenebyrd@example.org,Sharjah,Al Nahda,2025-11-20,Regular,37,Male
387,Alejandra Santos,nbell@example.net,Dubai,Marina,2025-03-09,Regular,56,Female
388,Tamara Jensen,fheath@example.org,Abu Dhabi,Corniche,2025-07-10,Premium,41,Male
389,Bryce Blair,sylvia52@example.org,Dubai,Marina,2025-11-04,Regular,57,Male
390,Bradley Tran,kimberly04@example.org,Abu Dhabi,Corniche,2024-12-05,Regular,24,Female
391,Katrina Adkins,debbie37@example.com,Dubai,Business Bay,2025-07-25,Premium,32,Female
392,Jonathan Wheeler,hatfieldsarah@example.org,Dubai,Jumeirah,2025-11-26,Premium,27,Female
393,Ryan Fisher,kathrynbest@example.org,Umm Al Quwain,Al Salamah,2024-04-17,Regular,23,Male
394,Austin Baker,livingstonstacy@example.com,Ajman,Al Nuaimiya,2024-12-22,Regular,31,Female
395,Lori Mason,zhenderson@example.org,Dubai,Deira,2025-03-24,Regular,37,Male
396,Kimberly Hernandez,collinswilliam@example.org,Sharjah,Al Majaz,2024-01-24,Regular,61,Male
397,Brittney Murphy,collinssamuel@example.org,Ras Al Khaimah,Al Nakheel,2025-06-12,Regular,39,Female
398,Brandon Hamilton,dsalazar@example.com,Fujairah,Al Faseel,2025-02-18,Regular,58,Female
399,Mary Thompson,zimmermanjacqueline@example.org,Dubai,Business Bay,2024-07-21,Regular,42,Male
400,Gregory Holmes PhD,gary24@example.net,Sharjah,Al Majaz,2024-10-12,Regular,52,Male
401,Patricia Johnson,enelson@example.com,Dubai,Marina,2025-04-13,Regular,49,Female
402,Laura Jones,ddixon@example.com,Abu Dhabi,Corniche,2025-08-24,Regular,47,Male
403,Carol Moore,shannonemily@example.org,Sharjah,Muwaileh,2024-10-31,Regular,61,Male
404,Jordan Williams,sanchezthomas@example.com,Dubai,Marina,2024-11-08,Regular,62,Male
405,Cassidy Horne,tranrobin@example.net,Abu Dhabi,Corniche,2025-09-02,Regular,45,Male
406,Courtney Wright,joseph19@example.com,Abu Dhabi,Khalifa City,2025-07-22,Regular,26,Male
407,Michael Williams,lindajarvis@example.com,Dubai,Jumeirah,2025-09-26,Premium,18,Female
408,John Campbell,mark87@example.org,Dubai,Jumeirah,2025-07-29,Premium,44,Female
409,Eddie Mueller,stevenvargas@example.com,Dubai,Jumeirah,2025-05-15,Regular,19,Male
410,Dr. Morgan Payne PhD,adamortiz@example.org,Dubai,Downtown,2024-08-18,Regular,47,Female
411,Makayla Steele,tapiaaaron@example.net,Abu Dhabi,Al Reem Island,2025-08-09,Regular,52,Female
412,Oscar Parker,alyssaallen@example.com,Abu Dhabi,Al Reem Island,2025-03-27,Regular,45,Male
413,Valerie Thomas,christopher38@example.com,Sharjah,Muwaileh,2024-09-10,Premium,20,Female
414,Jacqueline Villegas,carpenterwilliam@example.net,Dubai,Deira,2025-03-25,Premium,33,Male
415,Angela Bradley,ibates@example.org,Sharjah,Muwaileh,2025-12-06,Premium,57,Female
416,Samuel Howe,vhaynes@example.com,Dubai,Marina,2024-07-30,Premium,54,Female
417,Dillon Jones,derekcarrillo@example.org,Abu Dhabi,Khalifa City,2024-11-27,Regular,35,Male
418,Christopher Owens,wmartinez@example.org,Dubai,Jumeirah,2024-03-01,Premium,26,Male
419,John Phelps,mooregina@example.net,Dubai,Downtown,2024-09-10,Regular,54,Female
420,Amanda Huff,eddie35@example.com,Abu Dhabi,Corniche,2025-04-07,Regular,23,Female
421,Megan Green,anthonysullivan@example.com,Abu Dhabi,Mussafah,2025-12-12,Regular,49,Female
422,Krista Davis,laradonald@example.org,Abu Dhabi,Al Reem Island,2025-04-14,Premium,40,Male
423,Richard Walker,madisonwatson@example.net,Sharjah,Al Nahda,2024-08-11,Premium,49,Female
424,Angela Willis,johnsoncaleb@example.net,Dubai,Downtown,2024-12-11,Regular,54,Female
425,Carl Stein,david70@example.org,Sharjah,Muwaileh,2024-02-19,Regular,47,Male
426,Jessica Ramsey,rjohnson@example.com,Dubai,Marina,2025-03-27,Regular,45,Male
427,Daniel Lopez,sean20@example.net,Umm Al Quwain,Al Salamah,2025-10-27,Regular,35,Male
428,Danielle Phillips,eandrade@example.org,Abu Dhabi,Mussafah,2024-03-25,Premium,59,Male
429,James Barnes,crystalpham@example.org,Dubai,Downtown,2025-12-17,Regular,23,Male
430,Rachael Howard DDS,kcooper@example.net,Dubai,Jumeirah,2024-03-20,Regular,51,Female
431,Devin Johnson,anthonycochran@example.com,Dubai,Downtown,2024-05-03,Premium,48,Male
432,William Moreno,terrigarcia@example.net,Dubai,Deira,2024-04-14,Regular,37,Male
433,Joseph Moody,gallagherstacie@example.net,Dubai,Marina,2025-10-18,Regular,54,Male
434,Rebecca Kelly,gregorywatkins@example.net,Abu Dhabi,Khalifa City,2025-03-26,Premium,58,Male
435,Suzanne Johnson,stacey92@example.net,Ras Al Khaimah,Al Hamra,2024-08-10,Premium,26,Male
436,Sara Cochran,lweaver@example.com,Abu Dhabi,Corniche,2024-12-25,Regular,26,Male
437,Anthony Guzman,foxaaron@example.net,Dubai,Deira,2024-09-11,Regular,64,Female
438,Carlos Love,brian29@example.net,Sharjah,Muwaileh,2024-01-28,Premium,31,Male
439,Patricia Mathis,susan56@example.net,Sharjah,Al Nahda,2025-10-23,Premium,33,Female
440,Eric Taylor,jessicakim@example.net,Dubai,Marina,2025-05-26,Regular,51,Male
441,Marie Thompson,jeffrey92@example.com,Umm Al Quwain,Al Salamah,2024-05-15,Premium,54,Female
442,Michael Anderson,rushstacy@example.com,Dubai,Marina,2025-04-27,Regular,22,Male
443,Patricia Bradley,carriemccall@example.net,Dubai,Deira,2024-03-02,Regular,58,Female
444,Keith Zuniga,markmiller@example.com,Abu Dhabi,Corniche,2024-03-25,Regular,57,Male
445,Mrs. Stacey Davis,sean43@example.org,Dubai,Downtown,2024-03-21,VIP,27,Female
446,Hayley Buchanan,williamssamuel@example.com,Dubai,Deira,2024-11-13,Premium,33,Male
447,Stacey Snyder,ybell@example.org,Dubai,Jumeirah,2024-04-28,Regular,21,Female
448,Rachel Lane,franciscojones@example.org,Abu Dhabi,Khalifa City,2024-05-02,Premium,62,Male
449,Fernando Lynn,petersonpamela@example.org,Dubai,Downtown,2025-06-19,Premium,64,Female
450,Kimberly Villanueva,morgantricia@example.com,Dubai,Marina,2024-10-02,Premium,19,Female
451,Jessica Valdez,gmoore@example.com,Sharjah,Al Nahda,2025-06-20,Regular,54,Male
452,Colton Terry,donna43@example.org,Abu Dhabi,Mussafah,2024-02-26,Premium,28,Female
453,Kenneth Larsen,briansmith@example.org,Dubai,Deira,2025-08-10,Regular,50,Male
454,Matthew Greene,collinclark@example.net,Dubai,Deira,2024-09-07,Regular,42,Male
455,Bradley Anthony,kristen77@example.net,Dubai,Deira,2025-07-20,Regular,38,Male
456,Martin Hughes,nicole52@example.com,Dubai,Downtown,2024-10-04,Regular,25,Male
457,Jeremiah Baker,anne21@example.org,Dubai,Business Bay,2024-02-17,Regular,47,Female
458,Rhonda Gutierrez,angelarandall@example.net,Sharjah,Al Nahda,2024-12-01,Regular,18,Female
459,Joseph Camacho,parmstrong@example.com,Dubai,Business Bay,2024-11-07,Regular,41,Female
460,James Nash,shawrachel@example.net,Umm Al Quwain,Al Salamah,2025-07-13,Regular,44,Male
461,Lisa Martinez,kthompson@example.org,Dubai,Downtown,2025-10-13,VIP,18,Female
462,Beth Henderson,oharris@example.org,Ajman,Al Rashidiya,2024-04-16,Regular,33,Female
463,Deanna Bartlett,millerangela@example.net,Abu Dhabi,Al Reem Island,2024-05-25,Regular,32,Female
464,Donald Ellis,buchanancindy@example.net,Sharjah,Al Nahda,2025-04-14,Regular,50,Male
465,Ashley Hernandez,buckleyanna@example.org,Abu Dhabi,Corniche,2024-03-17,Regular,45,Male
466,Sharon Beard,pbaker@example.com,Dubai,Downtown,2024-11-18,Premium,65,Female
467,Kara Jackson,mthomas@example.net,Dubai,Downtown,2024-08-27,VIP,26,Male
468,Amanda Preston,hannah07@example.com,Dubai,Marina,2025-04-05,Regular,25,Female
469,Alicia Roth,larry71@example.org,Fujairah,Al Faseel,2025-04-07,Regular,25,Male
470,William Ramos,joseph69@example.net,Dubai,Downtown,2025-12-22,Regular,38,Male
471,Jeremy Mcintyre,wfigueroa@example.net,Dubai,Marina,2024-12-30,Regular,61,Female
472,Samantha Robertson,cameronmckinney@example.com,Dubai,Marina,2024-02-01,Premium,53,Male
473,Samuel Suarez,thompsonnancy@example.org,Dubai,Deira,2024-05-23,Regular,32,Male
474,Danielle Bryant,janet45@example.com,Dubai,Jumeirah,2025-01-16,VIP,23,Female
475,Madison Martinez,allentracy@example.com,Ras Al Khaimah,Al Nakheel,2024-01-23,Regular,59,Female
476,Seth Matthews,max41@example.com,Sharjah,Al Majaz,2024-12-05,Regular,47,Male
477,Anthony Nash,mercedesholland@example.net,Dubai,Business Bay,2025-03-19,Regular,42,Female
478,Matthew Palmer,wellsdavid@example.org,Dubai,Marina,2024-07-10,Regular,27,Male
479,Alejandra King,jennifer46@example.com,Abu Dhabi,Khalifa City,2025-10-24,Regular,53,Female
480,Judy Robinson,erica96@example.net,Dubai,Downtown,2025-01-27,Regular,59,Male
481,Jorge Bates,anna99@example.com,Abu Dhabi,Al Reem Island,2025-01-26,Regular,49,Female
482,Brian Brown,danielle44@example.net,Ras Al Khaimah,Al Hamra,2025-02-01,Regular,38,Male
483,Stephanie Evans,zacharyallen@example.org,Dubai,Downtown,2024-02-29,Regular,55,Male
484,Rebekah Greene,erin07@example.com,Umm Al Quwain,Al Salamah,2024-09-10,Regular,52,Male
485,Jason Price,aguilarwanda@example.org,Sharjah,Al Majaz,2025-08-12,Regular,29,Male
486,Micheal Parks,qknox@example.com,Dubai,Downtown,2025-12-15,VIP,19,Female
487,Sarah Pittman,kellyruiz@example.net,Fujairah,Al Faseel,2025-07-30,Premium,49,Female
488,Robert Hines,staceylam@example.net,Dubai,Deira,2024-04-02,Regular,32,Male
489,Henry Garner,robert55@example.com,Abu Dhabi,Al Reem Island,2024-12-05,Regular,26,Female
490,Julie Wilson,delacruzbrandy@example.net,Sharjah,Al Nahda,2024-03-01,Regular,63,Male
491,Steve Mason,amoreno@example.org,Sharjah,Muwaileh,2025-01-08,Regular,60,Female
492,Brittany Gay,robert97@example.org,Abu Dhabi,Mussafah,2024-11-05,Regular,28,Female
493,Mike Maxwell,lcook@example.com,Sharjah,Al Nahda,2025-10-26,Regular,53,Female
494,Abigail Hill,barbaramoore@example.org,Dubai,Business Bay,2024-06-28,Regular,62,Female
495,Jeffrey Jordan,ysanford@example.org,Dubai,Deira,2025-12-19,Regular,54,Male
496,Curtis Watson,mcclainkatherine@example.net,Dubai,Downtown,2025-09-18,Regular,24,Female
497,Michael Sims,jeremywiley@example.com,Dubai,Deira,2024-08-31,VIP,28,Male
498,James Chapman,cameronwilliams@example.com,Ajman,Al Rashidiya,2025-04-02,Regular,33,Male
499,Joseph Warren,ibarron@example.com,Dubai,Deira,2024-01-02,Regular,64,Female
500,Katherine Christensen MD,osmith@example.net,Fujairah,Sakamkam,2025-05-19,Regular,42,Male
501,Mrs. Alison Wagner,richardsondebra@example.org,Ajman,Al Nuaimiya,2024-06-15,Regular,20,Female
502,Martin Wise,wheelerbrandon@example.org,Dubai,Downtown,2024-04-17,Regular,42,Male
503,Alicia Norris,hwallace@example.net,Sharjah,Muwaileh,2024-04-05,Regular,57,Female
504,Michael Harris,turnerdorothy@example.net,Sharjah,Al Nahda,2025-10-31,Regular,45,Male
505,Lisa Haynes,grivas@example.net,Dubai,Downtown,2024-07-29,Regular,53,Female
506,Autumn Wilson,jimenezchelsea@example.com,Abu Dhabi,Mussafah,2024-08-31,Regular,54,Female
507,Valerie Howard,cphillips@example.net,Dubai,Downtown,2024-01-04,Regular,60,Female
508,Daniel Fitzpatrick MD,smithchristopher@example.org,Dubai,Deira,2024-07-30,Regular,23,Female
509,Maureen Hernandez,chancharles@example.net,Ajman,Al Rashidiya,2025-02-11,Regular,60,Female
510,David Hall,joseph01@example.org,Dubai,Business Bay,2025-01-31,Regular,42,Female
511,Sarah Ward,ronald11@example.org,Dubai,Deira,2024-09-26,Regular,32,Female
512,Charles Holland,michael79@example.com,Abu Dhabi,Khalifa City,2025-12-14,Regular,40,Female
513,Anna Briggs,danielross@example.com,Umm Al Quwain,Al Salamah,2025-07-20,Premium,51,Female
514,James Jefferson,zbanks@example.org,Fujairah,Sakamkam,2025-08-09,Regular,23,Female
515,Michael Brown,dalepruitt@example.com,Ras Al Khaimah,Al Nakheel,2025-05-29,VIP,54,Male
516,Meghan White,nmaxwell@example.org,Dubai,Jumeirah,2024-06-26,VIP,30,Male
517,Sheryl Acosta,timothyfreeman@example.com,Dubai,Deira,2025-11-30,Regular,58,Male
518,Arthur Pena,busherica@example.net,Ajman,Al Rashidiya,2024-11-23,Regular,53,Female
519,Krystal Levine,april91@example.com,Abu Dhabi,Mussafah,2025-06-16,VIP,18,Female
520,Danielle Reed,jhernandez@example.net,Dubai,Marina,2024-05-31,Regular,24,Male
521,Mason Moore,kchristian@example.org,Abu Dhabi,Al Reem Island,2024-10-19,Premium,44,Female
522,Erica Rivera,brent38@example.net,Dubai,Jumeirah,2025-08-08,Regular,29,Female
523,Robert Miller,csolis@example.org,Dubai,Business Bay,2025-09-15,Regular,39,Male
524,Jillian Wilson,bmcgee@example.org,Dubai,Jumeirah,2024-10-02,Regular,37,Female
525,Andrew Dunn,connersylvia@example.net,Dubai,Jumeirah,2025-12-13,VIP,32,Male
526,Jordan Clark,xclements@example.org,Dubai,Jumeirah,2024-11-24,Premium,56,Male
527,Sarah Rivera,xmoran@example.net,Dubai,Marina,2025-02-20,Premium,41,Male
528,Brent Hopkins,petersonmaria@example.com,Abu Dhabi,Khalifa City,2024-03-08,Premium,43,Male
529,Jacqueline Rodriguez,travisunderwood@example.net,Sharjah,Muwaileh,2025-08-05,Regular,30,Male
530,Ashley Carr,davidphelps@example.org,Dubai,Jumeirah,2024-02-21,Premium,35,Female
531,Richard Love,shermanbrandon@example.net,Ajman,Al Rashidiya,2025-10-12,Premium,33,Female
532,Leah Barton,lellis@example.net,Abu Dhabi,Corniche,2024-06-30,Regular,40,Female
533,Jonathan Moreno,tranryan@example.net,Dubai,Downtown,2025-12-06,Regular,42,Male
534,Mr. Thomas Thompson,jessicaanderson@example.com,Dubai,Business Bay,2024-08-07,Regular,61,Male
535,Lisa Morris,mbarnes@example.net,Dubai,Jumeirah,2025-06-09,Premium,61,Male
536,Denise Stuart,shawn22@example.com,Abu Dhabi,Khalifa City,2025-10-24,Regular,18,Male
537,Stacey Hunt,jennifer83@example.org,Dubai,Downtown,2025-12-30,Regular,42,Female
538,Miguel Parks,tinasantos@example.org,Abu Dhabi,Khalifa City,2025-04-22,Premium,57,Female
539,Melissa Morris,hodgesanna@example.net,Abu Dhabi,Al Reem Island,2025-06-07,Regular,56,Female
540,Mary Butler,natalie60@example.net,Dubai,Deira,2025-05-08,Regular,35,Female
541,James Brown,gonzalezkaren@example.org,Ajman,Al Rashidiya,2025-11-02,Regular,27,Male
542,Miss Brianna Brown,james80@example.com,Ras Al Khaimah,Al Hamra,2025-11-07,Premium,64,Male
543,Ashley Parrish,juliahoffman@example.org,Abu Dhabi,Mussafah,2024-09-22,Regular,65,Male
544,Rebecca Horton,housepaul@example.net,Abu Dhabi,Khalifa City,2024-12-17,Premium,58,Female
545,Juan Smith,james73@example.net,Ras Al Khaimah,Al Hamra,2025-06-03,Premium,60,Male
546,Maria Fischer,kimberlybrandt@example.com,Dubai,Jumeirah,2024-05-11,Premium,53,Male
547,William Jones,jillwilson@example.org,Fujairah,Sakamkam,2025-11-01,Regular,32,Female
548,Justin Anderson,adam72@example.org,Abu Dhabi,Mussafah,2025-01-15,Regular,47,Male
549,Frank Williams,tracy98@example.com,Abu Dhabi,Al Reem Island,2025-04-28,Regular,61,Female
550,Michael Fox,abigailhartman@example.org,Abu Dhabi,Corniche,2024-02-25,Regular,30,Female
551,Joshua Davis,nicolealvarado@example.com,Dubai,Business Bay,2025-04-13,Regular,63,Male
552,Daniel Goodwin,wbarajas@example.net,Sharjah,Al Nahda,2024-12-06,VIP,38,Male
553,Michael Griffin,susanfleming@example.com,Dubai,Downtown,2024-08-02,Regular,28,Female
554,Robert Wilson,amber40@example.net,Sharjah,Al Majaz,2024-05-12,Regular,45,Female
555,Jaime Lang,stucker@example.net,Abu Dhabi,Corniche,2025-01-27,Regular,30,Female
556,Jose Vaughan,teresaayala@example.net,Fujairah,Sakamkam,2025-06-27,Regular,18,Male
557,Austin Santiago,michellecoleman@example.org,Dubai,Downtown,2024-11-15,Regular,50,Female
558,Ronald Johns,elucas@example.net,Dubai,Deira,2024-11-01,Regular,51,Female
559,Allison Love,millerbrian@example.com,Abu Dhabi,Khalifa City,2024-12-16,Regular,30,Male
560,Laura Perez,rickey76@example.com,Fujairah,Sakamkam,2024-01-20,Regular,26,Male
561,James Wilson,maychristine@example.net,Sharjah,Muwaileh,2025-05-31,Regular,63,Male
562,Mercedes Jones,robertsgina@example.net,Dubai,Downtown,2025-07-01,Regular,21,Male
563,Preston Kim,bshort@example.com,Abu Dhabi,Al Reem Island,2024-02-19,Regular,42,Male
564,Daniel Francis,susan24@example.net,Abu Dhabi,Corniche,2025-12-19,Regular,61,Male
565,Traci Camacho,susan08@example.net,Dubai,Deira,2025-11-09,Regular,56,Male
566,Andrew Armstrong,fmedina@example.com,Dubai,Deira,2025-06-07,Regular,25,Male
567,Patrick Swanson,robertbrewer@example.net,Abu Dhabi,Khalifa City,2024-09-26,VIP,40,Female
568,Clinton Jensen,james29@example.org,Dubai,Deira,2025-07-15,VIP,62,Female
569,Tara Gamble,enewman@example.com,Dubai,Deira,2024-01-14,VIP,54,Female
570,Danielle Gonzalez,wlynn@example.org,Dubai,Deira,2025-06-07,Premium,24,Female
571,Cynthia Mitchell,mcculloughlouis@example.com,Abu Dhabi,Corniche,2024-10-30,Regular,24,Male
572,Matthew Steele,arianadiaz@example.com,Ajman,Al Rashidiya,2025-01-03,Regular,25,Male
573,Caroline Edwards,jenniferdavidson@example.com,Ajman,Al Nuaimiya,2024-01-10,Premium,28,Female
574,Brandy Quinn,wford@example.com,Dubai,Jumeirah,2025-09-28,Premium,23,Female
575,Mr. Matthew Miller,michele28@example.org,Sharjah,Al Majaz,2024-04-26,Regular,47,Female
576,Stephen Jones,mcclainmelissa@example.net,Ajman,Al Rashidiya,2025-03-07,Premium,28,Male
577,Kevin Sullivan,rebeccaarnold@example.net,Dubai,Deira,2024-06-12,Regular,55,Female
578,Kimberly Valdez,michaelwalker@example.net,Sharjah,Muwaileh,2025-03-24,Regular,40,Male
579,Donna Marshall,sanderswayne@example.net,Ajman,Al Nuaimiya,2025-05-09,Regular,44,Female
580,Victor Holden,katherinetaylor@example.org,Dubai,Downtown,2025-11-01,Regular,61,Male
581,Travis Hopkins,jillwebb@example.com,Umm Al Quwain,Al Salamah,2025-06-15,Premium,57,Male
582,Philip Hall,mike03@example.net,Abu Dhabi,Khalifa City,2025-05-08,Premium,59,Female
583,Heather Harrison,ckeith@example.net,Dubai,Business Bay,2025-09-19,Regular,28,Female
584,Michael Boyd,mary49@example.net,Ajman,Al Nuaimiya,2024-03-17,Regular,39,Female
585,Jamie Gray,blacknicholas@example.org,Dubai,Marina,2025-07-17,Regular,33,Male
586,Heather Parrish,msparks@example.org,Abu Dhabi,Corniche,2024-03-31,Regular,25,Female
587,Brenda Martin,robertsonjuan@example.org,Sharjah,Al Majaz,2024-04-15,Regular,53,Male
588,Jack Love,guerrerorobert@example.com,Ajman,Al Rashidiya,2025-06-04,Regular,60,Female
589,Karen Mendoza,brittanyholland@example.com,Fujairah,Sakamkam,2024-02-25,Premium,39,Female
590,Andrew Berry,dennishunt@example.net,Sharjah,Al Nahda,2025-04-08,Regular,60,Male
591,Christopher Nielsen,kgreene@example.net,Dubai,Downtown,2025-10-10,Regular,41,Male
592,Nathan Stanley,stacey37@example.net,Dubai,Marina,2025-05-19,Premium,65,Female
593,Sharon Jackson DVM,laurahoover@example.org,Dubai,Business Bay,2024-07-19,Regular,43,Male
594,Kayla Jackson,sandra99@example.org,Abu Dhabi,Khalifa City,2024-12-12,Premium,20,Male
595,James Rodriguez,alexandrablankenship@example.net,Sharjah,Al Nahda,2025-04-13,Regular,50,Male
596,Chase Davis,mvalenzuela@example.org,Fujairah,Al Faseel,2025-06-27,Regular,45,Female
597,Kim Goodwin,olsondavid@example.net,Ras Al Khaimah,Al Nakheel,2025-12-09,Regular,26,Male
598,April Pace,xboyd@example.org,Dubai,Business Bay,2025-09-12,Regular,42,Female
599,Jessica Mays,yclarke@example.com,Umm Al Quwain,Al Salamah,2024-10-07,VIP,36,Female
600,Natalie Juarez,colemanjonathan@example.org,Sharjah,Al Majaz,2025-02-26,Premium,65,Female
601,Angela George,ascott@example.net,Ajman,Al Rashidiya,2025-12-29,Regular,30,Male
602,Adrienne Mills,brooksjamie@example.com,Abu Dhabi,Mussafah,2025-12-04,VIP,26,Male
603,Brian Simmons,jose86@example.net,Abu Dhabi,Mussafah,2025-12-28,Premium,53,Female
604,Donald Becker,robertbowers@example.com,Abu Dhabi,Corniche,2025-11-21,Regular,45,Male
605,Justin Webb,becky62@example.net,Abu Dhabi,Al Reem Island,2025-01-25,Regular,21,Male
606,David Logan,craigromero@example.com,Dubai,Marina,2024-10-20,Regular,21,Female
607,Lisa Cohen,martintamara@example.org,Dubai,Business Bay,2024-02-03,Premium,24,Male
608,Samantha Ruiz,qdavis@example.org,Sharjah,Muwaileh,2025-02-02,Regular,62,Female
609,Lee Ramsey,hmendez@example.com,Abu Dhabi,Al Reem Island,2025-01-25,Regular,61,Female
610,Linda Bautista,daniellegonzales@example.org,Fujairah,Al Faseel,2024-01-14,Regular,46,Male
611,Tara Holmes,arthurgreene@example.net,Ras Al Khaimah,Al Hamra,2025-08-25,Premium,30,Male
612,Lisa Craig,john02@example.org,Dubai,Marina,2025-11-30,Regular,29,Male
613,Penny Gomez MD,aprilmclaughlin@example.org,Dubai,Jumeirah,2024-10-12,Regular,28,Female
614,Krista Barber,michael43@example.net,Dubai,Jumeirah,2025-12-27,Regular,38,Male
615,Jordan Powell,greenrichard@example.org,Sharjah,Muwaileh,2025-09-22,Regular,54,Female
616,Kathy Morgan,prattsue@example.net,Dubai,Downtown,2025-06-22,VIP,51,Male
617,Laura Benson,xhart@example.org,Sharjah,Al Majaz,2025-03-01,Regular,23,Female
618,Tonya Ellis,bmosley@example.com,Dubai,Marina,2025-11-10,Regular,36,Male
619,Austin Schultz,ericahall@example.com,Fujairah,Sakamkam,2025-07-28,Regular,60,Female
620,Harry Nichols,john16@example.net,Abu Dhabi,Khalifa City,2024-02-10,Regular,25,Female
621,Gloria Spencer,thomasgomez@example.net,Dubai,Downtown,2024-01-26,Premium,41,Female
622,Travis Vega,victorgonzalez@example.net,Abu Dhabi,Mussafah,2025-10-29,Regular,23,Male
623,Derek Perez,marykelly@example.org,Dubai,Business Bay,2025-06-30,Regular,31,Male
624,Blake Sosa,waustin@example.net,Ajman,Al Rashidiya,2024-04-16,Regular,62,Female
625,Sarah Watson,travis94@example.com,Abu Dhabi,Al Reem Island,2025-12-03,Regular,63,Female
626,Phillip Dixon,kwalker@example.org,Dubai,Deira,2024-02-25,Premium,53,Male
627,Robert Mendoza,shawphillip@example.net,Abu Dhabi,Khalifa City,2024-09-21,Regular,58,Female
628,Joyce Martinez,astewart@example.org,Abu Dhabi,Al Reem Island,2025-02-02,Regular,59,Male
629,Jamie Garcia,chloe42@example.net,Sharjah,Muwaileh,2024-02-16,Regular,50,Male
630,Derrick Mullen,michael76@example.org,Dubai,Downtown,2025-09-13,Regular,46,Female
631,Paul Diaz,lramirez@example.net,Dubai,Deira,2025-04-30,Regular,26,Female
632,Kenneth Perez,lelinda@example.net,Sharjah,Muwaileh,2024-10-29,Regular,61,Female
633,James Thomas,thomassmith@example.com,Fujairah,Al Faseel,2025-07-20,Regular,20,Male
634,Dr. Samuel Holmes DDS,jevans@example.net,Abu Dhabi,Corniche,2025-07-04,VIP,37,Male
635,Brett Martin,lisawoods@example.net,Sharjah,Muwaileh,2024-12-18,Regular,59,Male
636,Patrick Green,ann45@example.org,Dubai,Marina,2025-09-23,Regular,29,Male
637,Gregory Frazier,barbarasantos@example.net,Ajman,Al Rashidiya,2025-10-22,Regular,60,Male
638,Richard Kelly,champton@example.org,Dubai,Marina,2025-08-17,VIP,40,Male
639,Dustin Welch,mirandadavidson@example.com,Abu Dhabi,Khalifa City,2024-04-12,Regular,30,Female
640,Logan Sullivan,millermatthew@example.com,Abu Dhabi,Mussafah,2025-09-23,Premium,27,Female
641,Eddie Adams,cnelson@example.com,Sharjah,Al Nahda,2024-06-21,Regular,32,Female
642,Kelly Cole,ivanjohnson@example.net,Dubai,Downtown,2024-05-17,Premium,47,Female
643,David Manning,clarkrandy@example.org,Dubai,Downtown,2025-05-13,Regular,59,Male
644,Shawn Kelley,wisealexandria@example.org,Ajman,Al Nuaimiya,2025-07-05,Regular,58,Male
645,Luke Miller,pparker@example.net,Sharjah,Al Majaz,2025-06-03,Regular,55,Female
646,Mark Anderson,anthonyalvarado@example.com,Sharjah,Al Majaz,2024-02-07,Regular,52,Female
647,Julie Pitts,amy28@example.org,Abu Dhabi,Khalifa City,2025-01-09,Regular,55,Female
648,Joyce Curry,omills@example.net,Dubai,Business Bay,2025-06-06,Regular,50,Male
649,Gregory Fernandez,ramosmichael@example.com,Abu Dhabi,Khalifa City,2025-06-10,Regular,29,Male
650,Adam Mills,mauriceharrison@example.org,Sharjah,Al Nahda,2025-01-02,Regular,49,Male
651,Katherine Campos,albert64@example.net,Dubai,Downtown,2024-08-27,Premium,51,Female
652,Adam Brooks,bkhan@example.com,Dubai,Jumeirah,2024-02-17,VIP,38,Male
653,Miguel Brewer,fwalker@example.com,Sharjah,Muwaileh,2025-10-10,Premium,34,Male
654,Kellie Marsh,justin84@example.com,Dubai,Jumeirah,2025-01-09,Premium,22,Female
655,Barry Taylor,walshchristine@example.com,Dubai,Marina,2025-06-12,Regular,40,Female
656,Katherine Flores,brandonnichols@example.org,Sharjah,Muwaileh,2024-01-07,Premium,46,Male
657,Diane Martinez,oacosta@example.org,Dubai,Business Bay,2025-10-20,Regular,29,Male
658,Johnny Peterson,kristi75@example.com,Dubai,Deira,2025-11-07,Regular,39,Male
659,Amanda Miller,brianrowe@example.org,Abu Dhabi,Corniche,2025-05-05,Regular,59,Female
660,Catherine Huang,lisa01@example.net,Dubai,Deira,2024-05-10,Regular,26,Male
661,Ray Ramos,gonzalezjill@example.org,Ras Al Khaimah,Al Nakheel,2024-02-27,Regular,29,Female
662,Vickie Kennedy,sharon20@example.net,Abu Dhabi,Al Reem Island,2025-11-08,VIP,31,Female
663,Kelly King,james03@example.org,Abu Dhabi,Corniche,2025-05-08,Regular,44,Male
664,Jeffrey Smith,brenda63@example.org,Sharjah,Al Majaz,2025-09-30,Regular,64,Female
665,Lauren Vazquez,nathandavis@example.org,Ras Al Khaimah,Al Nakheel,2024-08-23,Regular,24,Male
666,Mr. George Booker DDS,browndeanna@example.net,Dubai,Business Bay,2025-12-01,Premium,56,Male
667,Ashley Freeman,tina57@example.net,Dubai,Business Bay,2025-09-06,Premium,52,Male
668,Michael Howard,johnwilliams@example.net,Dubai,Marina,2025-09-09,Premium,61,Female
669,Edward Terry,ashleystephens@example.com,Abu Dhabi,Mussafah,2024-02-14,Regular,48,Female
670,Denise Guerra,caseymoore@example.com,Dubai,Business Bay,2024-04-10,Regular,48,Male
671,Kimberly Gibson,bgross@example.net,Ras Al Khaimah,Al Nakheel,2024-10-17,Premium,44,Female
672,Patty Allen,barrettamber@example.com,Dubai,Deira,2025-08-14,Regular,18,Female
673,Michael Cannon,chloemorris@example.net,Abu Dhabi,Mussafah,2025-02-22,Regular,45,Female
674,Brent Hopkins,conleydavid@example.org,Dubai,Business Bay,2025-03-09,Regular,35,Female
675,John Garcia,hbarrett@example.net,Sharjah,Al Nahda,2025-07-19,Regular,41,Female
676,Dawn Diaz,smithsamantha@example.net,Dubai,Downtown,2025-08-14,Premium,43,Male
677,Steve Miller PhD,wardjulia@example.com,Ajman,Al Nuaimiya,2024-08-23,Premium,28,Male
678,Rebecca Brown,allison14@example.org,Dubai,Jumeirah,2024-12-12,Regular,61,Male
679,Toni Davis,amandalopez@example.net,Dubai,Deira,2024-04-03,Regular,56,Female
680,Laura Meza,xreese@example.net,Dubai,Downtown,2024-08-15,Regular,20,Female
681,Megan Park,kandrade@example.org,Fujairah,Sakamkam,2025-09-20,Regular,63,Male
682,Kathy Sandoval,umahoney@example.net,Fujairah,Al Faseel,2025-10-17,Regular,30,Female
683,Erika Watson PhD,umckenzie@example.net,Dubai,Business Bay,2025-06-06,Premium,57,Male
684,Joshua Brooks,michael77@example.com,Abu Dhabi,Mussafah,2024-09-01,Regular,28,Male
685,Andrew Mitchell,holmesvictoria@example.com,Umm Al Quwain,Al Salamah,2024-12-27,Regular,30,Male
686,William Lewis,andrew48@example.net,Sharjah,Al Majaz,2024-04-02,Regular,53,Female
687,Tammy Moore,stevenseric@example.com,Dubai,Downtown,2024-08-19,VIP,47,Female
688,Kevin Hall,christopher69@example.org,Abu Dhabi,Mussafah,2024-06-28,Regular,53,Male
689,Misty Mcguire,tracynolan@example.net,Abu Dhabi,Mussafah,2024-04-29,VIP,52,Female
690,Susan Larson,benjamin96@example.org,Abu Dhabi,Corniche,2025-07-30,Premium,39,Female
691,Tammy Cook,hbutler@example.org,Abu Dhabi,Al Reem Island,2025-05-08,Regular,42,Male
692,Sarah Mcfarland,hbrown@example.org,Abu Dhabi,Khalifa City,2024-11-19,VIP,51,Male
693,Karl Murphy,ericnunez@example.com,Sharjah,Al Nahda,2024-09-11,Regular,61,Female
694,Nicole Johnston,walkerkeith@example.com,Dubai,Marina,2025-05-02,Regular,54,Female
695,George Alvarez,kelleyjose@example.com,Dubai,Marina,2025-05-25,Regular,33,Female
696,Patricia Anderson,timothygonzalez@example.com,Dubai,Marina,2024-09-12,Regular,24,Male
697,Christina Gilbert,johnadams@example.com,Ras Al Khaimah,Al Hamra,2025-09-20,Premium,52,Male
698,Thomas Davis,whenderson@example.org,Ajman,Al Rashidiya,2025-09-27,Regular,54,Female
699,Kirk Johnson,gary59@example.com,Abu Dhabi,Mussafah,2025-02-11,Premium,26,Male
700,Jessica Glass,jamesbrooks@example.net,Abu Dhabi,Corniche,2025-05-04,Regular,40,Female
701,Ashley Brown,mistywilkins@example.org,Ajman,Al Nuaimiya,2025-04-13,Premium,47,Female
702,Robert Torres,njohnson@example.net,Abu Dhabi,Al Reem Island,2025-11-21,Regular,24,Female
703,Christina Mills,ana92@example.net,Dubai,Downtown,2024-07-10,Regular,35,Female
704,Alicia Aguilar,scottbrian@example.org,Fujairah,Sakamkam,2025-01-09,Regular,31,Female
705,Lisa Brown,jonesdonna@example.net,Sharjah,Al Nahda,2025-01-08,Regular,29,Male
706,Mary Lin,carternicole@example.com,Umm Al Quwain,Al Salamah,2024-04-12,Premium,53,Female
707,James Bray,mckeetodd@example.net,Ajman,Al Nuaimiya,2024-05-29,Regular,18,Male
708,Charlotte Mason,tcastro@example.org,Abu Dhabi,Khalifa City,2025-10-07,Regular,38,Female
709,Thomas Torres,klong@example.org,Dubai,Business Bay,2025-08-04,Regular,62,Male
710,Harold Garrett,wendyirwin@example.com,Dubai,Downtown,2025-05-02,Regular,65,Female
711,Lori Johns,raymondstacy@example.org,Dubai,Downtown,2025-07-27,VIP,34,Female
712,Steven Sandoval,blairabigail@example.net,Dubai,Deira,2024-12-25,Regular,54,Male
713,Lori Perez,ashleysimmons@example.com,Umm Al Quwain,Al Salamah,2024-12-29,Premium,49,Female
714,Erin Daniels,denisecarpenter@example.net,Ras Al Khaimah,Al Hamra,2025-09-20,Regular,27,Male
715,Shari Parker,russellstout@example.org,Abu Dhabi,Mussafah,2025-03-07,Regular,43,Male
716,Krystal Moore,grantstacy@example.org,Dubai,Downtown,2024-08-21,Regular,36,Female
717,Ryan Thomas,cannonnicole@example.com,Abu Dhabi,Corniche,2024-10-04,Premium,41,Female
718,Elizabeth Reese,edwin31@example.org,Dubai,Marina,2024-01-24,Premium,60,Female
719,Phillip Salazar,catherine93@example.net,Fujairah,Al Faseel,2024-08-03,Regular,24,Male
720,Michael Howard,manderson@example.com,Fujairah,Sakamkam,2025-07-15,Regular,43,Male
721,Jacqueline Christian,kwells@example.org,Dubai,Business Bay,2024-06-08,Premium,42,Female
722,Jason Novak,stephanie33@example.org,Dubai,Downtown,2025-03-29,Regular,51,Male
723,Timothy Duke,dwatts@example.org,Dubai,Downtown,2024-11-29,Regular,52,Female
724,Ricardo Franklin,zcortez@example.net,Abu Dhabi,Khalifa City,2025-12-15,Regular,56,Female
725,Laura Herrera,meyershannon@example.org,Abu Dhabi,Corniche,2025-06-20,Regular,37,Female
726,Danielle Medina,grantzachary@example.net,Abu Dhabi,Khalifa City,2024-04-01,Regular,44,Female
727,Cheryl Gonzales,kim47@example.org,Dubai,Deira,2024-01-01,Premium,26,Female
728,Louis Brown,stevenlucas@example.org,Dubai,Business Bay,2024-01-09,VIP,48,Female
729,Ashley Osborne,phillipmorris@example.org,Dubai,Jumeirah,2024-10-26,Regular,18,Female
730,Kevin Marquez,nicoledavis@example.com,Dubai,Business Bay,2025-03-23,Regular,63,Female
731,Susan Hogan,davisjasmin@example.net,Ajman,Al Nuaimiya,2024-09-26,Regular,33,Female
732,Joseph Cruz,nicholasjames@example.org,Dubai,Business Bay,2024-10-02,Regular,22,Male
733,Krystal Keller,fernandothomas@example.net,Dubai,Deira,2025-10-14,Regular,35,Female
734,Eric Cross,lroberts@example.org,Dubai,Deira,2024-06-04,VIP,19,Male
735,Toni Smith,alexander77@example.net,Umm Al Quwain,Al Salamah,2024-10-02,Premium,64,Male
736,Lisa Snyder,briannaalvarez@example.com,Dubai,Marina,2024-01-16,Regular,44,Female
737,Kyle Smith,christine83@example.org,Sharjah,Al Nahda,2025-01-15,Premium,20,Female
738,Anthony Bailey,melissaestrada@example.net,Dubai,Marina,2024-02-27,Premium,22,Female
739,Thomas Williams,kchaney@example.net,Dubai,Downtown,2025-01-25,Regular,63,Male
740,Matthew Graves,tammycurry@example.com,Dubai,Jumeirah,2024-09-10,Regular,65,Male
741,Anna Evans,priscilla16@example.net,Abu Dhabi,Khalifa City,2025-04-29,Premium,37,Female
742,John Martinez,mark68@example.org,Dubai,Deira,2025-07-16,Regular,48,Female
743,Lisa Rodriguez,webbhaley@example.net,Dubai,Deira,2025-11-13,VIP,33,Female
744,Lee Stewart,sara99@example.com,Dubai,Marina,2024-10-09,Regular,33,Male
745,Lynn Vasquez,nicolehall@example.com,Fujairah,Sakamkam,2025-12-05,Regular,23,Male
746,April Johnson,mclaughlinjared@example.net,Dubai,Deira,2025-12-03,Regular,58,Male
747,Mrs. Felicia Castro DDS,davidsonhannah@example.com,Dubai,Marina,2025-12-19,Premium,26,Female
748,Elizabeth Hunter,katie15@example.com,Dubai,Business Bay,2025-10-22,Premium,46,Male
749,Keith Choi,jamesbass@example.net,Dubai,Jumeirah,2025-01-01,Regular,20,Female
750,John Johnson,timothyburton@example.net,Sharjah,Muwaileh,2024-10-28,Premium,30,Male
751,Julia Olsen,conleykevin@example.net,Abu Dhabi,Mussafah,2025-04-24,Premium,56,Male
752,Kristen Smith,lauren51@example.org,Dubai,Marina,2025-04-05,Premium,52,Female
753,Andre Terrell,ashleyprice@example.net,Abu Dhabi,Corniche,2024-07-08,Regular,41,Male
754,Richard Parker,jennifer46@example.org,Dubai,Deira,2025-11-05,Premium,30,Female
755,David Hayes DVM,aliciathompson@example.com,Sharjah,Al Majaz,2025-09-19,Regular,59,Female
756,Paula Gentry,zhunter@example.com,Dubai,Business Bay,2025-11-05,Regular,26,Male
757,Brittany Peterson,hoconnor@example.com,Ajman,Al Nuaimiya,2024-04-19,Regular,20,Female
758,Briana Wiggins,jamiejohnson@example.com,Abu Dhabi,Mussafah,2024-02-20,Regular,63,Male
759,Kelly Smith,mcdanielbrooke@example.org,Dubai,Marina,2025-11-02,VIP,23,Female
760,Stephen Garcia,andrew43@example.com,Sharjah,Al Majaz,2025-01-04,Premium,44,Female
761,Dustin Patel,rlambert@example.org,Sharjah,Al Majaz,2025-09-23,Regular,64,Male
762,Brian Mullen,clarkmichael@example.com,Ajman,Al Nuaimiya,2024-08-09,Regular,64,Male
763,Tony Brock,georgecollins@example.com,Abu Dhabi,Khalifa City,2024-07-16,Premium,54,Male
764,Amber Johnson,rodriguezbrian@example.com,Abu Dhabi,Corniche,2024-04-18,Regular,61,Female
765,Michael Vance,tjensen@example.com,Sharjah,Al Nahda,2024-04-16,Premium,53,Female
766,Michelle Lambert,beltrankatelyn@example.com,Abu Dhabi,Khalifa City,2025-06-30,Regular,40,Female
767,Anna Lang,tdavis@example.net,Abu Dhabi,Mussafah,2025-01-15,Premium,45,Female
768,Pamela Ruiz,douglashuang@example.com,Abu Dhabi,Khalifa City,2025-01-19,VIP,34,Female
769,Jenna Lyons,kristina57@example.com,Fujairah,Sakamkam,2025-02-10,Premium,36,Male
770,John Bell,ssingleton@example.com,Abu Dhabi,Mussafah,2024-01-07,VIP,31,Female
771,Bethany Garcia,nguyendebra@example.com,Dubai,Downtown,2025-07-20,Regular,54,Male
772,Jennifer Gutierrez,amydickson@example.com,Dubai,Jumeirah,2024-12-30,Regular,41,Male
773,Daniel Benson,bmueller@example.net,Dubai,Downtown,2024-04-04,Regular,31,Male
774,Kimberly Young,stevensonjennifer@example.com,Sharjah,Al Nahda,2024-06-26,Premium,62,Male
775,Kyle Nguyen,shortgregory@example.com,Abu Dhabi,Mussafah,2024-02-08,Regular,21,Female
776,Brian Cervantes,pmurphy@example.net,Dubai,Jumeirah,2025-03-02,Premium,32,Male
777,Daniel Taylor,shermandonna@example.com,Abu Dhabi,Corniche,2024-02-25,Regular,38,Male
778,Jean Lane,jamierich@example.com,Dubai,Marina,2024-06-05,Premium,43,Female
779,Susan Torres,wrobbins@example.org,Sharjah,Muwaileh,2025-05-31,Regular,36,Female
780,Lisa Dixon,melissabrown@example.net,Dubai,Downtown,2024-03-25,Regular,21,Female
781,April Castro,daniel40@example.org,Dubai,Jumeirah,2025-05-28,Premium,26,Male
782,Kevin Garrett,bsullivan@example.net,Abu Dhabi,Khalifa City,2025-05-14,Premium,30,Male
783,Christopher Taylor,xbridges@example.com,Dubai,Downtown,2025-03-16,Premium,54,Male
784,Zachary Santiago,alexanderwong@example.org,Dubai,Jumeirah,2025-03-09,Regular,38,Female
785,Katelyn Kim,christophermay@example.com,Abu Dhabi,Al Reem Island,2024-11-08,VIP,57,Female
786,Stephanie Dominguez,dhanson@example.net,Abu Dhabi,Corniche,2024-02-15,Regular,41,Male
787,Robert Cruz,jacobjacobs@example.net,Sharjah,Al Majaz,2024-04-25,Regular,57,Male
788,Dr. Michael Adams DVM,arthur09@example.com,Ajman,Al Rashidiya,2024-01-15,Premium,25,Female
789,Ashley Olson,thomasjessica@example.com,Abu Dhabi,Al Reem Island,2024-12-05,Premium,31,Male
790,Blake Wu,sanchezcrystal@example.net,Abu Dhabi,Mussafah,2025-07-15,Regular,27,Male
791,Angela Schultz,chloe58@example.org,Dubai,Business Bay,2024-02-14,Regular,36,Male
792,Jose Harrison,robert44@example.org,Sharjah,Muwaileh,2024-10-04,Regular,18,Male
793,Thomas Curry,bryan79@example.org,Dubai,Downtown,2025-11-09,Premium,19,Female
794,Mary Carter,mitchellchristopher@example.net,Ajman,Al Rashidiya,2024-08-24,Regular,63,Male
795,Richard King,joshua40@example.net,Ras Al Khaimah,Al Hamra,2025-09-03,Regular,30,Female
796,Christopher Vargas,donnawood@example.org,Abu Dhabi,Al Reem Island,2024-02-10,VIP,37,Female
797,Michael Washington,cooperchristopher@example.org,Abu Dhabi,Khalifa City,2024-01-19,Premium,40,Female
798,Samantha Monroe,ptownsend@example.net,Dubai,Business Bay,2024-10-09,Regular,42,Male
799,Mark Clark,brian41@example.org,Fujairah,Sakamkam,2024-08-18,Regular,43,Male
800,James Turner,noahthornton@example.com,Dubai,Jumeirah,2025-06-17,Premium,61,Male
801,Joseph Graham,sara76@example.net,Dubai,Business Bay,2024-06-05,VIP,56,Female
802,Joseph Blanchard,hardindana@example.com,Abu Dhabi,Khalifa City,2024-07-30,Regular,52,Male
803,Marissa Nelson,joseph14@example.net,Ajman,Al Rashidiya,2025-12-06,VIP,45,Male
804,Julia Leonard,jessicachapman@example.org,Abu Dhabi,Khalifa City,2024-11-21,Regular,64,Male
805,Megan Kaiser,amy01@example.org,Dubai,Marina,2024-01-31,Premium,44,Female
806,Joseph Jennings,jeffrey44@example.org,Dubai,Downtown,2024-06-04,Regular,29,Male
807,Manuel Brown,stephanielittle@example.net,Sharjah,Muwaileh,2025-09-23,Regular,57,Male
808,Angelica Jacobs,pdouglas@example.net,Abu Dhabi,Khalifa City,2025-12-04,Regular,62,Female
809,Cathy Rodriguez,jonowens@example.org,Dubai,Business Bay,2025-04-25,Regular,42,Female
810,Tammy Hill,qschwartz@example.com,Abu Dhabi,Khalifa City,2024-07-16,Regular,18,Female
811,Richard Ramirez,reyesmarvin@example.org,Fujairah,Al Faseel,2025-11-18,Premium,22,Male
812,Robert Thompson,vasquezsarah@example.net,Ras Al Khaimah,Al Hamra,2025-09-23,Premium,47,Male
813,Matthew Rodriguez,probinson@example.org,Abu Dhabi,Al Reem Island,2025-09-14,Premium,43,Male
814,Michelle Garcia,jonesjessica@example.com,Abu Dhabi,Corniche,2025-04-12,Premium,33,Female
815,Jonathan Delgado,fitzpatrickelizabeth@example.com,Umm Al Quwain,Al Salamah,2025-07-25,Regular,58,Male
816,Gary Myers,robertsonshelby@example.com,Dubai,Jumeirah,2025-02-11,Premium,36,Female
817,Jared Luna,fernandezaaron@example.net,Dubai,Downtown,2025-09-19,Premium,27,Female
818,Karen Bradley,mathew46@example.org,Ajman,Al Rashidiya,2024-04-02,Regular,55,Male
819,Tina Davis,christopher74@example.net,Dubai,Downtown,2025-04-06,Regular,55,Male
820,Julian Ponce,kentprice@example.org,Ras Al Khaimah,Al Nakheel,2024-09-13,Premium,63,Male
821,Heather Miller,imoss@example.org,Sharjah,Al Majaz,2024-04-03,Premium,58,Female
822,Nathan Watkins,yprice@example.net,Dubai,Jumeirah,2025-06-07,VIP,42,Female
823,Kathryn Hanna,blevy@example.org,Dubai,Marina,2024-12-09,Premium,27,Male
824,George Le,zwilson@example.net,Ajman,Al Nuaimiya,2025-12-30,Regular,37,Female
825,Judy Gregory,joycehall@example.org,Dubai,Marina,2024-04-30,VIP,18,Female
826,Charles Valdez,nmeadows@example.org,Dubai,Jumeirah,2025-05-25,Premium,56,Female
827,Matthew Smith,conwaylori@example.org,Dubai,Business Bay,2025-11-06,Regular,46,Male
828,Christopher Garza,wilsonbrooke@example.net,Abu Dhabi,Al Reem Island,2024-09-07,Regular,58,Male
829,Robert Simmons,rnguyen@example.net,Dubai,Marina,2024-02-26,Regular,27,Male
830,Erica Oconnell,kathrynwatkins@example.com,Abu Dhabi,Mussafah,2024-12-05,Regular,44,Male
831,Donald Todd,heathertran@example.com,Dubai,Downtown,2025-09-17,Regular,53,Male
832,Kevin Anderson,bstrickland@example.com,Fujairah,Sakamkam,2024-02-06,Premium,38,Female
833,Adam Howe,robert72@example.org,Ras Al Khaimah,Al Nakheel,2025-03-13,Regular,48,Male
834,Devin Cole,sharonbishop@example.org,Dubai,Downtown,2024-12-03,Regular,31,Male
835,Michelle Salazar,burtonkimberly@example.com,Abu Dhabi,Al Reem Island,2025-08-08,Regular,23,Female
836,Justin Lee,montgomerymichelle@example.net,Sharjah,Muwaileh,2025-12-24,Regular,38,Female
837,Julie Sims,joshualee@example.org,Abu Dhabi,Mussafah,2024-05-12,Regular,51,Female
838,Tracy Wells,ernestlivingston@example.org,Abu Dhabi,Khalifa City,2025-09-16,Premium,30,Male
839,Dominique Hamilton,christina70@example.org,Dubai,Jumeirah,2025-10-02,Premium,31,Female
840,Tammy Thompson,washingtondarren@example.org,Dubai,Downtown,2024-12-24,Premium,31,Male
841,Leslie Nguyen,julievillanueva@example.org,Abu Dhabi,Mussafah,2024-09-17,Regular,50,Female
842,Erika Garcia,ykane@example.org,Sharjah,Al Majaz,2025-12-03,Regular,64,Male
843,Kevin Brown,nthomas@example.com,Ajman,Al Nuaimiya,2024-12-04,VIP,48,Female
844,James Ellis,crystalcantrell@example.org,Sharjah,Muwaileh,2024-05-19,Regular,47,Female
845,Andrew Carroll,derek77@example.com,Abu Dhabi,Corniche,2024-02-27,Regular,64,Female
846,Greg Tanner,kristinelittle@example.net,Abu Dhabi,Al Reem Island,2024-08-01,Premium,40,Male
847,Laura Tran,christophervincent@example.com,Fujairah,Sakamkam,2024-02-01,VIP,58,Male
848,Cindy Wells,uramirez@example.com,Abu Dhabi,Corniche,2024-07-10,Regular,37,Female
849,Danielle Murphy,patriciavargas@example.org,Sharjah,Al Nahda,2025-02-27,Regular,33,Female
850,Stephanie Butler,williamsthomas@example.net,Abu Dhabi,Mussafah,2024-08-09,Regular,25,Female
851,Joseph Mendoza,chavezjohn@example.net,Sharjah,Al Majaz,2024-04-04,Regular,48,Male
852,Melissa Russell,davidphillips@example.net,Dubai,Jumeirah,2025-06-20,Premium,27,Male
853,Mrs. Maureen Martin DDS,braysteven@example.org,Ajman,Al Nuaimiya,2024-07-29,Regular,63,Male
854,Jennifer Clarke,courtney01@example.com,Dubai,Deira,2025-12-04,Premium,39,Female
855,Faith Johnson,smullins@example.net,Ras Al Khaimah,Al Nakheel,2025-06-17,Premium,19,Female
856,Rebecca French,olivermatthew@example.org,Abu Dhabi,Khalifa City,2024-11-24,Regular,35,Female
857,Susan Cox,rodriguezmichael@example.net,Sharjah,Muwaileh,2024-04-30,Regular,35,Male
858,Jacob Wong,castrokim@example.org,Dubai,Business Bay,2025-07-27,Regular,52,Female
859,Mrs. Ashley Mendoza,karenhodges@example.com,Abu Dhabi,Mussafah,2024-05-24,Regular,28,Male
860,Derek Frazier,brian55@example.com,Dubai,Downtown,2025-07-07,Regular,19,Female
861,Mr. Bryan Mckinney,shannon51@example.org,Ras Al Khaimah,Al Nakheel,2024-04-18,Regular,45,Female
862,Judith Miller,keithfrye@example.org,Dubai,Business Bay,2025-08-29,Premium,62,Female
863,Brian Hernandez,nancymeyer@example.net,Abu Dhabi,Mussafah,2024-12-06,Premium,60,Male
864,Jason Fleming,thomasfisher@example.net,Umm Al Quwain,Al Salamah,2025-08-04,Regular,62,Female
865,Dorothy Brown,marystone@example.com,Dubai,Downtown,2025-12-01,Premium,47,Female
866,Grant Lucas,todd88@example.com,Dubai,Marina,2024-05-27,Regular,41,Female
867,Keith Villanueva,george43@example.com,Dubai,Downtown,2024-11-28,Regular,22,Female
868,Dwayne Bruce,michaelbryant@example.org,Dubai,Jumeirah,2025-04-17,Regular,40,Male
869,Caitlyn Nichols,teresafranco@example.net,Abu Dhabi,Corniche,2024-04-19,Regular,22,Female
870,Rebecca Martin,williamsleslie@example.org,Abu Dhabi,Corniche,2025-08-27,Regular,33,Male
871,Jacob Harris,wadetiffany@example.org,Umm Al Quwain,Al Salamah,2024-03-08,Regular,62,Female
872,Joshua Martin,david06@example.com,Sharjah,Al Nahda,2025-08-03,Regular,33,Male
873,Theresa Reilly,adamrodgers@example.net,Abu Dhabi,Al Reem Island,2025-12-29,Premium,25,Female
874,Michael Wells,tara92@example.net,Dubai,Deira,2025-03-31,Regular,43,Male
875,Tammy Morgan,dennisrachel@example.org,Abu Dhabi,Corniche,2024-12-01,Regular,21,Male
876,Audrey Johnson,seandavis@example.org,Dubai,Marina,2025-08-17,Premium,27,Male
877,Christie Fox,james18@example.com,Abu Dhabi,Mussafah,2025-02-03,Regular,30,Male
878,Tina Daugherty,ulee@example.net,Abu Dhabi,Mussafah,2024-11-02,Premium,61,Female
879,Terri Kerr,raymond65@example.com,Ras Al Khaimah,Al Hamra,2024-12-18,Regular,57,Female
880,Dustin Bell,fsawyer@example.org,Ajman,Al Rashidiya,2024-03-04,VIP,21,Male
881,Jill Riddle,achandler@example.org,Sharjah,Al Nahda,2024-04-22,Premium,33,Female
882,Linda Thomas,thomas85@example.org,Sharjah,Al Nahda,2025-10-02,Premium,43,Female
883,Leslie Bennett,ortizrobin@example.com,Abu Dhabi,Khalifa City,2025-11-09,Regular,30,Female
884,Joel Bradley,jamescollier@example.com,Ajman,Al Rashidiya,2025-03-03,Regular,60,Male
885,Amanda Mckenzie,troy73@example.org,Dubai,Deira,2025-10-25,Regular,49,Female
886,Brittany Evans,qmartinez@example.com,Umm Al Quwain,Al Salamah,2024-03-27,Regular,44,Female
887,John Watts,anthonyhubbard@example.com,Ras Al Khaimah,Al Hamra,2025-09-30,Regular,45,Female
888,Andrea Reese DDS,ooneill@example.net,Dubai,Marina,2024-07-09,Regular,54,Female
889,Michael Wilson,brucefrancisco@example.org,Ajman,Al Nuaimiya,2025-12-30,Regular,52,Female
890,Joel Steele,frank45@example.com,Dubai,Deira,2025-08-04,Premium,25,Female
891,Tina Williams,alyssa18@example.org,Fujairah,Al Faseel,2024-05-25,VIP,35,Female
892,Catherine Davis,amybrennan@example.net,Abu Dhabi,Al Reem Island,2024-09-08,Regular,60,Male
893,Denise Wolfe,cody95@example.org,Abu Dhabi,Mussafah,2025-09-19,VIP,52,Male
894,Joseph Watson,kjenkins@example.org,Abu Dhabi,Corniche,2025-08-10,Regular,36,Female
895,Jonathan Decker,butlersabrina@example.org,Dubai,Business Bay,2024-11-07,Regular,58,Female
896,Tammy Mendoza,hannah27@example.net,Abu Dhabi,Al Reem Island,2025-11-03,Premium,57,Male
897,Tracy Jackson,anthony13@example.org,Dubai,Deira,2024-05-09,Regular,35,Female
898,Brenda Perez,jasonzavala@example.com,Dubai,Downtown,2024-10-08,Regular,25,Male
899,Rachel Jones,ctodd@example.org,Ras Al Khaimah,Al Nakheel,2025-11-05,Regular,29,Female
900,Ricky Palmer,harrisonrebekah@example.org,Sharjah,Al Majaz,2025-05-11,Premium,20,Female
901,Michael Webster,morajamie@example.org,Umm Al Quwain,Al Salamah,2025-09-01,Premium,44,Female
902,Gregory Davis,stacy55@example.org,Dubai,Jumeirah,2025-10-14,Regular,64,Female
903,Phyllis Austin,garciabelinda@example.org,Dubai,Downtown,2024-04-28,Regular,43,Female
904,Michelle Brandt,rachelmedina@example.net,Dubai,Business Bay,2024-08-27,Premium,42,Female
905,Daniel Gordon,lrichardson@example.org,Dubai,Business Bay,2025-03-21,Regular,46,Female
906,Tyler White,tina63@example.net,Abu Dhabi,Al Reem Island,2024-04-09,Regular,45,Female
907,Brian Rollins,owensapril@example.com,Dubai,Downtown,2024-04-10,Premium,43,Female
908,Michele Hawkins,millertristan@example.com,Sharjah,Muwaileh,2024-09-04,Premium,51,Female
909,Kyle Collins,aperez@example.com,Abu Dhabi,Khalifa City,2024-11-16,Regular,18,Male
910,Mrs. Shannon Jacobson,xcrosby@example.org,Dubai,Deira,2025-06-21,Premium,40,Male
911,Michael Powers,qkim@example.net,Sharjah,Al Nahda,2024-07-16,Regular,23,Male
912,Charles Morales,figueroapatricia@example.org,Fujairah,Al Faseel,2025-09-05,Regular,25,Male
913,William Morgan,bmartinez@example.net,Ajman,Al Nuaimiya,2025-01-19,Premium,59,Male
914,Dr. Ralph Wheeler DDS,qkelly@example.net,Ras Al Khaimah,Al Nakheel,2024-09-16,Regular,22,Female
915,Victoria Dixon,katrinarodriguez@example.com,Ras Al Khaimah,Al Hamra,2025-03-13,Regular,22,Female
916,David Dunlap Jr.,greertyrone@example.org,Sharjah,Al Nahda,2025-02-01,VIP,34,Female
917,Janet Shelton,kevinhanson@example.org,Dubai,Deira,2025-05-18,Regular,29,Female
918,Kelly Vasquez,qharris@example.com,Dubai,Business Bay,2025-03-17,Regular,24,Female
919,Dennis Cooper PhD,cisnerosanthony@example.com,Sharjah,Al Majaz,2024-02-05,Regular,64,Female
920,Barbara Cole,cramos@example.org,Sharjah,Al Majaz,2025-05-24,Premium,18,Male
921,Matthew Chan,travistaylor@example.net,Abu Dhabi,Mussafah,2024-06-04,VIP,54,Male
922,Phillip Carroll,rkeller@example.net,Abu Dhabi,Corniche,2025-05-04,Regular,64,Male
923,Karen Dickerson,myerstroy@example.com,Abu Dhabi,Al Reem Island,2025-01-28,Regular,52,Female
924,Heather Levine,bryan90@example.org,Dubai,Downtown,2025-02-14,Regular,59,Male
925,Hannah Harmon,hubbardcolleen@example.com,Dubai,Downtown,2024-03-23,Premium,36,Male
926,Gregory Howard,brian33@example.org,Dubai,Deira,2025-01-28,Regular,42,Male
927,Leslie Lozano,meltondanny@example.org,Abu Dhabi,Mussafah,2025-05-13,Premium,46,Male
928,Gabriel Murray,abradley@example.com,Dubai,Marina,2024-01-26,Regular,42,Male
929,John Johnson,nicholas65@example.net,Sharjah,Muwaileh,2024-11-11,Regular,46,Male
930,John Vazquez,matthewshaw@example.net,Dubai,Deira,2024-12-11,Regular,31,Female
931,Lucas Cox,karlwilliams@example.net,Fujairah,Al Faseel,2025-08-16,VIP,20,Male
932,Darrell Newton,robbinsbelinda@example.net,Abu Dhabi,Al Reem Island,2025-04-27,Regular,62,Male
933,Austin Solis,wsimmons@example.org,Dubai,Deira,2024-11-10,Regular,28,Male
934,Elizabeth Brock,ualvarado@example.org,Sharjah,Al Majaz,2024-04-26,Regular,57,Male
935,David Robertson,nicoleburton@example.net,Dubai,Marina,2025-03-12,Premium,65,Female
936,Laura Lewis,oadams@example.net,Dubai,Business Bay,2025-07-12,Regular,31,Male
937,Sarah Meadows,boydmichael@example.org,Abu Dhabi,Mussafah,2024-03-05,Regular,44,Male
938,Paul Cannon,ejenkins@example.net,Abu Dhabi,Khalifa City,2025-03-25,VIP,20,Male
939,Jason Colon,jonathanburke@example.com,Dubai,Business Bay,2025-01-20,Regular,49,Male
940,Chris Johnson,steven86@example.com,Dubai,Marina,2024-04-01,Regular,36,Female
941,Amanda Moore,anthonyclarke@example.com,Abu Dhabi,Corniche,2025-12-09,Regular,58,Female
942,Casey Phelps,dcasey@example.org,Abu Dhabi,Corniche,2024-09-01,Regular,20,Male
943,Edward Brown,qmosley@example.net,Sharjah,Muwaileh,2024-03-31,Premium,37,Female
944,Jennifer Larsen,joelduncan@example.net,Dubai,Business Bay,2024-08-29,Regular,51,Male
945,Kelly Calderon,tyler13@example.net,Abu Dhabi,Khalifa City,2025-04-20,Premium,35,Male
946,Robert Murphy,vshaffer@example.org,Dubai,Marina,2025-12-02,Regular,28,Male
947,Claudia Rodriguez,taragonzales@example.com,Dubai,Downtown,2024-10-18,Regular,39,Female
948,Amy Ferguson,stewartrodney@example.net,Dubai,Deira,2025-07-04,Regular,19,Female
949,Donald Mueller,michaelbaldwin@example.com,Abu Dhabi,Al Reem Island,2024-08-28,Regular,38,Female
950,Walter Obrien,vazquezkristina@example.org,Dubai,Downtown,2024-08-23,Regular,24,Male
951,James Fowler,rebecca18@example.org,Sharjah,Al Majaz,2025-01-19,Regular,55,Female
952,Jasmine Browning,qpennington@example.com,Dubai,Jumeirah,2024-05-28,VIP,47,Male
953,Rodney Young,michelemartin@example.com,Dubai,Marina,2025-04-13,Regular,35,Male
954,Sherry Wang,rmccormick@example.org,Dubai,Deira,2025-12-09,Regular,26,Male
955,Teresa Ruiz,vhouse@example.net,Ajman,Al Rashidiya,2025-03-04,Premium,32,Female
956,Thomas Garcia,hollyhunter@example.com,Abu Dhabi,Khalifa City,2025-08-14,Premium,23,Female
957,Nicholas Kelley,shawn00@example.net,Ajman,Al Rashidiya,2024-08-09,Regular,47,Female
958,Lorraine Gibbs,aarongonzalez@example.com,Dubai,Jumeirah,2024-09-09,Regular,55,Male
959,Bradley Moore,melaniejennings@example.com,Ras Al Khaimah,Al Nakheel,2025-08-10,Regular,20,Male
960,Shane Anderson,graceserrano@example.com,Umm Al Quwain,Al Salamah,2025-03-11,Regular,62,Male
961,Jason White,kduffy@example.org,Abu Dhabi,Khalifa City,2024-03-26,Premium,62,Female
962,Alexander Hansen,rebeccamccann@example.org,Fujairah,Al Faseel,2025-01-02,Regular,23,Male
963,Samuel Williams,jburke@example.org,Abu Dhabi,Mussafah,2024-06-14,Premium,65,Male
964,Carolyn Bradley,higginsryan@example.com,Umm Al Quwain,Al Salamah,2024-05-21,Regular,41,Female
965,Kathleen Walker,jamesatkins@example.com,Sharjah,Al Majaz,2025-10-04,Regular,62,Female
966,Johnny Anderson,carolcarney@example.com,Abu Dhabi,Mussafah,2025-03-12,Premium,57,Male
967,Chelsey White,anthonycherry@example.org,Sharjah,Al Majaz,2025-09-27,Premium,21,Female
968,Susan Wood,emiller@example.org,Ras Al Khaimah,Al Nakheel,2025-01-27,Regular,20,Female
969,Valerie Sanders,jennifererickson@example.net,Dubai,Business Bay,2025-12-22,Regular,31,Male
970,Angel Hawkins,cookjimmy@example.com,Umm Al Quwain,Al Salamah,2025-07-06,Regular,65,Male
971,Teresa Coffey DDS,smithwilliam@example.com,Sharjah,Al Majaz,2024-11-24,Premium,50,Female
972,James Wood,carpenterjorge@example.net,Dubai,Deira,2025-01-16,Regular,50,Male
973,Gerald Mcdonald Jr.,hthomas@example.com,Abu Dhabi,Mussafah,2025-04-07,Regular,61,Male
974,Carl Savage,julie64@example.com,Dubai,Jumeirah,2024-03-30,Regular,29,Female
975,Pam Baker,ryan25@example.net,Fujairah,Al Faseel,2024-04-21,Regular,62,Male
976,Pamela Hernandez DVM,jbrown@example.org,Abu Dhabi,Khalifa City,2025-06-17,Regular,44,Male
977,Andrew Green,fgraham@example.org,Abu Dhabi,Corniche,2025-03-30,Regular,30,Male
978,William Hoffman,uvasquez@example.org,Dubai,Marina,2025-06-16,Regular,55,Female
979,Brandon Oneill,marybrady@example.com,Abu Dhabi,Mussafah,2025-05-12,Premium,51,Female
980,Mary Lewis,foxashley@example.com,Abu Dhabi,Khalifa City,2024-11-09,Premium,32,Female
981,Danielle Jimenez,clayanthony@example.net,Dubai,Downtown,2024-02-18,Regular,47,Male
982,Mrs. Jacqueline Hickman,hooderic@example.org,Abu Dhabi,Khalifa City,2025-12-29,Regular,29,Male
983,Michael Castillo,brooke05@example.org,Dubai,Deira,2024-02-12,Regular,46,Female
984,Tiffany Nguyen,jasonwilliams@example.net,Dubai,Marina,2025-07-29,Premium,40,Male
985,Robert Manning,tammyglenn@example.org,Dubai,Business Bay,2024-06-15,Regular,19,Female
986,Daniel Price,wmitchell@example.net,Fujairah,Al Faseel,2025-04-14,Regular,65,Female
987,Edwin Owen,rebecca92@example.com,Abu Dhabi,Mussafah,2025-04-30,VIP,54,Male
988,Sandra Hunt,ygriffin@example.com,Sharjah,Muwaileh,2025-03-28,Premium,64,Female
989,Kyle Davis,nshepherd@example.org,Ras Al Khaimah,Al Nakheel,2025-11-25,Regular,19,Female
990,Jeffery Williams,teresa32@example.com,Abu Dhabi,Khalifa City,2025-04-01,Regular,21,Male
991,Maria Miller,zkim@example.com,Abu Dhabi,Khalifa City,2024-10-11,Regular,52,Female
992,William Sutton,mckenzie86@example.com,Abu Dhabi,Al Reem Island,2025-06-08,Regular,38,Male
993,Kristen Lowery,dixonrobert@example.com,Ras Al Khaimah,Al Hamra,2025-02-11,Premium,45,Female
994,Laura King,brenda80@example.org,Dubai,Deira,2024-10-18,Regular,46,Male
995,Julie Hartman,awilliams@example.net,Dubai,Jumeirah,2025-03-01,Regular,64,Female
996,Kevin Gibson,qhanson@example.com,Sharjah,Al Nahda,2024-05-22,Regular,27,Male
997,Shelby Lopez,christianhendrix@example.com,Dubai,Business Bay,2024-12-09,VIP,55,Female
998,Ashley Ferguson,fosteralexander@example.net,Dubai,Jumeirah,2025-10-16,Regular,53,Female
999,Michael Melton,nturner@example.com,Sharjah,Al Majaz,2024-07-23,Premium,36,Female
1000,Tracey Leonard,christopher20@example.org,Dubai,Downtown,2025-08-22,Regular,65,Female
1001,Alan Waller,clarkdeborah@example.net,Dubai,Deira,2024-06-06,Regular,58,Female
1002,Ryan Garrison,christophercarrillo@example.org,Dubai,Downtown,2025-03-03,Regular,62,Male
1003,Alex Martin,joannewallace@example.com,Dubai,Downtown,2025-05-19,Regular,41,Female
1004,Scott Richards,kennethgallegos@example.com,Abu Dhabi,Mussafah,2025-10-05,VIP,25,Female
1005,Adam Mccoy,fpetty@example.net,Abu Dhabi,Al Reem Island,2024-09-22,Regular,27,Female
1006,Monique Duarte,freemantodd@example.net,Abu Dhabi,Khalifa City,2024-12-31,Regular,41,Female
1007,Taylor Stein,dhall@example.net,Abu Dhabi,Mussafah,2024-02-19,Regular,58,Male
1008,Kenneth Tran,patricia67@example.org,Abu Dhabi,Khalifa City,2024-04-06,Premium,52,Female
1009,Todd Reed DDS,martinjessica@example.com,Ajman,Al Rashidiya,2024-10-04,Regular,55,Female
1010,David Robinson,sandra72@example.com,Ajman,Al Nuaimiya,2024-05-20,Regular,49,Female
1011,Jeanette Butler,laura29@example.org,Dubai,Marina,2024-04-14,Regular,32,Male
1012,Paul Estrada,glenmoore@example.com,Sharjah,Muwaileh,2025-09-20,Premium,63,Male
1013,Jason Chaney,jimmy80@example.org,Dubai,Deira,2024-04-29,VIP,48,Female
1014,Dean Rhodes,mariakline@example.org,Dubai,Downtown,2024-05-22,Premium,56,Female
1015,Gail Wilson,davidwalker@example.com,Dubai,Downtown,2024-01-30,Regular,62,Male
1016,Rachel Hammond PhD,paula89@example.net,Abu Dhabi,Mussafah,2024-05-08,Regular,23,Female
1017,Anthony Shah,westes@example.org,Abu Dhabi,Al Reem Island,2024-03-20,Premium,45,Male
1018,Rachael Lynch,colonbobby@example.org,Dubai,Deira,2025-11-06,Regular,48,Male
1019,Bruce Harris,eric47@example.net,Ras Al Khaimah,Al Nakheel,2024-03-08,Premium,24,Male
1020,Dr. Christian Cox PhD,allisonscott@example.com,Ras Al Khaimah,Al Nakheel,2025-08-24,Regular,40,Male
1021,Adriana Davenport,gpeterson@example.org,Dubai,Downtown,2025-08-16,Regular,50,Male
1022,Jaime Fischer,crystal32@example.net,Abu Dhabi,Al Reem Island,2024-04-11,Premium,51,Male
1023,Darren Pham,dhardin@example.net,Sharjah,Al Nahda,2024-06-24,Regular,64,Male
1024,Heidi Johnson,kaylarobbins@example.net,Ras Al Khaimah,Al Hamra,2025-01-10,Regular,61,Male
1025,Angela Edwards,ryanlong@example.org,Dubai,Downtown,2025-01-23,Regular,32,Female
1026,Margaret Orr,levinetina@example.net,Dubai,Downtown,2024-05-06,Regular,26,Female
1027,Valerie Barnes,jennifer55@example.org,Sharjah,Muwaileh,2024-10-22,Premium,23,Female
1028,Stephanie Bishop,isabellagriffin@example.org,Abu Dhabi,Corniche,2024-10-17,Regular,37,Female
1029,Lori Montgomery,zterry@example.net,Dubai,Jumeirah,2024-10-24,Regular,22,Female
1030,Craig Turner,medinapeter@example.net,Fujairah,Sakamkam,2024-07-02,VIP,49,Male
1031,Beth Braun,jason88@example.com,Dubai,Business Bay,2025-11-05,Regular,43,Female
1032,Nicole Moore,zamoraamber@example.com,Abu Dhabi,Al Reem Island,2024-06-21,Regular,30,Female
1033,Raymond Barber,dennismckenzie@example.com,Dubai,Jumeirah,2024-05-05,Premium,64,Female
1034,Heather Williams,westashley@example.org,Dubai,Business Bay,2025-08-30,Premium,59,Female
1035,William Trujillo,michaelmitchell@example.net,Dubai,Business Bay,2025-02-18,Regular,27,Female
1036,Brenda Gray,danielblack@example.org,Dubai,Downtown,2025-05-16,Regular,26,Male
1037,Heather Garcia,fpoole@example.org,Dubai,Deira,2024-03-10,Premium,29,Female
1038,Stephen Alvarez,rmiller@example.net,Abu Dhabi,Mussafah,2024-06-05,Regular,24,Male
1039,Justin Maxwell,breanna67@example.net,Abu Dhabi,Corniche,2025-04-22,Regular,49,Female
1040,Katherine Mcpherson,drewmartinez@example.net,Abu Dhabi,Mussafah,2025-07-07,Regular,20,Female
1041,Walter Palmer,bensonstanley@example.org,Ras Al Khaimah,Al Nakheel,2025-01-27,Regular,42,Female
1042,Terry Wood,guzmanricky@example.org,Abu Dhabi,Al Reem Island,2024-06-30,Premium,37,Male
1043,Dylan Mills,watsonvickie@example.com,Abu Dhabi,Khalifa City,2024-11-15,Regular,25,Female
1044,Alfred Thomas,twilliams@example.com,Abu Dhabi,Corniche,2025-05-02,Premium,50,Male
1045,Robert Burns,kelleycarlos@example.org,Dubai,Jumeirah,2025-08-28,Regular,40,Female
1046,Kenneth Knight,kimberly79@example.org,Dubai,Deira,2025-08-27,Regular,41,Female
1047,Kathy Murray,jcontreras@example.net,Sharjah,Muwaileh,2024-01-28,Regular,24,Female
1048,Robert Beck,zhughes@example.com,Dubai,Downtown,2025-02-25,Regular,33,Male
1049,Tina Wu,debbie20@example.net,Dubai,Downtown,2025-08-29,VIP,22,Female
1050,Patricia Parker,schneiderchristopher@example.net,Dubai,Marina,2024-01-21,Regular,47,Female
1051,Nina Bernard,karenshaw@example.org,Abu Dhabi,Corniche,2024-09-30,Premium,55,Male
1052,Timothy White,hilljamie@example.net,Umm Al Quwain,Al Salamah,2025-08-07,Regular,24,Female
1053,Lauren Miller,richard07@example.org,Dubai,Marina,2024-12-10,Regular,60,Female
1054,Christopher Johnson,patrick11@example.org,Dubai,Downtown,2025-01-07,Regular,58,Male
1055,Dominique White,moorestephanie@example.net,Ajman,Al Nuaimiya,2024-10-21,Regular,54,Female
1056,Lucas Nguyen,reeveskenneth@example.org,Sharjah,Muwaileh,2024-04-04,Regular,39,Female
1057,Jason Nguyen,hdavid@example.org,Dubai,Business Bay,2025-05-01,Regular,22,Female
1058,Paul Willis,gromero@example.com,Abu Dhabi,Mussafah,2025-03-19,Regular,44,Female
1059,Debra Flores,bjones@example.com,Dubai,Business Bay,2025-04-09,Regular,19,Male
1060,Susan Smith,sanchezangela@example.org,Abu Dhabi,Khalifa City,2025-11-07,Regular,58,Female
1061,Jason Miller,kristathomas@example.net,Fujairah,Al Faseel,2025-06-18,Regular,27,Male
1062,Dr. Kimberly Henderson,dwilliams@example.net,Dubai,Downtown,2025-03-21,Regular,22,Male
1063,William Smith,qnelson@example.net,Ajman,Al Rashidiya,2024-10-20,Regular,61,Male
1064,Gregory Chen,brandon89@example.org,Dubai,Deira,2024-06-02,Regular,37,Female
1065,James Martinez,jessicalutz@example.com,Abu Dhabi,Corniche,2025-03-08,VIP,30,Male
1066,Jonathan Pham,cynthia74@example.org,Dubai,Deira,2024-09-21,Premium,29,Male
1067,Erica Clark,allen20@example.net,Fujairah,Sakamkam,2024-01-21,Premium,23,Female
1068,Steven Chambers,speters@example.net,Abu Dhabi,Al Reem Island,2025-02-20,Premium,23,Female
1069,James Miller PhD,ryanpatricia@example.net,Fujairah,Al Faseel,2024-08-29,Regular,50,Male
1070,Caleb Stanton,wcarey@example.com,Abu Dhabi,Mussafah,2025-05-23,Regular,25,Female
1071,Randy Terry,martinezmitchell@example.org,Dubai,Business Bay,2025-02-03,VIP,31,Male
1072,Daniel Smith,erin53@example.org,Dubai,Marina,2024-10-08,Regular,55,Male
1073,Lori Stokes,jimsnyder@example.com,Abu Dhabi,Mussafah,2025-12-17,Regular,45,Female
1074,Johnathan Padilla,adrianjoyce@example.net,Abu Dhabi,Mussafah,2024-05-28,Regular,41,Female
1075,Sergio Carroll,mjackson@example.net,Dubai,Business Bay,2024-02-05,Premium,60,Male
1076,Megan Morrison,cameronanderson@example.org,Dubai,Jumeirah,2024-11-12,VIP,41,Male
1077,Timothy Foley,james08@example.net,Abu Dhabi,Khalifa City,2025-03-29,Regular,43,Female
1078,Justin Gibson,pdavidson@example.org,Dubai,Marina,2024-10-31,Premium,28,Female
1079,Erica Richard,rhill@example.net,Abu Dhabi,Corniche,2024-02-04,Premium,49,Female
1080,Isaiah Blake,brandonhull@example.net,Sharjah,Al Nahda,2025-03-08,Premium,62,Female
1081,Aaron Lee,beardlindsey@example.net,Abu Dhabi,Mussafah,2025-03-06,Premium,53,Female
1082,Michael Rosario,jamesmurphy@example.org,Abu Dhabi,Al Reem Island,2024-02-23,Regular,58,Female
1083,Anne Castillo,watkinsconnie@example.com,Sharjah,Al Majaz,2024-01-04,Regular,37,Female
1084,Danielle Wells,marissa58@example.org,Abu Dhabi,Al Reem Island,2024-06-10,Regular,59,Male
1085,Patricia Harvey,garrettbeth@example.org,Ajman,Al Rashidiya,2024-11-23,Regular,65,Male
1086,Sydney Bennett,pattonbryan@example.com,Dubai,Business Bay,2024-12-01,Regular,44,Female
1087,Leslie Reynolds,byrdanita@example.com,Dubai,Jumeirah,2025-08-07,Regular,19,Male
1088,Jennifer Williamson,mhall@example.net,Ras Al Khaimah,Al Hamra,2024-07-22,Premium,28,Male
1089,Jody Marshall,nhobbs@example.org,Dubai,Jumeirah,2025-09-06,Regular,41,Male
1090,Timothy Logan,lholmes@example.org,Fujairah,Al Faseel,2024-01-15,Regular,47,Female
1091,Adam Reeves,rebeccamartinez@example.net,Dubai,Marina,2024-07-14,Regular,49,Female
1092,Jason Hardy,ilopez@example.org,Dubai,Marina,2025-09-06,VIP,36,Male
1093,Eric Graham,larry82@example.org,Dubai,Jumeirah,2024-05-29,Regular,34,Male
1094,Larry Carter,holmesdiane@example.org,Abu Dhabi,Khalifa City,2025-01-13,Premium,47,Male
1095,Jonathon Conley,hendersonjames@example.org,Dubai,Marina,2024-11-27,Premium,63,Female
1096,Christina Jones,elizabethneal@example.com,Sharjah,Muwaileh,2025-09-03,Regular,53,Male
1097,Erin Lane,christina65@example.org,Dubai,Marina,2025-04-27,VIP,60,Male
1098,Shawn Lozano,arobinson@example.net,Dubai,Business Bay,2025-09-26,Regular,43,Female
1099,David Hanson,timothytate@example.com,Dubai,Business Bay,2024-02-12,Regular,28,Female
1100,Jamie Ross,coxcharles@example.org,Fujairah,Sakamkam,2024-05-15,Regular,51,Female
1101,Brenda Alexander,bradley03@example.org,Dubai,Deira,2024-11-16,VIP,49,Female
1102,Daniel Green,matthewspencer@example.org,Sharjah,Al Nahda,2024-10-16,Regular,34,Female
1103,Christopher Green,smitherica@example.com,Abu Dhabi,Khalifa City,2024-11-19,Premium,27,Female
1104,Stacey Morgan,kevinallen@example.com,Dubai,Marina,2024-02-25,Regular,48,Female
1105,Teresa Rowland,ejohns@example.org,Dubai,Jumeirah,2025-03-22,VIP,49,Male
1106,Thomas Norton,amandabenson@example.com,Abu Dhabi,Corniche,2025-04-13,Regular,64,Male
1107,Vanessa Sanchez,hinesbrenda@example.net,Dubai,Deira,2024-07-27,Regular,28,Female
1108,Charles Wright,monique89@example.com,Abu Dhabi,Khalifa City,2025-08-20,Regular,54,Male
1109,Brad Ruiz,jacksonpaul@example.net,Dubai,Deira,2024-09-09,Premium,39,Male
1110,Jacqueline Stone,marcbrooks@example.net,Dubai,Deira,2025-02-07,Regular,24,Female
1111,Dr. John Perkins,clarkpatricia@example.com,Dubai,Deira,2025-04-16,Regular,35,Male
1112,Jennifer Torres,xduncan@example.com,Dubai,Deira,2025-11-02,VIP,38,Male
1113,Brandy Miller,ostone@example.net,Dubai,Deira,2025-10-21,Regular,21,Male
1114,Jose Rogers,amcdonald@example.com,Abu Dhabi,Corniche,2024-04-04,Regular,33,Female
1115,Emily Reyes,scottbaker@example.org,Dubai,Marina,2024-06-15,Premium,36,Male
1116,Bradley Kirby,hartmansara@example.org,Dubai,Jumeirah,2025-03-18,VIP,56,Male
1117,Isaac Payne,james54@example.com,Dubai,Deira,2025-01-11,Regular,46,Female
1118,Patricia Bruce,janicebolton@example.net,Abu Dhabi,Corniche,2024-04-02,Premium,57,Male
1119,Susan Smith,juan56@example.com,Abu Dhabi,Corniche,2024-04-05,Regular,47,Male
1120,Norma Smith,michelleperez@example.net,Abu Dhabi,Khalifa City,2025-05-22,Regular,51,Male
1121,Kara Black,dsharp@example.com,Dubai,Jumeirah,2024-03-22,Regular,26,Female
1122,Emily Lopez,cclark@example.net,Ajman,Al Rashidiya,2024-10-29,Regular,22,Male
1123,Charles Russo,sherry07@example.net,Abu Dhabi,Corniche,2025-02-26,Regular,64,Female
1124,Gina Barnes,sfarmer@example.net,Dubai,Business Bay,2024-03-24,Regular,65,Female
1125,Kevin Bradley,weekseric@example.com,Dubai,Marina,2025-02-06,Regular,63,Female
1126,Rebecca Mcintyre,nbaird@example.com,Dubai,Jumeirah,2025-11-17,Regular,34,Female
1127,James Wells,ashley74@example.org,Fujairah,Al Faseel,2024-08-04,Regular,56,Female
1128,Michael Thompson,ocampbell@example.com,Ajman,Al Nuaimiya,2025-03-20,Regular,43,Male
1129,Andrea Brown,jacksonmichele@example.com,Dubai,Jumeirah,2025-04-16,Premium,65,Female
1130,William Anderson,emendoza@example.com,Dubai,Business Bay,2025-01-04,Premium,23,Male
1131,Sharon Anderson,kylemeyers@example.net,Dubai,Marina,2024-04-24,Premium,30,Male
1132,Larry Crosby,waynecohen@example.com,Dubai,Marina,2025-10-27,Regular,58,Male
1133,William Griffin,pjacobs@example.net,Dubai,Jumeirah,2024-05-31,Regular,25,Male
1134,Keith Henry,vjohnston@example.org,Ras Al Khaimah,Al Hamra,2025-05-11,Regular,46,Male
1135,Stanley Bryant,peter26@example.org,Dubai,Business Bay,2025-02-05,Regular,24,Female
1136,Luke Reynolds,lbartlett@example.net,Umm Al Quwain,Al Salamah,2025-08-15,Premium,36,Male
1137,Jennifer Bautista,nicolemoore@example.net,Abu Dhabi,Corniche,2025-06-09,Premium,61,Female
1138,Mary Jones,reginajenkins@example.net,Dubai,Deira,2025-06-24,Regular,38,Male
1139,Jacob Campos,robert24@example.org,Dubai,Jumeirah,2025-04-29,Regular,59,Female
1140,Julia Jones,vjames@example.com,Abu Dhabi,Corniche,2024-01-22,Regular,30,Female
1141,Jennifer Smith,fletcherderek@example.net,Dubai,Marina,2025-06-03,Regular,61,Female
1142,Kari Jones,jenniferkim@example.com,Ras Al Khaimah,Al Hamra,2024-05-14,Premium,42,Female
1143,Sarah Jackson,lawsongregory@example.org,Ajman,Al Rashidiya,2025-04-28,Regular,36,Male
1144,Jeanne Jones,byrderic@example.com,Abu Dhabi,Khalifa City,2024-06-26,Regular,49,Male
1145,Miguel Stafford,scottwilliams@example.net,Sharjah,Al Nahda,2024-11-06,Regular,21,Male
1146,Margaret Moran,myerskyle@example.org,Dubai,Downtown,2024-12-31,Regular,50,Male
1147,Amber Bennett,sarahbrooks@example.org,Sharjah,Al Nahda,2025-03-16,Regular,25,Male
1148,Alan Johnson,rogersjames@example.net,Abu Dhabi,Mussafah,2024-12-29,Premium,53,Female
1149,Tyler Davis,jenniferwilliams@example.net,Ras Al Khaimah,Al Nakheel,2025-12-24,VIP,46,Female
1150,Gabriel Hart,colleenvilla@example.com,Fujairah,Al Faseel,2024-04-18,Regular,24,Male
1151,Barbara Lewis,marcus06@example.net,Abu Dhabi,Khalifa City,2025-10-07,Premium,41,Male
1152,James Ellis,barrettjoshua@example.net,Sharjah,Muwaileh,2025-03-28,Regular,24,Male
1153,Austin Robinson,katrina71@example.net,Abu Dhabi,Mussafah,2024-05-21,Premium,46,Female
1154,Wanda Jefferson,johnathandavis@example.com,Sharjah,Al Majaz,2024-09-08,Regular,50,Male
1155,Miss Megan Compton,martinreid@example.net,Dubai,Downtown,2025-02-28,Regular,33,Male
1156,Samuel Olson,andres97@example.com,Sharjah,Muwaileh,2025-03-07,Regular,45,Female
1157,Natalie Gordon,hallchristina@example.org,Ras Al Khaimah,Al Hamra,2025-06-12,VIP,46,Male
1158,Oscar Todd,brownnicholas@example.com,Sharjah,Muwaileh,2025-06-13,Regular,38,Female
1159,James May,sandrageorge@example.com,Umm Al Quwain,Al Salamah,2025-03-20,Regular,20,Male
1160,Erin Ramirez,meyertiffany@example.net,Ras Al Khaimah,Al Nakheel,2025-10-08,VIP,44,Female
1161,Nicole Perez,matthew38@example.org,Ras Al Khaimah,Al Hamra,2024-11-17,Regular,35,Male
1162,Mary Wright,cathyjames@example.com,Sharjah,Al Nahda,2025-10-21,Premium,57,Female
1163,Mark Brown,mjones@example.org,Abu Dhabi,Corniche,2024-07-21,Regular,52,Female
1164,Brenda Harris,thompsonana@example.org,Dubai,Marina,2025-06-16,Regular,23,Female
1165,Blake Hardy,frank33@example.com,Abu Dhabi,Khalifa City,2024-01-24,Premium,52,Female
1166,David Mitchell,mfaulkner@example.com,Dubai,Downtown,2025-03-08,Regular,21,Female
1167,Karen Tapia,raymond27@example.com,Dubai,Business Bay,2024-12-28,Regular,59,Male
1168,Leon Hamilton,lorileon@example.org,Abu Dhabi,Al Reem Island,2025-04-09,VIP,65,Male
1169,Jessica Miller,brooke28@example.net,Dubai,Downtown,2025-11-13,Premium,63,Female
1170,James Torres,nicholas97@example.org,Abu Dhabi,Khalifa City,2024-04-17,Regular,30,Female
1171,Miguel Gonzalez,adamhensley@example.net,Abu Dhabi,Khalifa City,2025-12-29,Premium,23,Male
1172,Katherine Frost,xwaller@example.com,Dubai,Marina,2025-05-02,Regular,41,Female
1173,Martin Chapman MD,riddledavid@example.net,Abu Dhabi,Corniche,2024-09-27,Regular,45,Female
1174,Phillip Krueger,william75@example.net,Abu Dhabi,Corniche,2025-03-02,Regular,26,Female
1175,James Coleman,johnjohnson@example.com,Sharjah,Al Majaz,2025-12-22,Premium,25,Male
1176,Megan Terry,josegibson@example.net,Abu Dhabi,Al Reem Island,2024-06-09,Regular,25,Female
1177,David Lane,alexanderwise@example.net,Dubai,Downtown,2025-08-08,Regular,27,Male
1178,Janice Mccarthy,stonejacob@example.com,Dubai,Downtown,2024-11-06,Regular,27,Male
1179,Jeffery Holt,uwillis@example.com,Sharjah,Al Nahda,2024-02-19,Premium,31,Male
1180,Tammy Booth,fieldskimberly@example.com,Sharjah,Al Nahda,2024-01-03,Regular,22,Male
1181,Debra Clark,ahale@example.org,Dubai,Business Bay,2024-11-13,Regular,39,Female
1182,April Jones,pwarren@example.com,Abu Dhabi,Khalifa City,2024-05-21,Regular,46,Female
1183,Carolyn Brooks,jameswhite@example.org,Dubai,Downtown,2024-04-01,Premium,44,Female
1184,Robert Lopez,bradylisa@example.org,Dubai,Jumeirah,2024-12-13,Regular,60,Female
1185,Steven Ortiz,oneillgabriel@example.com,Sharjah,Muwaileh,2024-03-31,Premium,54,Female
1186,Caleb Brown,richardstimothy@example.net,Abu Dhabi,Al Reem Island,2025-10-21,Regular,57,Male
1187,Alexandra Adams,ortegakristina@example.org,Fujairah,Al Faseel,2025-05-02,Premium,25,Male
1188,Joseph Smith,sarah75@example.net,Fujairah,Sakamkam,2024-07-29,Premium,55,Female
1189,Jacob Wu,lisa56@example.com,Dubai,Business Bay,2025-09-13,Regular,20,Female
1190,Vanessa Marks,smithmonica@example.com,Ajman,Al Nuaimiya,2024-12-14,Regular,19,Female
1191,Stacy Taylor,meltonjoshua@example.net,Dubai,Deira,2024-04-27,Regular,36,Male
1192,Danielle Hayes,qrobertson@example.org,Dubai,Deira,2024-06-06,VIP,61,Male
1193,Mark Mcmahon,allen50@example.net,Dubai,Downtown,2024-07-04,Premium,37,Female
1194,Jeremy Lawson,ystevenson@example.org,Dubai,Marina,2025-02-26,Regular,25,Male
1195,Todd David,shatfield@example.org,Dubai,Business Bay,2025-08-23,Regular,50,Female
1196,Elizabeth Lee,mollywalter@example.net,Fujairah,Sakamkam,2024-03-03,Regular,44,Male
1197,Bethany Robles,marisa87@example.org,Abu Dhabi,Corniche,2025-10-10,VIP,19,Female
1198,Tina Olson,johnjackson@example.net,Abu Dhabi,Al Reem Island,2024-09-09,Premium,26,Female
1199,Ashley Holder,martinsarah@example.com,Abu Dhabi,Corniche,2024-03-26,Regular,27,Female
1200,Connie Scott,qlynn@example.org,Abu Dhabi,Khalifa City,2024-09-08,VIP,53,Female
1201,Tammy Schultz,sdavis@example.com,Dubai,Jumeirah,2025-09-27,Premium,28,Male
1202,Tara Miranda,schneidernicholas@example.net,Dubai,Jumeirah,2024-10-06,Regular,61,Female
1203,Molly Valdez,ostokes@example.com,Umm Al Quwain,Al Salamah,2025-08-22,Regular,28,Male
1204,Brandon Davis,juliewilson@example.com,Dubai,Jumeirah,2025-12-16,Premium,64,Female
1205,Erik James,collinsbrittany@example.org,Ajman,Al Nuaimiya,2025-09-17,VIP,38,Female
1206,Veronica Flores,lauren28@example.net,Abu Dhabi,Corniche,2024-10-06,Premium,38,Female
1207,Courtney Foster,sstewart@example.org,Dubai,Business Bay,2024-12-02,VIP,26,Male
1208,Mr. Kyle Thomas DDS,georgekyle@example.net,Abu Dhabi,Al Reem Island,2024-01-10,Regular,62,Female
1209,Zachary Mccarthy,nwelch@example.com,Sharjah,Muwaileh,2024-03-24,Premium,52,Male
1210,Vincent Brown,eric33@example.net,Ras Al Khaimah,Al Hamra,2025-11-19,Regular,42,Female
1211,Tammy Parsons,tluna@example.net,Dubai,Deira,2024-05-07,Regular,30,Female
1212,Caitlin Smith,rrogers@example.com,Dubai,Deira,2024-10-14,Regular,57,Female
1213,Norma Myers DDS,justin38@example.com,Sharjah,Al Majaz,2024-08-27,VIP,20,Female
1214,Frank Moody,hornjenna@example.com,Abu Dhabi,Khalifa City,2024-01-08,VIP,58,Female
1215,Laura Ramos,jcarter@example.org,Dubai,Downtown,2025-08-05,Regular,53,Male
1216,Paul Moss,coxmelissa@example.org,Abu Dhabi,Khalifa City,2024-03-07,Regular,22,Male
1217,Virginia Hernandez,kshelton@example.org,Dubai,Business Bay,2024-08-21,Premium,35,Male
1218,William White,wilsonzachary@example.com,Ajman,Al Nuaimiya,2025-12-10,Regular,61,Female
1219,Tracy Sims,hsanchez@example.org,Dubai,Jumeirah,2025-10-18,Regular,38,Female
1220,Eric Carlson,denisebennett@example.net,Ajman,Al Rashidiya,2024-10-07,Premium,47,Female
1221,Megan Davis DDS,phill@example.com,Dubai,Deira,2024-08-17,Regular,44,Female
1222,Bryan Miller,gmay@example.org,Dubai,Jumeirah,2024-07-18,Regular,54,Male
1223,Kenneth Armstrong,heather19@example.org,Umm Al Quwain,Al Salamah,2025-12-07,VIP,33,Male
1224,Zachary Park,ashley15@example.org,Dubai,Downtown,2024-03-05,Regular,19,Female
1225,Shannon Medina,bhess@example.com,Abu Dhabi,Al Reem Island,2025-08-29,VIP,34,Male
1226,Kimberly Burnett,lbrown@example.net,Dubai,Marina,2024-12-14,Premium,51,Male
1227,Rachel Martinez,tammymerritt@example.org,Fujairah,Sakamkam,2024-04-07,Regular,25,Male
1228,Melissa Smith,hmcbride@example.org,Umm Al Quwain,Al Salamah,2025-01-21,Premium,62,Male
1229,Daniel Martin,melissa01@example.org,Sharjah,Al Majaz,2025-03-28,Regular,58,Female
1230,Heidi Stephens,qrowland@example.org,Dubai,Deira,2025-07-26,Regular,42,Female
1231,Angel Bautista,donna72@example.net,Dubai,Jumeirah,2024-08-26,Premium,57,Male
1232,Erik Bartlett DVM,haileybates@example.org,Abu Dhabi,Corniche,2025-03-14,Regular,39,Male
1233,Cole Evans,susanguzman@example.org,Abu Dhabi,Mussafah,2025-08-24,Regular,18,Male
1234,Destiny Daniel,qjones@example.com,Abu Dhabi,Khalifa City,2025-08-09,Regular,34,Female
1235,Steven Ross,duffyerica@example.net,Abu Dhabi,Corniche,2024-07-09,Regular,20,Male
1236,Dalton Soto,wanda35@example.net,Dubai,Business Bay,2025-03-22,VIP,40,Female
1237,Samantha Jacobs,uunderwood@example.com,Abu Dhabi,Khalifa City,2024-05-30,Regular,39,Female
1238,Victor Wright,david18@example.com,Dubai,Deira,2025-06-14,Premium,27,Male
1239,Mark Cox,kimberly23@example.com,Dubai,Business Bay,2024-02-25,Regular,30,Male
1240,James Novak,ylynn@example.org,Sharjah,Al Nahda,2024-07-12,Premium,47,Female
1241,Nicholas Parker,wdavis@example.net,Ajman,Al Rashidiya,2025-09-22,Regular,28,Male
1242,Diane Nelson,mosleygeorge@example.com,Abu Dhabi,Al Reem Island,2025-05-22,VIP,58,Male
1243,Robert Byrd,iwoods@example.com,Abu Dhabi,Corniche,2025-09-30,Regular,65,Female
1244,Jose Moore,douglasbradley@example.com,Sharjah,Al Nahda,2024-07-29,Regular,18,Female
1245,Nicholas Villegas,erikabarnes@example.com,Dubai,Downtown,2024-01-31,Regular,36,Female
1246,William Lindsey,joshua68@example.net,Dubai,Business Bay,2025-01-03,VIP,30,Male
1247,Robin Torres,mezarichard@example.com,Dubai,Marina,2024-09-25,Regular,53,Male
1248,Madison Jones,shirleymartin@example.org,Dubai,Deira,2024-06-29,VIP,19,Male
1249,Dustin Noble,haydenroger@example.net,Dubai,Deira,2024-12-12,Regular,33,Female
1250,Breanna Jimenez,sullivanchristina@example.net,Sharjah,Muwaileh,2024-06-24,VIP,57,Female
1251,Jeffery Ferguson,john89@example.org,Ajman,Al Nuaimiya,2024-05-01,Premium,26,Male
1252,Traci Craig,gregoryrichardson@example.org,Dubai,Jumeirah,2025-12-12,Regular,45,Male
1253,Tiffany Henderson,hjackson@example.com,Ras Al Khaimah,Al Nakheel,2025-07-02,Premium,38,Male
1254,Danielle Ryan,robertstimothy@example.com,Dubai,Downtown,2024-05-09,VIP,49,Male
1255,Oscar Carroll,sandrahickman@example.net,Sharjah,Al Nahda,2025-11-10,Regular,50,Female
1256,Stephanie Walls,abrown@example.net,Sharjah,Muwaileh,2025-06-05,Regular,47,Male
1257,Edwin Rodriguez,pamela26@example.com,Dubai,Downtown,2025-06-22,Premium,49,Female
1258,Jeffrey Gonzalez,robertgentry@example.org,Dubai,Jumeirah,2025-10-15,Regular,31,Male
1259,Matthew Perez,xbrooks@example.com,Ras Al Khaimah,Al Hamra,2024-08-28,Regular,45,Female
1260,Kimberly Adams,cdouglas@example.org,Abu Dhabi,Mussafah,2024-09-17,Regular,23,Female
1261,Paul Smith,danielmitchell@example.org,Abu Dhabi,Mussafah,2024-08-23,Regular,50,Female
1262,Patrick Santana,elizabethvaughan@example.net,Abu Dhabi,Corniche,2025-03-18,Regular,49,Female
1263,Mrs. Katherine Simpson,markduran@example.com,Dubai,Deira,2024-07-02,Regular,59,Male
1264,Tammy Cameron,ganderson@example.org,Dubai,Deira,2024-10-28,Regular,59,Male
1265,Gregory Smith,brettgallegos@example.com,Sharjah,Al Majaz,2024-04-10,Regular,20,Male
1266,Nancy Hamilton,justin16@example.org,Dubai,Downtown,2024-09-13,Premium,61,Female
1267,Monica Lopez,katie43@example.net,Dubai,Business Bay,2024-05-21,VIP,18,Female
1268,Christina Mccarthy,hayneswayne@example.org,Dubai,Downtown,2025-02-17,Premium,59,Male
1269,Scott Fuller,jeromeanderson@example.org,Abu Dhabi,Khalifa City,2025-02-11,Regular,65,Male
1270,Corey Thomas,jensenchristopher@example.org,Abu Dhabi,Corniche,2025-04-17,Premium,38,Male
1271,Joseph Graves,jeffreysimmons@example.org,Abu Dhabi,Corniche,2024-08-02,Regular,53,Male
1272,Maria Torres,michael56@example.org,Dubai,Business Bay,2024-05-11,VIP,18,Female
1273,Anthony Williams,guerreromarc@example.com,Sharjah,Al Nahda,2024-12-13,Regular,61,Female
1274,Terry Garcia,johnnyhenry@example.com,Sharjah,Muwaileh,2025-07-04,Regular,19,Male
1275,Brent Smith,markfigueroa@example.com,Ras Al Khaimah,Al Nakheel,2024-12-04,Regular,56,Female
1276,Leah Jacobs,debraclark@example.com,Umm Al Quwain,Al Salamah,2025-02-04,Regular,30,Female
1277,Brian Soto,williamstanya@example.net,Dubai,Business Bay,2025-04-07,Premium,23,Male
1278,Cheryl Griffin,jonesamy@example.com,Dubai,Business Bay,2024-06-30,Premium,56,Female
1279,John Juarez,bradleylee@example.net,Dubai,Marina,2024-03-12,Regular,32,Female
1280,Stephanie Malone,patricia71@example.com,Abu Dhabi,Al Reem Island,2025-04-10,Regular,18,Male
1281,Jason Velazquez,jacksonjoshua@example.org,Dubai,Jumeirah,2025-02-04,VIP,26,Female
1282,Tyler Brown,joysanders@example.net,Abu Dhabi,Al Reem Island,2025-02-02,Regular,31,Female
1283,Kayla Jones,ychristensen@example.net,Abu Dhabi,Corniche,2024-06-11,Regular,37,Male
1284,Jennifer Nelson,adamarmstrong@example.net,Abu Dhabi,Corniche,2024-10-09,Regular,27,Female
1285,Sherry Gibbs,ugordon@example.net,Dubai,Jumeirah,2025-09-11,Regular,54,Female
1286,Samuel Phillips,andrea23@example.org,Abu Dhabi,Al Reem Island,2024-04-03,Regular,47,Female
1287,Dorothy Bowman,sara40@example.net,Sharjah,Muwaileh,2024-10-31,Regular,29,Female
1288,Wanda Clark,smithmichael@example.net,Dubai,Business Bay,2025-03-18,Regular,60,Male
1289,Erika Potts,jennifer69@example.com,Abu Dhabi,Al Reem Island,2025-02-06,Regular,28,Female
1290,Anthony Cabrera,jeffrey42@example.com,Ras Al Khaimah,Al Hamra,2025-11-13,Premium,64,Male
1291,Kimberly Irwin,sharphailey@example.net,Ras Al Khaimah,Al Hamra,2025-07-20,VIP,22,Male
1292,Mark Munoz,lisawalker@example.com,Abu Dhabi,Mussafah,2025-02-23,Regular,31,Male
1293,Mark Garrison,omoore@example.net,Abu Dhabi,Al Reem Island,2025-10-16,Regular,65,Female
1294,Jackie Barrera,crawfordstephen@example.org,Ajman,Al Rashidiya,2024-02-08,Regular,63,Male
1295,John Blair,andrew22@example.com,Dubai,Jumeirah,2025-05-11,Regular,53,Male
1296,Chelsea Thomas,psanchez@example.com,Sharjah,Al Nahda,2024-05-23,Premium,28,Male
1297,Joseph Acosta,morrisonnicholas@example.org,Ajman,Al Nuaimiya,2024-06-30,Regular,65,Female
1298,Adam Rivas,andersonkayla@example.com,Dubai,Deira,2025-11-24,Regular,40,Male
1299,Mark Smith,rosariodaniel@example.net,Dubai,Deira,2025-11-22,Regular,62,Male
1300,Sarah Miller,timothyhart@example.com,Ajman,Al Nuaimiya,2025-02-03,Regular,56,Male
1301,Elizabeth Mendoza,brianholt@example.net,Dubai,Jumeirah,2024-07-25,Regular,33,Male
1302,Alisha Williams,curtis62@example.org,Dubai,Jumeirah,2024-01-29,Regular,30,Male
1303,Allison Simmons,tmcdaniel@example.org,Dubai,Deira,2025-11-11,Premium,20,Female
1304,William Walker DVM,michael95@example.org,Abu Dhabi,Mussafah,2024-11-26,Regular,57,Male
1305,Tim Miller,munozgregory@example.net,Fujairah,Sakamkam,2025-03-14,Regular,24,Female
1306,Christopher Coleman,colleen45@example.org,Dubai,Deira,2025-02-15,Regular,42,Male
1307,Jonathan Wood,lisa10@example.org,Abu Dhabi,Al Reem Island,2025-11-04,Regular,41,Male
1308,Bridget Hernandez,ygriffith@example.com,Dubai,Marina,2025-02-24,Premium,49,Male
1309,Ashley Simmons,duane52@example.org,Sharjah,Muwaileh,2024-06-24,VIP,56,Female
1310,Heather Snyder,asteele@example.net,Umm Al Quwain,Al Salamah,2025-11-25,Regular,58,Female
1311,Felicia Pham,patrickdunn@example.net,Umm Al Quwain,Al Salamah,2024-03-10,Regular,55,Female
1312,Kim Underwood,tmiller@example.com,Dubai,Marina,2025-05-30,Premium,18,Male
1313,Paula Shepherd,jacquelineyoung@example.org,Dubai,Deira,2024-11-12,Premium,33,Male
1314,Samuel Cox,hrosario@example.org,Dubai,Downtown,2025-05-25,Regular,42,Male
1315,Heather Atkinson,kenneththomas@example.net,Abu Dhabi,Khalifa City,2025-09-04,Premium,39,Male
1316,Susan Sanchez,briantaylor@example.net,Dubai,Deira,2025-06-17,Regular,36,Male
1317,Jamie Johnson,swatson@example.org,Dubai,Downtown,2024-12-16,Regular,21,Male
1318,Angela Monroe,anthonydiaz@example.org,Sharjah,Muwaileh,2024-08-15,Premium,51,Female
1319,Adam Guerra,lhernandez@example.com,Dubai,Deira,2024-03-07,Regular,30,Male
1320,Nicole Hale,theodore57@example.net,Abu Dhabi,Khalifa City,2024-07-28,Regular,55,Male
1321,Donna Moore,munozglenn@example.org,Dubai,Deira,2025-03-12,Regular,64,Male
1322,Ronnie Frazier,qspencer@example.net,Dubai,Marina,2025-09-12,Regular,54,Female
1323,Michelle Henderson,josephdavis@example.com,Fujairah,Al Faseel,2024-10-05,Regular,41,Female
1324,Beth Lewis,robinsonisaiah@example.net,Dubai,Jumeirah,2025-03-27,Regular,65,Female
1325,Lisa Jones,pwoods@example.net,Sharjah,Al Nahda,2024-01-21,Regular,23,Female
1326,James Brown,deborah34@example.org,Abu Dhabi,Khalifa City,2025-07-20,Regular,47,Female
1327,Jack Maxwell,anthony42@example.net,Abu Dhabi,Corniche,2025-07-29,Regular,39,Male
1328,Daniel Smith,jacob30@example.org,Sharjah,Al Majaz,2024-06-07,Regular,50,Female
1329,William Cunningham,uwilliams@example.org,Abu Dhabi,Corniche,2025-02-08,Regular,37,Male
1330,Alejandra Kelly,susan83@example.com,Dubai,Deira,2024-05-07,VIP,28,Male
1331,Molly Dickson,riverapeggy@example.net,Sharjah,Al Nahda,2024-12-22,Premium,58,Female
1332,Robert Hernandez,cwoods@example.com,Abu Dhabi,Corniche,2025-03-10,Regular,20,Female
1333,Michael Miller,cisnerosjesse@example.org,Abu Dhabi,Al Reem Island,2025-12-15,Regular,56,Female
1334,Martha Mack,victoriamason@example.net,Fujairah,Al Faseel,2024-09-17,Regular,60,Male
1335,Kelly Mack,vfloyd@example.com,Dubai,Deira,2025-10-21,Regular,55,Male
1336,Scott Jordan,nallen@example.net,Abu Dhabi,Khalifa City,2025-03-09,Premium,34,Female
1337,Christian Burton,adavis@example.org,Abu Dhabi,Corniche,2025-08-23,Premium,64,Male
1338,Emily Dillon,portershawn@example.org,Dubai,Business Bay,2024-12-18,Regular,31,Female
1339,Candice Ramirez,michael12@example.net,Abu Dhabi,Al Reem Island,2024-06-21,Regular,22,Female
1340,Deanna Kennedy,kathryn72@example.org,Abu Dhabi,Mussafah,2025-03-17,Regular,29,Male
1341,Katherine Cox,richard92@example.com,Dubai,Marina,2025-05-29,Regular,31,Male
1342,Ryan Crane,christopher68@example.com,Dubai,Marina,2024-07-15,VIP,44,Female
1343,Shawn Fleming,figueroajohn@example.net,Abu Dhabi,Al Reem Island,2025-10-13,Regular,23,Female
1344,Samuel Roberts,ashleynash@example.org,Dubai,Deira,2024-12-16,Regular,48,Female
1345,Joel Davis,imcdonald@example.com,Abu Dhabi,Al Reem Island,2024-01-10,Regular,18,Male
1346,Christopher Rodriguez,mtate@example.com,Dubai,Business Bay,2024-01-08,Regular,35,Female
1347,Evan Davies,vlewis@example.com,Abu Dhabi,Mussafah,2025-09-10,Regular,61,Female
1348,Jesse Gardner,huertakim@example.org,Umm Al Quwain,Al Salamah,2025-01-04,Regular,21,Female
1349,Heather Jordan,nlewis@example.org,Ajman,Al Nuaimiya,2024-01-04,Premium,43,Male
1350,Melinda Nelson,christopherjones@example.com,Dubai,Deira,2025-06-27,VIP,33,Female
1351,Shane Hayes,qwarren@example.com,Abu Dhabi,Corniche,2025-06-11,Premium,18,Female
1352,Anthony Jacobson,wpeterson@example.com,Dubai,Downtown,2024-02-16,Premium,32,Female
1353,Gregory Barnes,ynichols@example.org,Dubai,Business Bay,2024-03-24,Regular,48,Male
1354,Jessica Gaines,jmorrow@example.net,Sharjah,Al Nahda,2025-09-13,Premium,51,Male
1355,Nathan Lane,mariodowns@example.net,Dubai,Deira,2024-11-04,VIP,47,Male
1356,Nancy Stewart,peggypeck@example.com,Ras Al Khaimah,Al Nakheel,2025-05-08,Regular,31,Male
1357,Ashley Cordova,ubaker@example.org,Sharjah,Muwaileh,2025-12-17,Regular,63,Male
1358,Terri Mathews DDS,johnsonjulie@example.org,Dubai,Downtown,2025-01-27,Regular,34,Female
1359,Joshua Martin,nrobinson@example.org,Fujairah,Al Faseel,2025-11-12,VIP,58,Female
1360,Laura Smith,allen48@example.org,Dubai,Downtown,2024-08-17,Premium,56,Male
1361,Mariah Bryant,ibell@example.com,Abu Dhabi,Corniche,2025-01-25,Regular,53,Female
1362,Pamela Wilson,stephenbrooks@example.net,Sharjah,Al Majaz,2024-09-22,Regular,25,Male
1363,Kimberly James,swalters@example.net,Dubai,Business Bay,2024-07-11,Regular,26,Female
1364,Susan Garcia,shafferdale@example.net,Fujairah,Al Faseel,2024-11-14,Regular,30,Female
1365,Timothy Garcia,schultzwesley@example.org,Umm Al Quwain,Al Salamah,2025-01-08,Regular,56,Male
1366,Sarah Lewis,harnold@example.org,Dubai,Deira,2025-07-05,Regular,36,Male
1367,Tiffany Bell,pgutierrez@example.net,Abu Dhabi,Corniche,2024-05-30,Regular,65,Male
1368,Jennifer Ayers,williamadams@example.net,Abu Dhabi,Mussafah,2025-05-29,Regular,63,Female
1369,Ryan Pope,anunez@example.com,Abu Dhabi,Khalifa City,2025-05-21,Premium,42,Male
1370,Alexander Gibbs,matthew96@example.org,Umm Al Quwain,Al Salamah,2024-06-05,Premium,32,Male
1371,Jenna Jensen,zpoole@example.net,Ras Al Khaimah,Al Nakheel,2025-05-14,Regular,60,Male
1372,Todd Myers,richardflores@example.org,Umm Al Quwain,Al Salamah,2024-12-11,Premium,40,Female
1373,Brett Owen,welchkristen@example.net,Dubai,Business Bay,2024-10-16,Premium,30,Female
1374,Sara Moore,james10@example.com,Dubai,Downtown,2025-08-17,Premium,63,Female
1375,Randy Hernandez,armstronganthony@example.net,Abu Dhabi,Khalifa City,2025-08-14,Regular,48,Female
1376,Jesse Welch,jacob34@example.org,Ras Al Khaimah,Al Nakheel,2024-08-11,Premium,18,Female
1377,Danielle Deleon,qtownsend@example.org,Sharjah,Muwaileh,2024-04-14,Regular,45,Male
1378,Timothy Burton,rodriguezsara@example.org,Ras Al Khaimah,Al Nakheel,2024-12-30,Regular,21,Male
1379,Douglas Kline,jonesmegan@example.org,Umm Al Quwain,Al Salamah,2025-08-30,VIP,58,Female
1380,John Johnson,tuckerconnie@example.org,Dubai,Deira,2024-09-03,Regular,62,Male
1381,Jaime Edwards,lstokes@example.com,Abu Dhabi,Corniche,2025-12-09,Regular,47,Female
1382,Christopher Bradley,wilsonmatthew@example.com,Dubai,Jumeirah,2025-01-11,Regular,23,Male
1383,Mr. Joshua Moore,sara39@example.org,Abu Dhabi,Khalifa City,2024-01-24,Regular,54,Female
1384,Kelly Hodges,michellewilson@example.org,Dubai,Deira,2025-08-30,Regular,59,Female
1385,Charles Miller,josepholson@example.org,Dubai,Marina,2024-04-11,Regular,52,Male
1386,Juan Phillips,zgraham@example.org,Dubai,Deira,2025-02-07,Premium,51,Female
1387,Craig Mathis,suzanne19@example.net,Dubai,Business Bay,2025-07-05,Regular,31,Male
1388,Robert Mckay,chamilton@example.com,Dubai,Business Bay,2025-12-12,Regular,46,Female
1389,Denise Flores,lawsonruben@example.net,Dubai,Marina,2025-08-11,Premium,23,Female
1390,Steven Weiss,cjackson@example.net,Ajman,Al Nuaimiya,2024-03-27,Regular,41,Male
1391,Jason Munoz,raymond12@example.com,Abu Dhabi,Al Reem Island,2024-09-11,Regular,51,Female
1392,Cody Sanchez,dianewatson@example.com,Abu Dhabi,Corniche,2024-05-23,Regular,38,Female
1393,Fernando Smith,jason95@example.org,Abu Dhabi,Khalifa City,2025-12-05,Premium,20,Male
1394,Janice Guzman,dakotaramirez@example.net,Dubai,Marina,2024-11-02,VIP,56,Male
1395,Rhonda Powers,bfleming@example.com,Abu Dhabi,Mussafah,2024-05-11,Regular,53,Female
1396,Christina Williams,rjimenez@example.com,Dubai,Marina,2025-02-13,Regular,34,Female
1397,Jesse Guzman,byoung@example.com,Fujairah,Al Faseel,2025-07-02,Regular,64,Female
1398,Richard Johnston,buckjustin@example.com,Umm Al Quwain,Al Salamah,2025-01-16,Premium,50,Male
1399,Joseph Rose,deanna17@example.org,Dubai,Marina,2024-11-19,Regular,56,Male
1400,Jennifer Turner,karen61@example.net,Dubai,Deira,2025-06-28,Premium,44,Male
1401,Katherine Williams,heather77@example.net,Dubai,Deira,2025-01-06,Premium,27,Male
1402,Barbara Brooks,johnsonbrandon@example.org,Dubai,Deira,2025-01-21,Regular,24,Male
1403,Wyatt Callahan,fperez@example.org,Dubai,Downtown,2025-08-25,Regular,40,Female
1404,Robin Cabrera,villamiranda@example.com,Abu Dhabi,Al Reem Island,2024-02-19,Regular,42,Male
1405,Amanda Williams,charles59@example.com,Dubai,Business Bay,2025-07-18,Premium,43,Female
1406,Christopher Taylor,uwilson@example.org,Abu Dhabi,Mussafah,2024-01-10,Premium,60,Male
1407,Stacy Church,qwalsh@example.org,Dubai,Business Bay,2024-09-30,VIP,58,Female
1408,Cynthia Woods,ubray@example.net,Sharjah,Al Majaz,2025-11-25,Regular,47,Male
1409,Mr. Ralph Dawson,angelica33@example.net,Abu Dhabi,Mussafah,2025-04-24,Regular,45,Male
1410,Wesley Brown,santiagotaylor@example.com,Dubai,Deira,2024-11-08,Premium,23,Male
1411,Brian Clark,kathleen47@example.net,Dubai,Marina,2024-04-05,Regular,23,Female
1412,Jonathan Sloan,sabrinacruz@example.com,Abu Dhabi,Corniche,2024-01-11,Premium,64,Male
1413,Kayla Deleon,caseyhenderson@example.net,Abu Dhabi,Al Reem Island,2025-02-19,Regular,65,Male
1414,Sergio Wong,stevenrodriguez@example.org,Sharjah,Muwaileh,2025-07-01,Regular,65,Male
1415,Steven Lopez,alvarezalyssa@example.com,Abu Dhabi,Khalifa City,2025-11-21,VIP,29,Male
1416,Timothy Miller,zlewis@example.net,Dubai,Marina,2025-06-10,VIP,45,Female
1417,Gene Alexander,corey66@example.org,Dubai,Downtown,2024-04-25,VIP,33,Male
1418,James Wheeler,gstone@example.net,Dubai,Jumeirah,2024-10-27,Regular,65,Female
1419,David Rodriguez,brownaustin@example.com,Dubai,Downtown,2025-10-20,Premium,20,Female
1420,Joseph Hill,gmyers@example.org,Ras Al Khaimah,Al Hamra,2024-02-28,Regular,47,Female
1421,Sherry Adams,georgeharris@example.net,Dubai,Deira,2024-01-06,Premium,29,Female
1422,Kyle Gross,lopezrebecca@example.net,Dubai,Deira,2025-03-17,Regular,51,Male
1423,Eric Knox,georgemaldonado@example.org,Dubai,Jumeirah,2024-01-08,Premium,34,Male
1424,Steven Thomas,waderonnie@example.org,Abu Dhabi,Mussafah,2024-11-02,Regular,29,Female
1425,Dennis Jones,wheelertara@example.net,Dubai,Jumeirah,2025-11-03,Regular,40,Female
1426,Shane Kennedy,fuentesashley@example.com,Dubai,Marina,2024-04-23,Regular,26,Female
1427,Kelly Jackson,kimberlygarcia@example.net,Abu Dhabi,Mussafah,2024-02-02,Premium,48,Female
1428,John Bell,elizabeth45@example.com,Dubai,Jumeirah,2025-07-17,Premium,63,Male
1429,Harold Mckinney,rrodriguez@example.net,Dubai,Jumeirah,2025-05-28,Regular,24,Male
1430,Alicia Irwin,donnathomas@example.com,Dubai,Downtown,2025-05-27,Premium,33,Male
1431,Kenneth Dominguez,vhoward@example.org,Abu Dhabi,Mussafah,2025-03-15,Premium,45,Female
1432,Troy Fowler,natalie87@example.net,Dubai,Jumeirah,2024-03-25,Regular,27,Male
1433,Thomas Bailey,peter64@example.com,Dubai,Deira,2024-09-26,Premium,45,Male
1434,Kevin Miles,hamiltonspencer@example.com,Abu Dhabi,Al Reem Island,2025-12-18,Regular,30,Male
1435,Wayne Porter,stevenhernandez@example.com,Dubai,Marina,2025-02-14,Regular,30,Male
1436,Mary Torres,calvin40@example.com,Abu Dhabi,Khalifa City,2024-04-03,Regular,51,Female
1437,Douglas Watkins,freemanadam@example.com,Sharjah,Al Majaz,2024-08-15,Regular,21,Female
1438,April King,natasha88@example.org,Abu Dhabi,Mussafah,2024-04-22,Regular,40,Female
1439,Michelle Thomas,ryanhull@example.com,Dubai,Deira,2024-07-05,Regular,60,Female
1440,John Gomez,ghenderson@example.com,Dubai,Jumeirah,2024-10-13,Regular,29,Female
1441,Linda Thompson,ushelton@example.net,Fujairah,Sakamkam,2024-12-08,Regular,60,Male
1442,Randall Wright,tspencer@example.com,Abu Dhabi,Khalifa City,2024-12-05,Premium,41,Female
1443,Keith Fuller,nicholasliu@example.com,Dubai,Downtown,2024-08-03,Regular,24,Male
1444,Joseph Benson,taylor67@example.com,Abu Dhabi,Al Reem Island,2024-02-12,VIP,59,Male
1445,Julia Gaines,bernardrobert@example.org,Dubai,Jumeirah,2024-04-11,VIP,57,Female
1446,Elizabeth Sanchez,david89@example.com,Dubai,Jumeirah,2024-07-25,Premium,20,Male
1447,Ryan Martinez,fordkathryn@example.net,Dubai,Business Bay,2025-12-29,Premium,53,Female
1448,Anthony Brown,cookconnor@example.com,Ras Al Khaimah,Al Hamra,2025-10-06,VIP,22,Female
1449,Melissa Lin,yangemily@example.net,Dubai,Business Bay,2024-01-23,Regular,62,Male
1450,Meredith Black,rtaylor@example.net,Dubai,Business Bay,2024-03-03,Premium,43,Female
1451,Elizabeth Collins,shaffercindy@example.org,Abu Dhabi,Al Reem Island,2024-06-18,Premium,42,Female
1452,Aaron Munoz,meyerjohn@example.org,Dubai,Downtown,2024-07-30,Regular,54,Male
1453,Ross Wallace,howekevin@example.com,Abu Dhabi,Al Reem Island,2025-06-09,Regular,64,Female
1454,Dr. Sarah Payne,nvillarreal@example.org,Dubai,Marina,2024-10-30,Regular,28,Male
1455,Mark Lopez,georgeharmon@example.net,Dubai,Marina,2024-10-25,Regular,35,Male
1456,John Roberts,haleytrevor@example.net,Dubai,Deira,2025-10-19,VIP,31,Male
1457,James Marsh,bbutler@example.org,Dubai,Downtown,2025-10-09,VIP,38,Male
1458,Jim Elliott,carpenteraustin@example.net,Fujairah,Sakamkam,2024-05-16,Premium,36,Female
1459,Lisa Williams,sydney77@example.com,Umm Al Quwain,Al Salamah,2024-12-30,Premium,35,Male
1460,Christopher Mason,michaelmccarthy@example.com,Dubai,Deira,2025-07-04,VIP,55,Male
1461,Carrie Hernandez,stephen24@example.net,Sharjah,Muwaileh,2025-01-26,Regular,58,Male
1462,James Hendricks,ebennett@example.net,Sharjah,Al Majaz,2024-11-28,Regular,58,Female
1463,Laura Pennington,david59@example.net,Dubai,Marina,2025-03-20,Regular,48,Male
1464,Luis Powell,johnsonjessica@example.org,Abu Dhabi,Corniche,2024-07-08,Regular,49,Male
1465,Brian Villa,omorris@example.net,Abu Dhabi,Al Reem Island,2024-11-13,Premium,43,Male
1466,Ashley Gilmore,acampos@example.org,Dubai,Deira,2025-03-12,Regular,59,Female
1467,David Johnson,alexandernicholas@example.net,Dubai,Business Bay,2024-05-20,Regular,42,Female
1468,Tammy Morris,ogray@example.net,Dubai,Deira,2025-10-21,Regular,23,Female
1469,Christina Henry,jeremiah26@example.net,Dubai,Business Bay,2024-01-14,VIP,24,Female
1470,Cheryl Perkins,harrislisa@example.org,Ajman,Al Nuaimiya,2024-07-26,Regular,54,Female
1471,Jason Payne,petersonfaith@example.net,Sharjah,Al Nahda,2024-12-05,Regular,21,Female
1472,Kathleen Collier,wmason@example.net,Abu Dhabi,Al Reem Island,2024-01-22,Regular,36,Male
1473,Sarah Solis,ypatterson@example.org,Abu Dhabi,Corniche,2024-05-25,VIP,19,Male
1474,Bethany Holmes,wilsonjerry@example.net,Abu Dhabi,Khalifa City,2024-12-27,Regular,61,Female
1475,Alison Nicholson,sandra46@example.net,Abu Dhabi,Al Reem Island,2025-05-18,VIP,32,Male
1476,Shane Moore,charles93@example.net,Fujairah,Sakamkam,2024-12-31,Regular,25,Female
1477,Kathryn Ross,gardnerpatricia@example.net,Ras Al Khaimah,Al Nakheel,2024-02-14,Regular,45,Female
1478,Thomas Baker,johnsonrobert@example.org,Abu Dhabi,Corniche,2024-06-02,Regular,36,Female
1479,Phillip Taylor,sandra03@example.com,Ajman,Al Rashidiya,2025-05-26,VIP,63,Male
1480,Travis Strong,reedchad@example.com,Sharjah,Al Majaz,2025-11-02,Regular,42,Female
1481,Lisa Miller,rpotts@example.net,Sharjah,Al Nahda,2024-03-09,Regular,64,Female
1482,Andrew Romero,ryan43@example.org,Dubai,Downtown,2024-05-10,Premium,40,Female
1483,Allison Casey,amandadalton@example.net,Abu Dhabi,Corniche,2025-12-11,Regular,58,Female
1484,Alicia Olson,scannon@example.org,Dubai,Marina,2025-01-27,Regular,52,Female
1485,Jeffery Taylor,nwilson@example.com,Abu Dhabi,Khalifa City,2025-01-28,Regular,44,Male
1486,Greg Hull,jessechapman@example.org,Sharjah,Al Majaz,2025-01-05,Regular,19,Female
1487,Paul Morton,ritteralexis@example.net,Abu Dhabi,Khalifa City,2024-04-22,VIP,41,Male
1488,Anthony Brown,cwhite@example.com,Dubai,Marina,2025-07-18,Regular,32,Male
1489,Matthew Sanchez,david67@example.net,Sharjah,Al Majaz,2025-12-13,Regular,19,Female
1490,Billy Wright,troymoss@example.com,Dubai,Deira,2025-11-09,Regular,56,Male
1491,Shannon Wallace,shelly84@example.net,Dubai,Downtown,2024-05-24,Regular,18,Female
1492,Steven Flores,brownrachel@example.net,Dubai,Marina,2025-04-26,Premium,62,Female
1493,Katelyn Miller,maureenmeyer@example.com,Abu Dhabi,Mussafah,2025-03-30,Premium,36,Male
1494,Christine Watson,barryyoung@example.com,Dubai,Deira,2025-09-10,Regular,18,Female
1495,Jordan Wilson,rhuff@example.com,Ajman,Al Rashidiya,2025-07-21,VIP,50,Female
1496,Elizabeth Hanna,ramirezchelsea@example.com,Sharjah,Al Nahda,2024-06-09,VIP,51,Female
1497,James Wallace,jamielopez@example.com,Umm Al Quwain,Al Salamah,2024-08-04,Regular,32,Female
1498,Mary Johnson,sharon95@example.com,Dubai,Business Bay,2025-09-11,Premium,47,Female
1499,Leslie Todd,jessica96@example.com,Dubai,Jumeirah,2025-01-24,Regular,41,Female
1500,Tanya Goodwin,transtephanie@example.net,Dubai,Deira,2024-04-16,Regular,39,Male
1501,William Nichols,karmstrong@example.net,Dubai,Marina,2025-07-08,Regular,56,Male
1502,Tyler Mcdonald,davidsmith@example.net,Sharjah,Al Nahda,2024-07-11,Regular,20,Male
1503,Angela Wright,matthew60@example.net,Dubai,Business Bay,2025-08-01,Regular,48,Male
1504,Derrick King,martinezashley@example.com,Dubai,Deira,2024-11-12,VIP,36,Female
1505,Sarah Wallace,gonzalessteven@example.com,Abu Dhabi,Mussafah,2025-02-04,VIP,62,Male
1506,Dr. Daniel Brown,hillcheryl@example.com,Dubai,Business Bay,2024-04-13,Premium,27,Male
1507,Jessica Scott,jordan72@example.org,Abu Dhabi,Corniche,2025-05-03,Premium,20,Female
1508,Bridget Williamson,halldiamond@example.org,Dubai,Jumeirah,2024-03-21,Regular,63,Male
1509,Shannon Riley,tranjeremy@example.net,Ras Al Khaimah,Al Nakheel,2024-06-13,Regular,64,Female
1510,Vanessa Smith DVM,amber09@example.org,Abu Dhabi,Khalifa City,2024-12-13,Regular,45,Male
1511,Billy Wallace,youngmark@example.com,Ras Al Khaimah,Al Hamra,2024-09-01,VIP,56,Male
1512,Melanie Jones,jliu@example.org,Fujairah,Sakamkam,2024-04-09,Regular,37,Male
1513,Richard Rogers,xmerritt@example.com,Abu Dhabi,Corniche,2024-11-17,VIP,28,Male
1514,Elizabeth Johnson,bradley29@example.org,Dubai,Downtown,2024-12-27,Regular,63,Female
1515,Daniel Edwards,shelby69@example.org,Dubai,Jumeirah,2024-09-19,Premium,26,Male
1516,Brittany Farmer,friedmansusan@example.org,Umm Al Quwain,Al Salamah,2024-02-10,Premium,43,Female
1517,Yolanda Mccoy,hryan@example.net,Ajman,Al Nuaimiya,2025-03-27,Regular,57,Female
1518,Lisa Hopkins,mstewart@example.net,Dubai,Jumeirah,2025-06-02,Regular,61,Male
1519,David Sanchez,jerry51@example.net,Abu Dhabi,Al Reem Island,2024-09-07,Regular,24,Female
1520,Nicholas Beard,christopher88@example.org,Dubai,Business Bay,2025-02-12,Regular,47,Male
1521,Martha Jacobs,ohartman@example.net,Dubai,Jumeirah,2025-10-19,VIP,47,Male
1522,Victoria Frost,kimberlyrussell@example.net,Dubai,Deira,2025-02-10,Regular,39,Male
1523,Lisa Flynn,lee16@example.com,Dubai,Business Bay,2025-05-12,Premium,48,Male
1524,Brittany Snyder,rachelwalter@example.org,Dubai,Deira,2025-07-12,VIP,27,Male
1525,Jason Cannon,inewton@example.org,Dubai,Deira,2025-09-07,Regular,41,Female
1526,Allison Jackson,andersonmichelle@example.com,Umm Al Quwain,Al Salamah,2024-02-25,Premium,61,Female
1527,Heather Morales,jenniferwilson@example.com,Dubai,Marina,2024-03-26,Regular,43,Male
1528,Lisa Mcknight,jonessamantha@example.com,Dubai,Jumeirah,2025-03-05,Regular,34,Male
1529,Lynn Yang,eroberts@example.net,Ajman,Al Nuaimiya,2025-03-14,VIP,37,Male
1530,Clifford Cannon,hernandezalan@example.net,Dubai,Jumeirah,2025-05-08,Regular,28,Female
1531,Matthew Gray,uthompson@example.net,Dubai,Business Bay,2025-02-02,Regular,56,Male
1532,Raymond Hall,kpeterson@example.net,Dubai,Business Bay,2025-09-23,Regular,64,Female
1533,Lauren Anthony,ymitchell@example.com,Dubai,Jumeirah,2024-05-31,Premium,25,Female
1534,Tiffany Williams,russellramirez@example.net,Dubai,Deira,2025-04-06,Regular,58,Male
1535,Gregory Martin,joshua73@example.org,Dubai,Marina,2025-03-06,Premium,56,Female
1536,Thomas Zhang,middletonelizabeth@example.org,Dubai,Marina,2024-07-14,VIP,41,Female
1537,Juan Romero,anthonyorr@example.net,Dubai,Downtown,2025-05-29,Premium,59,Female
1538,Chloe Freeman,woodjuan@example.net,Dubai,Downtown,2024-12-26,Regular,39,Male
1539,Jeremy Martinez,hphillips@example.net,Ras Al Khaimah,Al Hamra,2025-03-14,Regular,56,Male
1540,Sarah Wallace,fsnyder@example.org,Abu Dhabi,Corniche,2024-10-18,Regular,62,Male
1541,Monique Wilson MD,garnerjeffrey@example.org,Umm Al Quwain,Al Salamah,2024-04-01,Regular,44,Male
1542,Jonathon Hill,mannleroy@example.org,Abu Dhabi,Al Reem Island,2025-10-10,Regular,20,Female
1543,Timothy Bauer,james80@example.net,Ajman,Al Nuaimiya,2024-08-16,Regular,25,Male
1544,Danielle Willis,emilybaker@example.org,Ajman,Al Nuaimiya,2024-12-25,Regular,59,Female
1545,Mr. Jonathan Anderson,tapiamercedes@example.net,Dubai,Downtown,2024-08-17,Regular,60,Female
1546,Jeffrey Henry,christina93@example.net,Dubai,Jumeirah,2025-11-20,Regular,44,Male
1547,Joseph Best,mary47@example.com,Dubai,Marina,2025-01-18,Premium,56,Female
1548,Jenna Howard,ophillips@example.org,Dubai,Business Bay,2025-03-16,Regular,43,Male
1549,Stephanie Gallagher,umontes@example.org,Abu Dhabi,Corniche,2024-02-22,Regular,58,Female
1550,Audrey Marshall,donna56@example.net,Umm Al Quwain,Al Salamah,2025-02-16,Regular,45,Male
1551,Stephen Larsen,rburke@example.org,Dubai,Marina,2025-05-31,Regular,43,Female
1552,Derek Lewis,xbrown@example.com,Ajman,Al Nuaimiya,2024-11-26,Regular,19,Female
1553,Evan Myers,qcoleman@example.org,Dubai,Business Bay,2024-06-05,Regular,52,Male
1554,Nicholas Morgan,parkerrobert@example.net,Abu Dhabi,Al Reem Island,2024-05-13,Regular,40,Male
1555,Kimberly Chan,gouldchristina@example.com,Dubai,Marina,2024-10-31,Regular,33,Female
1556,Joshua Clements,langchristopher@example.net,Sharjah,Muwaileh,2024-02-22,Regular,27,Male
1557,Harold Miranda,penaapril@example.com,Abu Dhabi,Al Reem Island,2024-04-23,VIP,25,Male
1558,Victoria Massey,oheath@example.com,Dubai,Downtown,2024-07-03,Regular,41,Male
1559,Susan Rivera,angelawright@example.org,Dubai,Jumeirah,2024-01-23,Regular,58,Male
1560,Alejandro Bentley,masonlacey@example.org,Dubai,Jumeirah,2025-01-19,Regular,46,Male
1561,Eric Hall,arthurbrady@example.com,Dubai,Deira,2024-07-01,Regular,20,Male
1562,Bonnie Yang,michelle11@example.net,Umm Al Quwain,Al Salamah,2025-05-10,Regular,18,Male
1563,Pamela Perry,newtonamber@example.org,Abu Dhabi,Mussafah,2024-05-04,Regular,52,Male
1564,Kevin Myers,kristen68@example.net,Abu Dhabi,Khalifa City,2024-08-09,Regular,31,Male
1565,Donald Harris,tanya97@example.com,Dubai,Marina,2024-03-26,Regular,48,Male
1566,Brandon Rasmussen,timothy88@example.org,Fujairah,Sakamkam,2025-12-26,Premium,47,Female
1567,Willie Luna,kathryn17@example.org,Abu Dhabi,Corniche,2024-07-16,Regular,61,Female
1568,Allison Wise,kwood@example.org,Fujairah,Al Faseel,2025-08-20,Regular,31,Female
1569,Evelyn Pacheco,davisgary@example.com,Abu Dhabi,Corniche,2025-03-09,Premium,38,Male
1570,Angela Powell,kmills@example.org,Abu Dhabi,Corniche,2024-07-23,Regular,58,Male
1571,Johnny Jenkins,mary05@example.net,Abu Dhabi,Al Reem Island,2025-06-07,Regular,36,Female
1572,Jennifer Smith,karinorton@example.net,Dubai,Deira,2024-07-03,Regular,29,Female
1573,Dr. David Murray MD,morseronald@example.org,Dubai,Marina,2025-11-03,Regular,38,Male
1574,Peter Martin,martinsamuel@example.org,Dubai,Deira,2024-12-02,Regular,38,Male
1575,Jeff Jackson,jtaylor@example.com,Abu Dhabi,Corniche,2024-10-17,Regular,31,Male
1576,Edward Graham,jennifer48@example.com,Abu Dhabi,Al Reem Island,2025-08-10,Regular,45,Female
1577,Jacqueline Santos,kellycohen@example.net,Sharjah,Al Majaz,2024-07-20,Premium,49,Male
1578,Jacqueline Munoz,vford@example.net,Umm Al Quwain,Al Salamah,2024-05-02,Regular,56,Female
1579,Sarah Taylor,asmith@example.org,Abu Dhabi,Khalifa City,2025-08-13,Regular,59,Male
1580,Austin Rowland,jacqueline31@example.net,Ras Al Khaimah,Al Hamra,2024-05-14,Regular,52,Male
1581,Brandon Weber,carlfields@example.org,Dubai,Deira,2024-03-12,Regular,44,Female
1582,Adrian Lee,lori69@example.net,Dubai,Downtown,2025-02-13,Regular,38,Female
1583,Marcus Powell,ann31@example.net,Abu Dhabi,Corniche,2024-11-01,Regular,59,Male
1584,Nicholas Ramirez,anne28@example.net,Ajman,Al Nuaimiya,2024-01-30,Regular,18,Male
1585,Janet Johnston,tammy97@example.org,Dubai,Downtown,2025-12-05,Regular,23,Male
1586,Richard Hays,noblechristina@example.org,Sharjah,Al Nahda,2025-07-04,VIP,21,Female
1587,Shannon Morris,taylorlindsay@example.com,Ras Al Khaimah,Al Nakheel,2024-04-23,VIP,22,Female
1588,Erin Mason,allenphillip@example.com,Dubai,Business Bay,2025-01-23,Premium,26,Female
1589,Heather Roberson,alyssa93@example.org,Dubai,Downtown,2024-05-31,Premium,44,Female
1590,Sandra Dawson,fcastro@example.net,Abu Dhabi,Khalifa City,2025-08-14,Premium,35,Female
1591,Melissa Grant,lpearson@example.org,Sharjah,Al Nahda,2024-08-19,Regular,36,Male
1592,Savannah Townsend,jessica39@example.net,Dubai,Marina,2025-11-06,Premium,31,Male
1593,Tammie Lee,harold03@example.com,Dubai,Jumeirah,2024-03-02,Regular,31,Female
1594,Cory Willis,clinton54@example.net,Sharjah,Al Majaz,2025-05-14,Regular,55,Female
1595,Lisa Johnson,darlene60@example.net,Sharjah,Al Nahda,2025-12-26,Premium,50,Male
1596,Denise Brown,roysara@example.net,Ras Al Khaimah,Al Nakheel,2025-01-07,VIP,57,Male
1597,Katherine Wells,johnsonanthony@example.net,Sharjah,Al Majaz,2024-03-11,Regular,61,Female
1598,Noah Pitts,christopherflowers@example.org,Fujairah,Al Faseel,2024-05-30,Premium,65,Male
1599,Mark Brown,hodgejoshua@example.org,Dubai,Jumeirah,2024-07-10,Regular,60,Female
1600,Nancy Cook,rachael29@example.net,Dubai,Deira,2025-07-17,Regular,31,Male
1601,Kelli Shepard,qbutler@example.net,Dubai,Jumeirah,2025-06-04,Regular,35,Female
1602,Corey Juarez,jessicamiller@example.com,Dubai,Jumeirah,2025-03-08,Regular,43,Male
1603,Lee Barker,vthompson@example.org,Abu Dhabi,Corniche,2025-06-15,Regular,21,Male
1604,Justin Wilson,scarroll@example.org,Fujairah,Al Faseel,2024-04-27,Premium,54,Female
1605,Julie Wilson,whitechristopher@example.com,Dubai,Business Bay,2024-04-13,Regular,57,Female
1606,Tracy Wang,robinsonnicholas@example.org,Dubai,Deira,2024-08-13,Regular,28,Male
1607,Terri Parker,julierojas@example.com,Dubai,Downtown,2025-12-23,Regular,18,Male
1608,Michael Thompson,annettegutierrez@example.org,Dubai,Business Bay,2025-05-03,Premium,62,Male
1609,Curtis Krause,heidi41@example.com,Dubai,Deira,2024-06-19,Regular,47,Male
1610,Jack Barton,rgallegos@example.org,Fujairah,Sakamkam,2025-03-14,Regular,34,Male
1611,Ruben Cruz,victoriahamilton@example.net,Dubai,Deira,2025-08-31,VIP,55,Male
1612,Rebecca Clark,christopher34@example.org,Abu Dhabi,Khalifa City,2025-04-28,Regular,19,Female
1613,Andre Wilson,thomasmcdonald@example.com,Ajman,Al Nuaimiya,2024-05-30,Regular,65,Female
1614,James Chapman,morrisdaniel@example.com,Abu Dhabi,Mussafah,2025-07-12,Premium,34,Female
1615,Aimee Fisher,matthew12@example.com,Abu Dhabi,Mussafah,2024-11-04,Premium,60,Female
1616,John Lopez,gonzaleschristina@example.net,Dubai,Business Bay,2025-10-17,Regular,44,Male
1617,Jessica Ross,johnnybrooks@example.com,Abu Dhabi,Khalifa City,2024-12-31,Regular,54,Female
1618,Mr. Andrew Hickman,kathrynsantana@example.net,Dubai,Deira,2024-07-17,Regular,35,Female
1619,Jeffery Adams,kwatkins@example.net,Umm Al Quwain,Al Salamah,2024-09-28,Premium,43,Female
1620,Eric Carlson,stephaniebradley@example.org,Fujairah,Sakamkam,2024-11-12,Regular,51,Female
1621,Gary Choi,parkerkatie@example.com,Ajman,Al Nuaimiya,2025-03-19,Regular,40,Female
1622,Christopher Smith,jamesjackson@example.com,Dubai,Deira,2025-05-25,Regular,27,Female
1623,David Harris,ramseyeric@example.net,Abu Dhabi,Khalifa City,2024-11-06,Regular,36,Male
1624,Jacqueline Woods,cory86@example.net,Abu Dhabi,Khalifa City,2024-10-16,Regular,49,Female
1625,John Bennett,wmccarthy@example.org,Dubai,Downtown,2025-11-07,Regular,26,Female
1626,Fernando Mcconnell,smejia@example.net,Ajman,Al Nuaimiya,2024-03-29,Regular,64,Male
1627,Jessica Long,reedelizabeth@example.net,Abu Dhabi,Al Reem Island,2024-10-24,Regular,40,Male
1628,Stephen Thompson,mikemorgan@example.org,Sharjah,Muwaileh,2025-01-30,Regular,24,Female
1629,Nicole Melendez,devinlopez@example.org,Ras Al Khaimah,Al Hamra,2024-06-26,Regular,38,Male
1630,Brandon Cruz,ronaldmitchell@example.com,Abu Dhabi,Khalifa City,2024-09-13,Regular,30,Female
1631,Karen Green,zwhite@example.net,Dubai,Downtown,2025-08-03,Regular,29,Female
1632,Ashley Drake,gina16@example.org,Sharjah,Al Nahda,2024-04-08,Regular,62,Female
1633,Carl Hunter,psmith@example.net,Abu Dhabi,Mussafah,2025-04-24,Regular,44,Female
1634,Raymond Turner,judy19@example.com,Abu Dhabi,Al Reem Island,2025-03-07,Premium,57,Female
1635,Priscilla Joseph,daniel26@example.net,Sharjah,Muwaileh,2025-06-08,Regular,52,Female
1636,Sheila Miller,rogerssarah@example.net,Dubai,Jumeirah,2024-05-08,Premium,47,Female
1637,Jose Mendez,dgraham@example.com,Ajman,Al Nuaimiya,2024-02-26,Premium,59,Male
1638,Sean Stevens,smallgina@example.com,Dubai,Deira,2024-10-24,Regular,39,Male
1639,Michael Wang,danielsguy@example.com,Dubai,Business Bay,2025-11-21,Premium,21,Male
1640,Jeremy Evans,larsonmichael@example.org,Abu Dhabi,Corniche,2024-05-19,Premium,58,Male
1641,Jennifer Thompson,martinezduane@example.com,Dubai,Downtown,2024-01-07,Regular,30,Male
1642,Donald Bonilla,samanthaberger@example.net,Dubai,Marina,2025-09-10,Regular,33,Male
1643,Laura Williams,nathan29@example.net,Dubai,Deira,2025-06-01,Regular,25,Female
1644,Sonia Reyes,morgandana@example.com,Dubai,Marina,2024-08-28,Regular,57,Female
1645,Alex Clements,jennifer16@example.org,Ajman,Al Nuaimiya,2025-03-18,Regular,29,Male
1646,Laura Cooley,heatherwilliams@example.net,Sharjah,Muwaileh,2024-09-03,Regular,62,Male
1647,Philip Kim,joshuapowers@example.net,Abu Dhabi,Mussafah,2024-10-23,VIP,49,Female
1648,Christopher Mitchell,russellandrew@example.com,Abu Dhabi,Corniche,2025-01-30,Regular,45,Male
1649,Denise Ford,colton30@example.net,Dubai,Jumeirah,2024-05-03,Regular,55,Female
1650,Arthur Roberts,omatthews@example.net,Dubai,Business Bay,2025-03-31,VIP,40,Male
1651,James Spears,cooperluis@example.com,Abu Dhabi,Corniche,2024-10-10,VIP,40,Male
1652,Scott Porter,emilyscott@example.org,Dubai,Business Bay,2025-02-03,Regular,59,Male
1653,Laura Miller,whoffman@example.org,Dubai,Business Bay,2024-12-13,Premium,26,Female
1654,William Wood,karen77@example.org,Sharjah,Muwaileh,2024-11-06,Regular,59,Female
1655,Kevin Weber,wperry@example.org,Dubai,Jumeirah,2025-09-12,Regular,63,Female
1656,Diane Manning,nicholasmedina@example.com,Dubai,Downtown,2025-08-25,Regular,57,Female
1657,Sarah Davis,jasonrodriguez@example.com,Dubai,Deira,2024-06-11,Regular,24,Female
1658,Christopher Waters,wpierce@example.org,Fujairah,Sakamkam,2024-11-27,VIP,64,Male
1659,Kyle Flores,crystal58@example.net,Dubai,Marina,2025-01-28,VIP,21,Female
1660,Courtney Powell,cmitchell@example.org,Dubai,Deira,2025-03-28,Regular,19,Male
1661,Cassandra Roberts,kathryn21@example.com,Dubai,Jumeirah,2025-01-21,VIP,54,Male
1662,Jennifer Barnes,danamontgomery@example.org,Dubai,Jumeirah,2025-03-24,Regular,65,Male
1663,Kathy Miller,udougherty@example.net,Abu Dhabi,Khalifa City,2024-03-29,Regular,60,Male
1664,Keith Kennedy,craneandrew@example.net,Dubai,Marina,2024-01-06,Premium,54,Male
1665,Martha Arnold,melissamartin@example.com,Dubai,Business Bay,2025-05-23,Premium,54,Female
1666,Cynthia Kennedy,marcuscarter@example.org,Abu Dhabi,Mussafah,2025-09-25,Premium,22,Female
1667,Joel Sanchez,yfritz@example.org,Abu Dhabi,Corniche,2024-03-13,Regular,51,Female
1668,Kathryn Rodriguez,monica23@example.com,Dubai,Jumeirah,2024-08-24,Regular,39,Male
1669,Andrea Goodman,ecamacho@example.com,Dubai,Downtown,2024-09-14,Premium,22,Male
1670,Jason Green,baldwincatherine@example.net,Fujairah,Al Faseel,2025-07-01,Regular,51,Female
1671,Jessica Carey,carterraymond@example.net,Dubai,Deira,2025-07-13,Regular,34,Male
1672,Heidi Moran,hpatterson@example.org,Dubai,Jumeirah,2024-09-24,Regular,21,Male
1673,Dennis Bryan,bowenmichael@example.net,Dubai,Downtown,2025-11-10,Regular,22,Male
1674,Thomas Pope,josephrivera@example.net,Dubai,Deira,2025-03-02,Premium,23,Female
1675,Steven Vasquez,katherinepeterson@example.net,Fujairah,Sakamkam,2024-02-12,Regular,50,Male
1676,Richard Lyons,brooke22@example.net,Abu Dhabi,Corniche,2025-05-04,Premium,32,Male
1677,Daniel Wood,jennifer42@example.net,Fujairah,Al Faseel,2024-07-19,Regular,42,Male
1678,Karen Gonzales,eric22@example.net,Abu Dhabi,Al Reem Island,2025-01-31,Premium,45,Female
1679,James Walsh,rosalesbrandy@example.org,Abu Dhabi,Al Reem Island,2025-03-24,Premium,41,Female
1680,Deanna Griffith,kwoods@example.com,Dubai,Jumeirah,2024-02-29,Regular,55,Male
1681,Laurie Mason,nicholas72@example.net,Dubai,Business Bay,2025-08-04,VIP,18,Male
1682,Mr. James Barnett,petersonkyle@example.org,Sharjah,Al Majaz,2024-02-28,Regular,36,Male
1683,Lee Daniel,santosmichael@example.com,Dubai,Business Bay,2025-11-01,VIP,26,Female
1684,Margaret Smith,judithcox@example.org,Abu Dhabi,Al Reem Island,2025-11-03,Regular,52,Male
1685,Brett Rivera,nelsonsuzanne@example.net,Abu Dhabi,Mussafah,2024-08-13,Premium,41,Female
1686,Angela Yates,pknight@example.org,Ajman,Al Nuaimiya,2025-06-23,Regular,52,Male
1687,Patrick Norris,jeremylove@example.org,Dubai,Jumeirah,2025-12-23,Regular,23,Male
1688,Lee Arnold,pauljessica@example.org,Ras Al Khaimah,Al Nakheel,2024-11-08,Regular,41,Male
1689,Brandi Turner,jeremywillis@example.net,Dubai,Marina,2025-12-16,Regular,47,Male
1690,Brett Keith,florescynthia@example.org,Dubai,Deira,2024-10-03,Regular,37,Male
1691,Jeremy Alvarez,danielsjason@example.com,Dubai,Business Bay,2025-01-28,Regular,42,Female
1692,Adam Jordan,cortezscott@example.net,Abu Dhabi,Khalifa City,2024-07-29,Regular,45,Male
1693,Robert Mendez,qgay@example.com,Abu Dhabi,Al Reem Island,2025-07-08,VIP,56,Female
1694,Katherine Thompson,ppalmer@example.com,Ras Al Khaimah,Al Hamra,2025-08-28,Premium,39,Female
1695,Joseph Peterson,connie12@example.com,Ajman,Al Nuaimiya,2024-04-21,Regular,64,Female
1696,Steven Hicks,emartin@example.com,Ajman,Al Rashidiya,2025-03-10,Premium,51,Female
1697,Anna Atkins,dana82@example.org,Dubai,Jumeirah,2025-04-23,Regular,18,Female
1698,Pamela Lewis,luke87@example.org,Sharjah,Al Nahda,2024-03-28,Premium,36,Female
1699,Tanya Clark,mariolee@example.com,Abu Dhabi,Al Reem Island,2025-09-22,Regular,60,Female
1700,Sarah Bishop,markblack@example.com,Sharjah,Muwaileh,2024-01-13,Regular,60,Female
1701,Rachel Chan,jeremy47@example.com,Ajman,Al Nuaimiya,2025-03-30,Regular,18,Female
1702,Eric Acosta,shannon69@example.com,Dubai,Downtown,2025-05-06,Premium,31,Female
1703,Abigail Case,schmittmichael@example.org,Dubai,Deira,2024-10-10,Regular,22,Female
1704,Pamela Smith,jasonmoran@example.com,Dubai,Downtown,2024-09-22,Regular,58,Male
1705,Allison Simmons,jnguyen@example.net,Dubai,Business Bay,2025-11-02,Regular,59,Male
1706,Daniel Shaw,daniel32@example.com,Dubai,Business Bay,2025-03-26,Regular,53,Male
1707,Teresa Watkins,harringtonpeter@example.net,Dubai,Downtown,2024-09-20,Premium,40,Male
1708,Mr. Lawrence Brooks,brownmatthew@example.net,Abu Dhabi,Mussafah,2024-04-21,Regular,25,Male
1709,Thomas Rodriguez,nicolejones@example.net,Dubai,Downtown,2025-08-07,Premium,61,Female
1710,Christian Hernandez,audrey81@example.com,Dubai,Jumeirah,2024-10-16,Regular,56,Female
1711,Kenneth Farmer,angela40@example.org,Dubai,Jumeirah,2025-10-29,Regular,36,Male
1712,Andrea Hartman,susan57@example.net,Dubai,Deira,2024-10-24,VIP,19,Male
1713,Cathy Mcdonald,mcox@example.net,Abu Dhabi,Mussafah,2025-06-07,Premium,63,Female
1714,Deanna Munoz,taylordawn@example.com,Fujairah,Sakamkam,2025-08-19,Premium,27,Female
1715,John Williams,durhamwilliam@example.org,Sharjah,Muwaileh,2024-03-21,VIP,32,Female
1716,Whitney Moyer,kristy74@example.net,Abu Dhabi,Al Reem Island,2025-06-24,Regular,60,Female
1717,Austin Jones,mccannkimberly@example.net,Dubai,Marina,2025-08-12,VIP,39,Male
1718,Jose York,mbishop@example.org,Sharjah,Al Nahda,2024-08-24,Regular,25,Male
1719,Jessica Hill,vpreston@example.org,Abu Dhabi,Corniche,2025-01-05,Regular,50,Male
1720,Angel Holland,shawn60@example.com,Ras Al Khaimah,Al Hamra,2025-09-11,Regular,44,Male
1721,Abigail Clayton,smithmarcus@example.org,Abu Dhabi,Khalifa City,2025-07-04,Premium,44,Male
1722,Daniel Craig,amanda39@example.com,Abu Dhabi,Mussafah,2024-12-15,Regular,44,Female
1723,Michelle Ray,kendraharris@example.org,Abu Dhabi,Khalifa City,2025-08-12,Regular,30,Male
1724,Joseph Blackburn,chanamber@example.org,Ajman,Al Nuaimiya,2024-06-19,Regular,53,Female
1725,Ethan Hall,jamesmartin@example.com,Sharjah,Al Majaz,2024-02-04,Regular,28,Male
1726,Thomas Barton,taylorrachel@example.com,Dubai,Business Bay,2025-02-01,Regular,43,Male
1727,Travis Johnson,omargriffin@example.com,Sharjah,Al Majaz,2024-12-10,Regular,57,Male
1728,Ray Lawrence,davisgregory@example.net,Umm Al Quwain,Al Salamah,2024-03-16,VIP,44,Female
1729,Barbara Sherman,shepardjoy@example.com,Sharjah,Al Nahda,2024-10-23,Premium,64,Male
1730,Emily Lee,marshmichael@example.com,Sharjah,Muwaileh,2025-06-05,Regular,18,Female
1731,Theresa Smith,zlara@example.org,Abu Dhabi,Corniche,2025-01-23,Regular,50,Female
1732,Tracy Copeland,pbautista@example.com,Fujairah,Al Faseel,2024-08-25,Regular,21,Female
1733,Michael Santos,bliu@example.com,Dubai,Jumeirah,2024-11-22,VIP,20,Male
1734,Stephanie Williams,gregorysmith@example.net,Abu Dhabi,Mussafah,2025-08-11,Regular,40,Female
1735,Michael Farmer,carlsonjason@example.net,Dubai,Downtown,2024-10-07,Regular,28,Female
1736,Jacqueline Perry,robertthompson@example.net,Fujairah,Sakamkam,2025-09-12,VIP,60,Female
1737,Natalie Patrick,michaelbuckley@example.org,Dubai,Marina,2025-07-19,Premium,19,Male
1738,Damon Powell,regina49@example.com,Fujairah,Al Faseel,2024-01-07,Premium,19,Female
1739,Alexander Johnson,jjohnson@example.com,Dubai,Business Bay,2025-03-12,Regular,47,Female
1740,James George,ericsmith@example.org,Ras Al Khaimah,Al Nakheel,2025-03-31,Regular,23,Male
1741,William Rodriguez,amarshall@example.net,Umm Al Quwain,Al Salamah,2024-12-28,Premium,32,Male
1742,Scott Pacheco,collinsterrance@example.com,Dubai,Business Bay,2024-12-09,Regular,65,Male
1743,Matthew Diaz,woodskaitlyn@example.net,Sharjah,Al Nahda,2024-02-09,Regular,63,Female
1744,Daniel Anderson,jeremiahmiller@example.org,Dubai,Business Bay,2025-11-07,Regular,58,Male
1745,Diane Gilbert,jeremylopez@example.net,Dubai,Business Bay,2025-01-20,Premium,34,Female
1746,Michael Murray,kathleen25@example.com,Dubai,Marina,2025-05-23,Regular,58,Male
1747,Charles Doyle,adkinslauren@example.net,Fujairah,Al Faseel,2024-01-04,Regular,53,Male
1748,Craig White,cynthiaconley@example.org,Sharjah,Al Majaz,2025-03-04,Regular,58,Male
1749,Frank Armstrong,mmathews@example.net,Abu Dhabi,Corniche,2025-06-27,VIP,37,Male
1750,Tricia Sullivan,shawnbaker@example.com,Ajman,Al Rashidiya,2025-05-16,Regular,40,Female
1751,Douglas Mack,matthew24@example.com,Dubai,Marina,2024-04-25,Regular,46,Female
1752,Katherine Dunn,barnettmatthew@example.net,Dubai,Jumeirah,2024-04-28,Regular,38,Male
1753,Richard Simmons,oconnelldavid@example.org,Dubai,Jumeirah,2025-12-22,Premium,48,Female
1754,Sandra Martinez,david54@example.com,Abu Dhabi,Khalifa City,2024-01-30,Regular,31,Female
1755,William Miller,raymondpugh@example.net,Dubai,Downtown,2024-09-24,Regular,46,Female
1756,Ryan Walker,gonzalezjulie@example.net,Dubai,Deira,2024-10-01,Premium,39,Male
1757,Brittany Heath,mcbridemichael@example.org,Dubai,Jumeirah,2024-08-14,Premium,52,Male
1758,Yolanda Jackson,craigmartin@example.net,Sharjah,Al Majaz,2025-09-20,Regular,56,Male
1759,Courtney Arias,amberfriedman@example.com,Fujairah,Al Faseel,2025-01-23,Premium,39,Female
1760,Diana Haley,hphillips@example.com,Sharjah,Muwaileh,2024-03-05,Regular,31,Female
1761,Julie Taylor,aaron48@example.net,Abu Dhabi,Khalifa City,2025-07-02,Premium,32,Female
1762,Thomas Austin,brownrobert@example.org,Sharjah,Al Nahda,2024-12-05,Regular,64,Male
1763,Mr. William Bray,petermoore@example.com,Fujairah,Al Faseel,2024-01-21,Regular,43,Female
1764,Corey Flowers,perezstacy@example.org,Dubai,Downtown,2024-11-04,Regular,62,Male
1765,Becky Singh,jamiethomas@example.com,Dubai,Deira,2025-01-21,Regular,65,Female
1766,Alexandra Wilson,alexandria97@example.org,Ajman,Al Nuaimiya,2024-03-16,Premium,64,Female
1767,Elizabeth Martinez,whernandez@example.net,Dubai,Business Bay,2025-09-11,Regular,55,Female
1768,Dillon Travis,qmassey@example.org,Dubai,Business Bay,2024-11-15,Regular,65,Male
1769,Jessica Jackson,oblake@example.net,Dubai,Jumeirah,2024-07-26,Regular,59,Female
1770,Zachary Morrison,john76@example.com,Dubai,Jumeirah,2024-04-05,VIP,53,Female
1771,Brian Carrillo,rebecca85@example.com,Abu Dhabi,Khalifa City,2025-01-26,VIP,64,Female
1772,Danielle Kelly,garcialinda@example.org,Fujairah,Al Faseel,2025-04-08,Regular,19,Female
1773,Connie Hamilton,dalton78@example.net,Sharjah,Al Nahda,2025-01-13,Regular,59,Female
1774,Jamie Stone,gwilliams@example.net,Dubai,Deira,2024-04-07,Regular,49,Male
1775,Maria Garcia,wilsonkathryn@example.com,Dubai,Jumeirah,2025-09-23,Regular,54,Male
1776,Michelle Munoz,chiggins@example.com,Dubai,Jumeirah,2024-09-15,Regular,39,Male
1777,Jessica Murray,bentleylisa@example.net,Dubai,Business Bay,2025-09-05,Premium,35,Male
1778,Jessica Odonnell,ashleyjohnson@example.com,Sharjah,Al Nahda,2025-07-12,Regular,59,Male
1779,Thomas Pham,qatkinson@example.com,Dubai,Jumeirah,2025-06-10,Premium,64,Male
1780,Hailey Beltran,joshuabowers@example.com,Ras Al Khaimah,Al Hamra,2025-12-17,Regular,18,Male
1781,William Baker,jasontownsend@example.net,Abu Dhabi,Al Reem Island,2024-06-19,Regular,25,Male
1782,Natalie Mullins,megangates@example.com,Ras Al Khaimah,Al Hamra,2024-06-23,Premium,49,Male
1783,Joshua Trujillo,leslietorres@example.net,Sharjah,Muwaileh,2025-03-04,Regular,25,Female
1784,Jared Howell,katherineharris@example.net,Umm Al Quwain,Al Salamah,2025-06-19,Regular,41,Male
1785,Mr. Jeffrey Ward,susanmorris@example.org,Dubai,Business Bay,2025-12-02,Premium,63,Female
1786,Eric Hunter,katherine82@example.com,Abu Dhabi,Mussafah,2025-04-28,Regular,39,Male
1787,Angela Davis,jphelps@example.net,Dubai,Jumeirah,2024-01-11,Regular,27,Female
1788,Hector Anderson,vgarcia@example.com,Dubai,Deira,2024-11-15,Regular,24,Female
1789,Tricia Nguyen,elizabethhill@example.com,Dubai,Deira,2025-10-01,Regular,22,Female
1790,Michael Robinson,scottcain@example.org,Abu Dhabi,Khalifa City,2024-12-19,Regular,30,Female
1791,David Smith,amassey@example.net,Dubai,Jumeirah,2025-08-21,Regular,43,Female
1792,Laura Gutierrez,yburton@example.net,Abu Dhabi,Khalifa City,2024-03-20,Regular,64,Male
1793,Robert Cox,ryan53@example.com,Dubai,Downtown,2025-07-31,Regular,51,Female
1794,Angela Steele,michelle38@example.net,Dubai,Business Bay,2025-09-11,VIP,65,Female
1795,William Mueller,gnichols@example.net,Dubai,Deira,2024-08-25,Regular,57,Male
1796,Gregory Park,stevenandrews@example.org,Dubai,Jumeirah,2024-01-01,Regular,21,Male
1797,Jeffrey Garza,bentongeorge@example.net,Abu Dhabi,Corniche,2025-03-11,Regular,50,Male
1798,Matthew Huang,jdillon@example.org,Dubai,Jumeirah,2025-01-21,Premium,40,Female
1799,Ana Higgins,stacey09@example.com,Ajman,Al Rashidiya,2025-06-27,Premium,31,Male
1800,Phillip Anderson,clewis@example.com,Fujairah,Sakamkam,2025-12-29,Premium,53,Female
1801,Megan Rivera,ithomas@example.net,Abu Dhabi,Mussafah,2025-12-02,Regular,45,Female
1802,Shari Arellano,josephmichael@example.org,Dubai,Downtown,2025-04-22,Premium,31,Male
1803,Andrea Brown,ucross@example.org,Dubai,Marina,2024-01-11,Regular,51,Male
1804,Kyle Blake,maryjohnson@example.com,Dubai,Downtown,2024-12-02,VIP,34,Male
1805,Evelyn Davis,rberry@example.com,Abu Dhabi,Al Reem Island,2025-10-24,Regular,43,Male
1806,Jane Wells,isaac45@example.org,Umm Al Quwain,Al Salamah,2024-10-07,Regular,54,Male
1807,Sherry Porter,jorgegonzalez@example.com,Ajman,Al Rashidiya,2025-09-14,Regular,29,Female
1808,Miss Gina Walton,andrew90@example.net,Sharjah,Muwaileh,2025-07-12,Regular,19,Male
1809,Jake Jackson,smithpaul@example.org,Sharjah,Al Majaz,2024-05-14,Regular,25,Male
1810,Laura Brooks,sosajacob@example.net,Abu Dhabi,Al Reem Island,2024-11-17,Premium,35,Male
1811,Mr. William Davis DDS,carolberry@example.com,Abu Dhabi,Al Reem Island,2024-12-06,Premium,28,Female
1812,Sheryl Thompson,lisawallace@example.net,Abu Dhabi,Corniche,2025-03-02,Regular,50,Male
1813,Joshua Rubio,aguirrelarry@example.com,Sharjah,Al Majaz,2024-06-25,Regular,56,Male
1814,Michael Lawrence,racheljimenez@example.net,Abu Dhabi,Corniche,2024-06-26,Premium,18,Female
1815,Louis Rogers,jmcfarland@example.com,Dubai,Downtown,2024-04-30,Regular,62,Male
1816,Terry Barnett,morganmichael@example.org,Abu Dhabi,Corniche,2024-03-31,VIP,29,Male
1817,Katherine Bauer,howardsabrina@example.com,Dubai,Business Bay,2025-10-03,Premium,18,Male
1818,Susan Zimmerman,abbottchristopher@example.net,Abu Dhabi,Corniche,2024-03-24,Regular,61,Male
1819,Joseph Andrews,psherman@example.org,Sharjah,Muwaileh,2024-05-15,Regular,63,Female
1820,Chad Gallagher,sheryl66@example.com,Dubai,Marina,2025-08-01,Regular,30,Female
1821,John Henry,anna96@example.com,Ras Al Khaimah,Al Nakheel,2024-10-29,Premium,34,Male
1822,Dr. Dustin Sutton Jr.,lopezchristopher@example.net,Abu Dhabi,Mussafah,2024-12-23,Regular,58,Male
1823,Laura Thompson,jocelyn80@example.org,Dubai,Business Bay,2025-01-29,Regular,31,Female
1824,Janice Bell,colongabrielle@example.com,Dubai,Downtown,2024-07-31,Premium,50,Female
1825,Kelly Thompson,erin03@example.org,Dubai,Marina,2024-09-21,Regular,20,Male
1826,Cody Walker,charles37@example.org,Abu Dhabi,Khalifa City,2025-05-01,Regular,38,Female
1827,Lisa Williams,sharris@example.org,Abu Dhabi,Al Reem Island,2024-11-26,Regular,18,Male
1828,Abigail Allen,tracey63@example.com,Abu Dhabi,Mussafah,2024-12-10,VIP,29,Female
1829,Jennifer Moore,christyscott@example.com,Dubai,Jumeirah,2025-07-13,Premium,46,Female
1830,Michelle Barrera,jamie46@example.net,Abu Dhabi,Corniche,2025-02-12,Premium,34,Female
1831,Rodney Bennett,lisafreeman@example.net,Abu Dhabi,Corniche,2025-11-25,Regular,32,Male
1832,Michael Williams,sanderson@example.org,Abu Dhabi,Mussafah,2025-08-14,Regular,28,Male
1833,Brian Moore,ijones@example.com,Ras Al Khaimah,Al Nakheel,2025-08-04,Regular,39,Male
1834,Patrick Moses,smitchell@example.com,Umm Al Quwain,Al Salamah,2024-05-24,Regular,28,Female
1835,Deborah Juarez,mcarson@example.org,Dubai,Marina,2024-07-24,Regular,23,Male
1836,Kathleen Martinez,harrisondaniel@example.org,Dubai,Marina,2025-03-23,Premium,27,Female
1837,James Miller,allenchristina@example.com,Dubai,Marina,2024-12-18,Regular,61,Female
1838,Jessica Hammond,kaylahardy@example.org,Abu Dhabi,Corniche,2025-11-15,Premium,63,Male
1839,Tiffany Peterson,sandra57@example.org,Sharjah,Al Majaz,2025-01-31,Regular,26,Female
1840,Amy James,william32@example.net,Sharjah,Al Nahda,2025-11-21,Regular,52,Male
1841,Matthew Gonzales,pjones@example.net,Dubai,Business Bay,2024-01-28,Premium,29,Male
1842,Kristin Thomas,brian16@example.net,Dubai,Downtown,2025-05-28,Regular,43,Male
1843,Lisa Jackson,mitchell21@example.net,Abu Dhabi,Khalifa City,2025-05-26,Regular,37,Female
1844,James Hart,hmack@example.org,Dubai,Jumeirah,2025-10-31,Regular,36,Female
1845,Amanda Gardner,banksrenee@example.net,Dubai,Jumeirah,2024-02-05,VIP,44,Male
1846,Diane Jensen,pkent@example.net,Dubai,Business Bay,2024-04-18,Premium,40,Male
1847,David Baird DDS,jcalhoun@example.com,Abu Dhabi,Corniche,2024-01-13,Regular,54,Female
1848,Heather Thomas,sylviaprice@example.com,Abu Dhabi,Al Reem Island,2025-05-12,VIP,43,Female
1849,Isabel Smith,douglas76@example.net,Sharjah,Al Nahda,2025-03-11,Premium,25,Female
1850,Sarah Archer,marygomez@example.com,Abu Dhabi,Corniche,2025-12-30,Premium,41,Male
1851,Jason Quinn,dfarley@example.com,Sharjah,Al Nahda,2025-06-28,Premium,23,Male
1852,Maurice Anderson,johnmarquez@example.net,Dubai,Business Bay,2024-09-21,Regular,57,Female
1853,Shane Hopkins,rachel86@example.com,Abu Dhabi,Corniche,2024-10-15,Regular,49,Female
1854,Cindy Thomas,danielsshaun@example.net,Dubai,Business Bay,2025-12-03,Regular,39,Female
1855,Curtis Morgan,donnagiles@example.com,Sharjah,Al Majaz,2025-07-09,Regular,40,Female
1856,Jeremy Benson,lbradley@example.com,Dubai,Downtown,2024-10-31,Regular,25,Female
1857,Miss Patricia Davidson,edwardstewart@example.org,Sharjah,Muwaileh,2025-02-09,Regular,52,Male
1858,Bianca Velazquez,cheryl98@example.net,Dubai,Marina,2025-10-10,Regular,35,Female
1859,Amanda Davis,milleralan@example.org,Umm Al Quwain,Al Salamah,2025-06-20,Regular,22,Female
1860,Brandon Huynh,james23@example.com,Dubai,Marina,2025-09-15,Premium,24,Female
1861,Heidi Blankenship,talvarez@example.org,Abu Dhabi,Al Reem Island,2024-12-11,Premium,45,Female
1862,Brian Hoffman,frankwilson@example.net,Dubai,Downtown,2025-10-30,Premium,45,Male
1863,Justin Fuller,hannah31@example.net,Sharjah,Muwaileh,2024-09-24,Regular,52,Male
1864,Susan Davis,taylorparker@example.com,Abu Dhabi,Al Reem Island,2025-01-18,Regular,45,Female
1865,Randall Willis,sarah99@example.org,Sharjah,Al Majaz,2024-10-10,Premium,56,Female
1866,Alejandro Vasquez,nicole15@example.org,Ras Al Khaimah,Al Hamra,2024-10-06,Regular,19,Female
1867,Marcus Byrd,danieldonovan@example.net,Abu Dhabi,Mussafah,2024-09-30,Regular,58,Female
1868,Mark Carter,gomeztonya@example.com,Dubai,Marina,2024-01-19,Regular,57,Female
1869,Steven Butler,michaelking@example.net,Sharjah,Muwaileh,2025-04-16,Regular,56,Female
1870,Joseph Moon,kflores@example.org,Abu Dhabi,Corniche,2025-07-25,Regular,38,Female
1871,Melody Baker,rmorgan@example.net,Ajman,Al Nuaimiya,2025-04-18,Regular,62,Male
1872,Mary Hopkins MD,andersontiffany@example.net,Abu Dhabi,Mussafah,2025-02-16,Premium,54,Male
1873,Kenneth Turner,rebeccajames@example.org,Abu Dhabi,Mussafah,2024-03-26,Premium,51,Female
1874,Debra Brooks,linda66@example.net,Dubai,Downtown,2025-04-07,Regular,57,Male
1875,Tommy Ball,tracyadams@example.com,Abu Dhabi,Corniche,2025-03-01,Premium,36,Female
1876,Angela Wade,michelle10@example.org,Umm Al Quwain,Al Salamah,2025-07-04,Regular,25,Male
1877,Ashley Jones,calvin93@example.org,Dubai,Marina,2024-04-23,Regular,28,Female
1878,Alexandra Smith,molly91@example.org,Abu Dhabi,Mussafah,2024-08-10,VIP,35,Female
1879,Tracie Costa,kristi19@example.org,Sharjah,Muwaileh,2024-04-18,Premium,38,Female
1880,Charles Hardin,lopezjennifer@example.org,Dubai,Jumeirah,2025-05-21,Regular,46,Male
1881,Rickey Hall,lovepaul@example.net,Ras Al Khaimah,Al Nakheel,2025-02-13,Regular,39,Female
1882,Karen Gonzalez,ljacobs@example.com,Abu Dhabi,Al Reem Island,2025-01-27,Premium,44,Female
1883,Michael Hancock,ramoswilliam@example.org,Dubai,Deira,2025-09-25,Regular,57,Male
1884,Craig Thomas,hollywarner@example.org,Abu Dhabi,Corniche,2024-01-24,Regular,28,Female
1885,Samuel Avila,franciscoreid@example.net,Abu Dhabi,Mussafah,2024-01-24,Premium,59,Female
1886,Jason Davidson,ronaldsummers@example.net,Abu Dhabi,Khalifa City,2024-06-14,Regular,33,Male
1887,Adam Zamora,juan21@example.org,Abu Dhabi,Khalifa City,2024-11-26,Regular,19,Male
1888,Gregory Quinn,wmiller@example.net,Abu Dhabi,Corniche,2024-09-07,Regular,33,Male
1889,William Craig,brianna59@example.net,Umm Al Quwain,Al Salamah,2025-09-10,Premium,28,Male
1890,Laura Acosta,shannon75@example.com,Abu Dhabi,Al Reem Island,2024-01-08,Premium,44,Female
1891,John Gardner,jeremyjackson@example.net,Ajman,Al Nuaimiya,2025-03-03,Premium,52,Male
1892,John Murray,dford@example.com,Sharjah,Muwaileh,2025-10-24,Premium,46,Female
1893,Oscar Cruz,markskristina@example.com,Ajman,Al Nuaimiya,2024-10-26,Premium,64,Male
1894,Lynn Ross MD,edwardshah@example.org,Dubai,Business Bay,2025-10-06,Regular,25,Male
1895,James Hernandez,james76@example.org,Dubai,Downtown,2025-08-16,Premium,41,Female
1896,Tyler Dunn,jameslawson@example.com,Abu Dhabi,Khalifa City,2024-09-05,Regular,24,Female
1897,Travis Moore,gomezdaniel@example.com,Abu Dhabi,Al Reem Island,2025-04-14,Premium,34,Female
1898,Lisa Thomas,alara@example.com,Dubai,Jumeirah,2024-12-04,Premium,54,Female
1899,Eric Moore,gabriella69@example.org,Abu Dhabi,Khalifa City,2024-05-31,Regular,32,Female
1900,Kendra Peterson,lindsay25@example.net,Abu Dhabi,Mussafah,2024-11-10,Regular,37,Female
1901,Amy West,usanchez@example.net,Sharjah,Muwaileh,2024-10-28,Premium,62,Male
1902,Shane Edwards,jbuchanan@example.com,Dubai,Downtown,2025-01-28,Regular,19,Male
1903,Erin Lee,tammyharrington@example.net,Abu Dhabi,Khalifa City,2025-08-21,Regular,64,Female
1904,Crystal Watkins,lisawright@example.net,Abu Dhabi,Khalifa City,2024-12-18,Regular,50,Female
1905,Alec Dixon,cruzeddie@example.com,Abu Dhabi,Corniche,2025-05-11,Regular,51,Female
1906,John Morrison,carl63@example.com,Dubai,Jumeirah,2024-01-15,Regular,37,Male
1907,Helen Strickland,owright@example.org,Dubai,Downtown,2025-09-15,Regular,40,Female
1908,Roger Olson,kristenfrye@example.com,Abu Dhabi,Al Reem Island,2025-06-20,Premium,41,Male
1909,Miss Kimberly Holloway,susanharper@example.org,Dubai,Deira,2024-12-03,Regular,53,Male
1910,Antonio Dyer,john66@example.net,Umm Al Quwain,Al Salamah,2025-04-02,Regular,33,Female
1911,Alexandra Green,kennethjohnson@example.net,Sharjah,Al Majaz,2025-12-07,Premium,32,Female
1912,Angela Marshall,seanreyes@example.org,Dubai,Business Bay,2024-09-29,Regular,65,Male
1913,Olivia Rodriguez,stephen39@example.com,Sharjah,Al Majaz,2024-05-15,Regular,31,Male
1914,Kevin Morris,martinezmindy@example.net,Dubai,Business Bay,2025-05-03,Regular,21,Female
1915,Charles Decker,opierce@example.com,Sharjah,Al Majaz,2024-07-20,Regular,23,Female
1916,Jennifer Nguyen,schneidermario@example.net,Dubai,Business Bay,2025-08-26,Regular,37,Male
1917,Jorge Sharp,tylermcintosh@example.org,Abu Dhabi,Al Reem Island,2025-03-29,Regular,58,Female
1918,Joseph Bentley,christopherward@example.com,Umm Al Quwain,Al Salamah,2025-02-20,Regular,58,Male
1919,Jason Potter,dmorales@example.net,Dubai,Jumeirah,2025-06-10,VIP,37,Female
1920,Richard Neal,olsenshane@example.org,Ajman,Al Nuaimiya,2024-12-15,Premium,50,Female
1921,Sheila Perez,newmanangela@example.org,Abu Dhabi,Al Reem Island,2024-07-05,Regular,50,Female
1922,Melissa Mendoza,robinsonjesse@example.org,Abu Dhabi,Khalifa City,2024-03-08,Premium,24,Female
1923,Brenda Flores,qavila@example.com,Dubai,Business Bay,2024-07-06,Premium,32,Male
1924,Ralph Vasquez,cpierce@example.org,Dubai,Downtown,2024-11-23,Regular,61,Female
1925,Christine Aguilar,baileychristopher@example.com,Ras Al Khaimah,Al Nakheel,2025-08-07,Regular,30,Female
1926,Sandra Sanders,amandaherman@example.net,Sharjah,Al Majaz,2025-09-16,Regular,51,Female
1927,Deborah Brooks,mmoore@example.net,Abu Dhabi,Corniche,2024-10-02,VIP,48,Female
1928,Craig Hurst,swilson@example.com,Dubai,Downtown,2024-12-07,Premium,38,Female
1929,Larry Curtis,hharris@example.org,Dubai,Business Bay,2025-02-06,Regular,43,Male
1930,Brian Fitzpatrick,jameshudson@example.net,Fujairah,Sakamkam,2025-10-23,VIP,35,Male
1931,Michael Lewis,michael03@example.net,Sharjah,Al Majaz,2024-08-01,Regular,41,Male
1932,Sarah Robinson,collinsjavier@example.org,Dubai,Jumeirah,2024-11-29,Regular,30,Male
1933,Christine Arroyo,dcortez@example.com,Abu Dhabi,Corniche,2024-10-07,Regular,28,Female
1934,Carmen Vasquez,laura31@example.net,Sharjah,Muwaileh,2025-08-30,VIP,20,Female
1935,Aaron Johnson,vincentstacey@example.org,Abu Dhabi,Corniche,2024-09-12,VIP,55,Female
1936,James Carroll,coltonrichardson@example.net,Dubai,Deira,2025-10-16,Regular,41,Female
1937,Jay Walter,ramirezdesiree@example.com,Ras Al Khaimah,Al Nakheel,2025-04-28,Premium,22,Female
1938,Stephanie Turner,stephen31@example.net,Umm Al Quwain,Al Salamah,2024-06-04,Regular,54,Male
1939,Melanie Johnson,hthompson@example.org,Abu Dhabi,Corniche,2024-09-08,Regular,60,Female
1940,Jordan Tanner,joseph97@example.org,Abu Dhabi,Mussafah,2025-12-07,Regular,22,Female
1941,Brittany Brown,fjohnson@example.com,Fujairah,Sakamkam,2025-04-01,Regular,47,Male
1942,Jennifer Dudley,douglassusan@example.com,Abu Dhabi,Mussafah,2024-07-22,Regular,65,Male
1943,Michelle Harris,andrew43@example.org,Dubai,Jumeirah,2025-03-13,Premium,21,Male
1944,Rita Forbes,russomary@example.com,Ras Al Khaimah,Al Hamra,2024-01-17,Regular,20,Female
1945,Michele Conner,mitchellchristopher@example.com,Sharjah,Al Nahda,2024-10-16,Regular,22,Male
1946,John Martin,jessica82@example.com,Abu Dhabi,Al Reem Island,2025-06-28,Premium,23,Female
1947,Hannah Thompson,wwatson@example.com,Abu Dhabi,Khalifa City,2024-03-15,Premium,47,Female
1948,Michael Preston,bward@example.org,Ras Al Khaimah,Al Nakheel,2025-10-28,Regular,59,Female
1949,Stacey Cook,debbie78@example.net,Abu Dhabi,Corniche,2024-01-22,Regular,18,Female
1950,Andrew Hunter,carolfernandez@example.net,Dubai,Marina,2024-11-26,Regular,32,Female
1951,Robert Taylor,makaylasanders@example.com,Abu Dhabi,Khalifa City,2025-08-11,Premium,63,Male
1952,Wanda Stephens,johnstonjonathan@example.net,Dubai,Marina,2024-07-30,Regular,19,Male
1953,Carmen Perez,tracy55@example.net,Sharjah,Muwaileh,2024-12-22,Regular,38,Male
1954,Kelly Weiss,barbarabrady@example.net,Abu Dhabi,Khalifa City,2024-11-06,Regular,35,Male
1955,Ashley Bowman,barrytanya@example.org,Fujairah,Al Faseel,2024-12-29,Regular,46,Male
1956,Thomas Neal MD,nturner@example.net,Ajman,Al Rashidiya,2024-01-27,Premium,65,Male
1957,Tiffany Lee,johnsondavid@example.org,Dubai,Jumeirah,2025-03-25,Regular,42,Male
1958,Melanie Jones,btapia@example.com,Dubai,Marina,2025-06-02,Premium,25,Male
1959,Alexandra Harper,paul34@example.com,Sharjah,Al Majaz,2025-05-15,Regular,38,Female
1960,Tamara Reid,sheltontiffany@example.com,Dubai,Deira,2025-06-03,Regular,50,Male
1961,Andre Haynes,xmullins@example.org,Fujairah,Al Faseel,2024-01-08,Premium,43,Male
1962,Kevin Gilmore,yvang@example.org,Dubai,Downtown,2024-03-07,VIP,59,Female
1963,Olivia Miller,amy13@example.net,Dubai,Deira,2025-10-28,Premium,48,Male
1964,Lynn Davis,pcurry@example.net,Fujairah,Sakamkam,2025-10-24,Regular,33,Male
1965,Mrs. Emily Waters,arobinson@example.org,Abu Dhabi,Khalifa City,2025-06-15,Regular,48,Male
1966,Carl Huffman,wallssean@example.net,Dubai,Marina,2025-11-07,Regular,44,Male
1967,Donald Cunningham,kingdavid@example.net,Dubai,Marina,2025-06-15,Premium,60,Male
1968,Steven Carter Jr.,carolyn61@example.net,Dubai,Deira,2024-06-15,Regular,37,Female
1969,Ryan Gonzalez,ywright@example.net,Abu Dhabi,Mussafah,2025-09-28,Regular,19,Female
1970,Susan Barton,turnerjeffrey@example.net,Dubai,Jumeirah,2024-02-05,VIP,20,Female
1971,Katherine Reeves,garciadonald@example.net,Sharjah,Muwaileh,2025-06-21,Regular,18,Female
1972,Lisa Johnson,srichardson@example.com,Ras Al Khaimah,Al Nakheel,2025-03-05,Regular,48,Female
1973,Joseph Benson,barnesarthur@example.com,Umm Al Quwain,Al Salamah,2024-05-17,Premium,18,Female
1974,Jennifer Brown,natalie57@example.com,Abu Dhabi,Mussafah,2024-05-11,Premium,41,Male
1975,Dana Reilly,davidmartin@example.net,Abu Dhabi,Khalifa City,2024-05-08,Regular,27,Male
1976,Craig Keller,angela71@example.net,Abu Dhabi,Al Reem Island,2025-02-17,Premium,24,Male
1977,Jason Castro,jamesevans@example.net,Dubai,Marina,2025-11-06,Regular,47,Female
1978,Alexandra Brown,rodriguezelizabeth@example.net,Sharjah,Al Majaz,2024-12-01,Regular,27,Male
1979,Elizabeth Cain,samantha73@example.org,Sharjah,Al Nahda,2025-10-09,Premium,29,Male
1980,Karen Lewis,paulschultz@example.net,Dubai,Deira,2024-08-31,Regular,18,Female
1981,Andrea Estrada,michellejones@example.net,Abu Dhabi,Mussafah,2024-07-11,Premium,54,Female
1982,Angel Martin DDS,xfranco@example.org,Abu Dhabi,Khalifa City,2025-04-09,Regular,46,Male
1983,Jennifer Goodwin,harrellkimberly@example.org,Sharjah,Muwaileh,2025-06-10,Regular,29,Female
1984,Nicholas Brooks,oobrien@example.net,Dubai,Jumeirah,2025-07-16,Premium,60,Female
1985,Karen Avery,wlucas@example.net,Sharjah,Al Nahda,2024-03-05,Regular,19,Male
1986,Kyle Roberts,reynoldsanthony@example.org,Dubai,Jumeirah,2024-04-23,Regular,36,Male
1987,Michele Waters,woodphillip@example.com,Ajman,Al Rashidiya,2025-04-08,Regular,23,Male
1988,Victoria Peterson,samantha78@example.com,Dubai,Business Bay,2024-07-18,Premium,32,Male
1989,Seth Barker,taylordavis@example.com,Dubai,Downtown,2025-06-22,Premium,54,Male
1990,Kim Jensen,kingjoseph@example.com,Sharjah,Al Nahda,2025-07-06,Premium,51,Male
1991,Linda Perez,rebecca93@example.com,Dubai,Deira,2025-11-27,Regular,57,Male
1992,Cheryl Rogers,mramirez@example.com,Ajman,Al Nuaimiya,2025-07-07,Regular,30,Female
1993,Chelsea Austin,leahbarker@example.org,Dubai,Jumeirah,2024-10-30,VIP,44,Female
1994,Heather Daniels,james79@example.net,Abu Dhabi,Khalifa City,2024-11-03,Regular,63,Female
1995,Nathaniel Walter,jamietyler@example.com,Dubai,Business Bay,2025-08-31,Regular,44,Male
1996,Matthew Crawford,peterlove@example.net,Dubai,Marina,2024-09-05,Premium,59,Female
1997,Glenn Scott,kingtammy@example.net,Dubai,Marina,2024-09-11,Regular,35,Male
1998,Mrs. Chelsea Villa,jgibson@example.net,Ras Al Khaimah,Al Nakheel,2025-08-22,Regular,27,Female
1999,Kayla Fisher,brent67@example.net,Sharjah,Al Majaz,2025-10-14,Regular,51,Male
2000,Jeffrey Edwards,herbertward@example.org,Sharjah,Muwaileh,2025-04-27,Premium,37,Male
2001,Benjamin Rodriguez,david16@example.org,Abu Dhabi,Corniche,2024-06-06,Premium,64,Female
2002,Matthew Brown,morganclaudia@example.com,Ajman,Al Nuaimiya,2025-01-25,Regular,47,Female
2003,David Robinson,sarah53@example.org,Abu Dhabi,Corniche,2024-10-25,Regular,23,Female
2004,Kevin Farmer,lindabryan@example.org,Dubai,Jumeirah,2025-12-19,Regular,58,Male
2005,Alicia Martin,lisa11@example.org,Ajman,Al Rashidiya,2024-10-09,Regular,39,Female
2006,Connie Stevens,patricialowery@example.com,Abu Dhabi,Mussafah,2024-12-31,Regular,63,Female
2007,David Parker,ogriffin@example.org,Dubai,Jumeirah,2024-08-14,Regular,35,Male
2008,Jennifer Wallace,jocelyncruz@example.net,Umm Al Quwain,Al Salamah,2025-07-28,Premium,42,Female
2009,Allison Hubbard,nicolehenry@example.net,Dubai,Deira,2025-08-27,VIP,54,Male
2010,Alex Romero,mmassey@example.org,Dubai,Marina,2025-01-04,Premium,56,Female
2011,Michael Burke,zjackson@example.org,Sharjah,Muwaileh,2024-02-10,Regular,46,Female
2012,Harry Hill,rachel69@example.com,Abu Dhabi,Al Reem Island,2025-02-12,Premium,45,Male
2013,Melissa Elliott,chavezlauren@example.com,Dubai,Marina,2024-01-25,VIP,24,Female
2014,Heather Smith,bramsey@example.org,Ras Al Khaimah,Al Nakheel,2025-04-12,Regular,61,Female
2015,Gregory Adams,timothy23@example.net,Dubai,Marina,2024-10-10,Premium,38,Female
2016,Linda Patrick,wernermichael@example.org,Abu Dhabi,Mussafah,2024-06-13,Regular,53,Female
2017,Thomas Davis,wrightalicia@example.com,Sharjah,Al Nahda,2024-06-25,Premium,39,Female
2018,Edward Garrison,garrett13@example.org,Abu Dhabi,Khalifa City,2024-11-20,Regular,64,Male
2019,Laura Logan,keithharrison@example.com,Abu Dhabi,Mussafah,2025-09-28,Regular,42,Male
2020,Cynthia Morton,carriejones@example.org,Dubai,Jumeirah,2024-12-25,Premium,41,Male
2021,Richard Ferguson,xtran@example.net,Fujairah,Sakamkam,2024-01-17,Regular,37,Female
2022,Joseph Lopez,nguyengeorge@example.com,Sharjah,Muwaileh,2024-07-01,Regular,22,Male
2023,Alicia Wagner,longgary@example.com,Dubai,Business Bay,2025-11-10,Premium,27,Female
2024,Carlos Hensley,audrey47@example.org,Abu Dhabi,Corniche,2024-05-16,Regular,65,Female
2025,Michael Reeves,daniellewebster@example.org,Abu Dhabi,Al Reem Island,2024-11-27,Regular,20,Male
2026,Mrs. Donna Rice,zbyrd@example.net,Abu Dhabi,Mussafah,2024-01-27,Regular,62,Male
2027,Jennifer Warren,kristin96@example.com,Dubai,Marina,2025-03-26,Premium,27,Male
2028,Jennifer Gordon,cmartinez@example.org,Dubai,Deira,2025-09-18,Premium,44,Male
2029,Zachary Wilkinson,munozrobert@example.com,Dubai,Business Bay,2025-08-17,Regular,42,Female
2030,Alexander Freeman,lewiskimberly@example.org,Sharjah,Al Nahda,2024-09-26,Regular,33,Female
2031,Kevin Blake,deborahturner@example.org,Abu Dhabi,Al Reem Island,2025-12-10,Regular,62,Male
2032,Steven Mckee,tommy77@example.com,Sharjah,Muwaileh,2024-05-11,VIP,50,Female
2033,Julie Perry,sanchezdustin@example.net,Abu Dhabi,Al Reem Island,2025-09-10,Premium,63,Male
2034,Elizabeth Brown,pblankenship@example.com,Abu Dhabi,Al Reem Island,2025-04-16,Regular,55,Female
2035,Edward Nicholson,ewilliams@example.org,Dubai,Marina,2024-01-23,Regular,59,Male
2036,Corey Weeks,alexgarcia@example.net,Ras Al Khaimah,Al Hamra,2025-12-24,Regular,40,Male
2037,Debra Johnson,crystalwatson@example.com,Fujairah,Sakamkam,2025-08-06,VIP,64,Male
2038,Robert Stevens,justin08@example.net,Sharjah,Al Nahda,2025-03-17,VIP,31,Female
2039,Jeffrey Freeman,estradaamy@example.net,Dubai,Downtown,2024-12-04,Regular,50,Female
2040,Andrea Donaldson,trivera@example.com,Dubai,Business Bay,2025-11-28,Regular,18,Male
2041,Madison Thomas,christopherreyes@example.com,Sharjah,Al Nahda,2025-08-24,Premium,22,Male
2042,Andrew Smith,jameshudson@example.com,Abu Dhabi,Khalifa City,2024-07-18,VIP,29,Male
2043,Sonya Simmons,veronica30@example.org,Dubai,Jumeirah,2024-05-02,Regular,43,Female
2044,Andrew Acosta,robinsonrose@example.org,Sharjah,Al Nahda,2025-12-14,Regular,39,Male
2045,Katherine Miller,vcain@example.net,Dubai,Downtown,2024-06-30,Premium,49,Male
2046,Jacqueline Harrison,barbara85@example.net,Dubai,Jumeirah,2024-07-24,Regular,59,Male
2047,Kelsey Contreras,linda33@example.org,Dubai,Deira,2025-06-20,Regular,56,Male
2048,Dillon Case,victor60@example.net,Umm Al Quwain,Al Salamah,2025-11-30,Regular,18,Male
2049,Scott Rodriguez,angelarichard@example.org,Dubai,Jumeirah,2024-11-09,Premium,54,Female
2050,Danielle Stein,terrywilliam@example.com,Ajman,Al Nuaimiya,2024-07-12,Regular,29,Male
2051,Jennifer Rivera,sanchezcindy@example.net,Umm Al Quwain,Al Salamah,2025-11-30,Regular,54,Male
2052,Erik Small,bsullivan@example.org,Ras Al Khaimah,Al Nakheel,2025-06-03,Premium,46,Male
2053,William Cook,david37@example.com,Abu Dhabi,Al Reem Island,2024-11-15,Regular,61,Male
2054,Jennifer Lewis,satkinson@example.org,Abu Dhabi,Khalifa City,2024-04-12,Regular,27,Female
2055,Carmen Moore,brittney11@example.org,Fujairah,Sakamkam,2025-04-03,Premium,22,Female
2056,Omar Hernandez,fvasquez@example.net,Dubai,Marina,2024-09-02,Regular,43,Male
2057,Wendy Smith,antoniocarter@example.com,Dubai,Jumeirah,2025-11-06,Regular,51,Male
2058,Tamara Graves,williamspatricia@example.com,Abu Dhabi,Mussafah,2025-06-23,Regular,52,Female
2059,Zachary Miller,mendezlori@example.org,Sharjah,Muwaileh,2024-07-24,Regular,46,Male
2060,Stephanie Holloway,lrodriguez@example.com,Dubai,Jumeirah,2025-02-17,Regular,49,Male
2061,Kelly Decker,dillon79@example.com,Abu Dhabi,Mussafah,2025-07-28,Regular,37,Female
2062,Ricardo Robertson,sobrien@example.com,Umm Al Quwain,Al Salamah,2025-12-01,Regular,20,Male
2063,Samuel Ortega,wpatrick@example.net,Fujairah,Sakamkam,2025-08-24,Regular,59,Female
2064,Matthew Briggs,proman@example.com,Sharjah,Muwaileh,2024-01-29,VIP,42,Male
2065,Christine Murray,benjaminbrown@example.org,Dubai,Business Bay,2024-02-23,Premium,51,Male
2066,Zachary Martinez,campbellmarvin@example.com,Abu Dhabi,Al Reem Island,2024-08-07,Regular,29,Male
2067,Michelle Graham,spearselizabeth@example.net,Sharjah,Al Majaz,2024-07-27,Regular,58,Male
2068,Laurie Pineda,pauladouglas@example.com,Dubai,Jumeirah,2024-07-29,VIP,18,Male
2069,Corey Jones,randalllinda@example.com,Abu Dhabi,Mussafah,2024-06-30,Premium,41,Female
2070,Jonathan Barrett,ubowers@example.com,Dubai,Marina,2025-09-05,Regular,34,Female
2071,Gabriel Levy,wbarrett@example.net,Abu Dhabi,Mussafah,2024-07-28,Premium,35,Female
2072,Catherine Booth,stephanieperry@example.com,Abu Dhabi,Corniche,2025-02-27,Regular,30,Female
2073,Felicia Williams,johnmunoz@example.com,Dubai,Deira,2025-10-03,Regular,46,Male
2074,Michelle Butler,welchjennifer@example.net,Abu Dhabi,Khalifa City,2024-03-13,Regular,28,Female
2075,Aaron Webb,jasoncook@example.net,Dubai,Business Bay,2024-12-01,VIP,34,Female
2076,Natasha Hill,lpreston@example.net,Dubai,Downtown,2024-10-18,Regular,25,Female
2077,Christina Carrillo,gibsonjennifer@example.net,Ajman,Al Nuaimiya,2024-03-29,Premium,30,Male
2078,Zachary Bryant,marvin69@example.net,Abu Dhabi,Al Reem Island,2025-04-25,Regular,32,Male
2079,Amy Gallegos,mhickman@example.net,Ajman,Al Nuaimiya,2024-03-26,Regular,57,Female
2080,Ethan Garza,pbaker@example.org,Abu Dhabi,Khalifa City,2025-03-28,Premium,60,Male
2081,Mary Riley,hbaker@example.org,Sharjah,Muwaileh,2024-11-21,Regular,27,Female
2082,Trevor Cole,dsmith@example.org,Ajman,Al Rashidiya,2024-06-28,Regular,59,Male
2083,Denise Olsen,usmith@example.net,Dubai,Marina,2024-10-25,Regular,29,Male
2084,Patricia Alvarado,nzhang@example.net,Dubai,Jumeirah,2024-01-26,Regular,33,Female
2085,Donna Wilson,saraprice@example.net,Abu Dhabi,Khalifa City,2025-07-14,Regular,61,Male
2086,Joshua Gonzalez,pmiller@example.org,Dubai,Business Bay,2024-01-18,Premium,64,Female
2087,Alicia Anderson,gary44@example.com,Dubai,Marina,2024-04-16,Regular,18,Male
2088,Jeffery Daniel,connor44@example.net,Sharjah,Muwaileh,2024-05-02,Premium,20,Male
2089,Margaret Jones,morganfarrell@example.org,Dubai,Jumeirah,2025-08-08,Regular,61,Female
2090,Andrea Townsend,tammy17@example.com,Abu Dhabi,Khalifa City,2025-11-30,Regular,40,Female
2091,Ralph Chan,edixon@example.net,Abu Dhabi,Khalifa City,2025-04-10,Premium,32,Male
2092,Rachel Kelly,gomezpaul@example.org,Dubai,Marina,2025-02-01,Premium,41,Male
2093,Danielle Smith,gayfrancis@example.com,Abu Dhabi,Mussafah,2024-05-27,Regular,63,Male
2094,Robert Nichols,writter@example.net,Umm Al Quwain,Al Salamah,2025-10-03,Regular,43,Female
2095,Gerald Price,ggarcia@example.com,Ras Al Khaimah,Al Hamra,2025-04-08,VIP,47,Female
2096,Connor Walsh,cherryjulie@example.net,Dubai,Jumeirah,2024-05-16,Regular,31,Male
2097,Phyllis Grant,phughes@example.com,Abu Dhabi,Mussafah,2025-04-19,Premium,44,Female
2098,Andrew Chavez,duncanandre@example.net,Abu Dhabi,Khalifa City,2025-02-06,Regular,52,Female
2099,Mariah Perry,montesmichelle@example.org,Dubai,Business Bay,2025-02-26,Regular,39,Male
2100,Brendan Meyer,watkinsthomas@example.net,Abu Dhabi,Corniche,2024-07-03,Regular,31,Female
2101,Molly Peterson DDS,hartmandanielle@example.org,Abu Dhabi,Khalifa City,2024-10-06,Premium,59,Female
2102,Rodney Carter,brownkevin@example.org,Abu Dhabi,Khalifa City,2024-06-03,Regular,33,Male
2103,Robyn Kidd,matthew61@example.net,Sharjah,Al Nahda,2024-11-19,VIP,57,Male
2104,Jonathan Rodgers,sjohnson@example.com,Abu Dhabi,Al Reem Island,2024-03-28,Regular,21,Female
2105,Brandon Taylor,coxcody@example.com,Ajman,Al Rashidiya,2024-12-31,Premium,31,Female
2106,Emily Martinez,brandimiller@example.org,Ajman,Al Rashidiya,2025-09-30,Regular,46,Female
2107,Ryan Pierce,cainana@example.net,Dubai,Marina,2024-10-23,Regular,53,Male
2108,Kimberly Escobar,craig60@example.com,Ras Al Khaimah,Al Nakheel,2024-06-16,Regular,57,Female
2109,Jennifer Barrett,joyce21@example.org,Dubai,Business Bay,2025-10-05,Premium,35,Male
2110,Leah Rodriguez,zwilliams@example.com,Umm Al Quwain,Al Salamah,2025-03-31,Premium,26,Female
2111,Brian Moore,christopherjackson@example.net,Abu Dhabi,Corniche,2024-06-23,Regular,41,Female
2112,Mercedes Garcia,ruizjessica@example.org,Abu Dhabi,Khalifa City,2025-04-03,VIP,60,Female
2113,Tyler Shields,veronicasmith@example.net,Ras Al Khaimah,Al Nakheel,2025-01-13,Regular,57,Female
2114,Laura Blair,travisyoung@example.com,Abu Dhabi,Khalifa City,2024-04-23,VIP,38,Female
2115,Michael Lee,max69@example.com,Sharjah,Al Majaz,2024-12-29,VIP,49,Male
2116,Donna Wright,mannjonathan@example.net,Abu Dhabi,Corniche,2024-06-22,Premium,30,Female
2117,Dr. Jared Lee III,barbaraolsen@example.net,Umm Al Quwain,Al Salamah,2025-05-16,VIP,21,Male
2118,Michael Anderson,halljohn@example.org,Sharjah,Al Nahda,2025-04-04,Regular,35,Female
2119,Melinda Anderson,joshuarodriguez@example.org,Abu Dhabi,Mussafah,2025-07-18,Regular,57,Male
2120,Michelle Greer,gutierrezmatthew@example.com,Sharjah,Al Majaz,2024-11-05,Regular,48,Female
2121,Nathaniel Floyd,mark66@example.net,Dubai,Downtown,2025-12-14,Regular,50,Female
2122,Denise Alvarado,jamiegomez@example.net,Dubai,Downtown,2024-05-15,Premium,53,Male
2123,Mary Burns,samuel40@example.com,Abu Dhabi,Mussafah,2024-03-26,VIP,23,Female
2124,Antonio Small,goodmanalice@example.org,Ajman,Al Nuaimiya,2024-01-24,Premium,24,Male
2125,Stanley Taylor,gregory07@example.net,Dubai,Downtown,2024-03-07,Regular,33,Male
2126,Jesse Turner,shannonbarker@example.com,Ajman,Al Nuaimiya,2024-01-14,Premium,57,Male
2127,Tracey Nelson,iwalker@example.org,Dubai,Jumeirah,2025-10-08,Premium,24,Male
2128,Maria Cruz,danielgriffith@example.net,Dubai,Marina,2024-07-23,Regular,63,Male
2129,Brett Atkins,julie01@example.net,Dubai,Marina,2024-08-03,Premium,42,Female
2130,Ashley Roach,lisa89@example.net,Abu Dhabi,Khalifa City,2025-05-02,Premium,49,Male
2131,Kendra White,amadden@example.org,Abu Dhabi,Al Reem Island,2025-03-29,Regular,23,Male
2132,Erin Norris,jacoboconnor@example.net,Umm Al Quwain,Al Salamah,2024-05-27,Regular,30,Male
2133,Danielle Ballard,courtneysantiago@example.net,Sharjah,Al Majaz,2024-07-11,Premium,32,Male
2134,Heather James,pamelanguyen@example.com,Dubai,Business Bay,2024-10-30,Regular,58,Female
2135,Peter Patel,jperez@example.org,Dubai,Downtown,2024-12-19,Regular,59,Female
2136,Ashley Huang,robertwilliams@example.com,Dubai,Marina,2024-03-07,Regular,40,Male
2137,Zachary Jones,ohiggins@example.net,Abu Dhabi,Corniche,2024-03-22,Regular,65,Male
2138,Jacob Johnson,hullrobert@example.com,Dubai,Downtown,2025-12-15,Premium,22,Female
2139,Stacy Orozco,petersonjoel@example.org,Sharjah,Al Nahda,2025-04-06,Premium,48,Female
2140,David George,bradleybarker@example.net,Abu Dhabi,Corniche,2024-11-16,VIP,30,Male
2141,Peter Chandler,nmontoya@example.com,Abu Dhabi,Al Reem Island,2025-12-08,Regular,47,Female
2142,Ariel Gordon,sandyramirez@example.com,Ras Al Khaimah,Al Hamra,2025-04-19,Regular,27,Female
2143,Taylor Mullins,anthonydavis@example.net,Dubai,Deira,2024-05-22,Regular,58,Male
2144,Mary Lee,jimwilliams@example.org,Dubai,Deira,2025-03-20,Regular,29,Male
2145,Daniel Anderson,cbrown@example.org,Dubai,Jumeirah,2025-04-28,Regular,30,Male
2146,Amanda Swanson,michaelsherman@example.com,Abu Dhabi,Khalifa City,2024-11-06,Regular,30,Female
2147,Jessica Watts,patelgabrielle@example.com,Abu Dhabi,Corniche,2025-03-19,VIP,28,Female
2148,Phillip Lewis,roberthamilton@example.net,Fujairah,Al Faseel,2024-12-27,Regular,38,Female
2149,Deborah Meyer,olivia29@example.net,Abu Dhabi,Khalifa City,2024-08-28,VIP,31,Female
2150,Cindy Cole,cherylnorton@example.com,Abu Dhabi,Mussafah,2025-10-08,Regular,37,Female
2151,Larry Howe,gonzalezkenneth@example.net,Abu Dhabi,Khalifa City,2025-06-26,Regular,41,Male
2152,Brandon Perkins,rachelhall@example.net,Dubai,Jumeirah,2024-03-05,Regular,44,Male
2153,Shannon Castro,lblankenship@example.net,Dubai,Downtown,2025-12-05,VIP,38,Female
2154,Brandy Holmes,laurenallen@example.org,Sharjah,Muwaileh,2024-12-14,Premium,62,Male
2155,Lisa Wilkerson,ambermiller@example.net,Ras Al Khaimah,Al Hamra,2025-10-09,VIP,32,Male
2156,Debbie Rivera,mariawilliams@example.com,Sharjah,Al Majaz,2025-05-15,Regular,19,Female
2157,Christine Pratt,hollydavis@example.org,Abu Dhabi,Al Reem Island,2025-01-28,Regular,23,Female
2158,Andrea Le,rojasmarc@example.org,Abu Dhabi,Mussafah,2024-03-09,Regular,30,Female
2159,Wendy Morgan,cannonkimberly@example.net,Sharjah,Al Nahda,2024-03-01,Regular,58,Male
2160,Shari Sharp,morriskatherine@example.net,Dubai,Business Bay,2025-05-09,Regular,35,Female
2161,Angela Lee,gonzalespatricia@example.net,Abu Dhabi,Mussafah,2025-09-11,Regular,59,Male
2162,Richard Goodman,ballvanessa@example.com,Fujairah,Al Faseel,2024-10-29,Premium,30,Female
2163,Brian Rocha,karen42@example.org,Dubai,Jumeirah,2025-03-09,Regular,31,Male
2164,Brittany Barnett,hmitchell@example.org,Dubai,Deira,2025-10-29,Premium,23,Female
2165,Roger Roberts,edwardstaylor@example.net,Abu Dhabi,Khalifa City,2025-04-02,Regular,28,Female
2166,Alexander Greene,stanleynina@example.com,Sharjah,Al Majaz,2024-10-07,Regular,63,Female
2167,Glenn Ward,alyssa66@example.net,Dubai,Business Bay,2024-05-11,VIP,25,Male
2168,Jason Salinas,vickiwood@example.org,Ajman,Al Rashidiya,2025-01-12,Regular,64,Female
2169,Roberto Glover,jblair@example.net,Abu Dhabi,Corniche,2025-10-23,Regular,38,Male
2170,John Russell,robertchase@example.net,Abu Dhabi,Mussafah,2025-08-02,Regular,50,Male
2171,Henry Lutz,davidbrown@example.org,Sharjah,Muwaileh,2024-05-15,Regular,22,Male
2172,Sharon King,zamorarose@example.net,Dubai,Business Bay,2024-06-16,Regular,41,Female
2173,Mario Green,amywells@example.org,Dubai,Jumeirah,2024-12-17,Regular,52,Male
2174,Jamie Gallagher,rossjohn@example.net,Abu Dhabi,Corniche,2025-12-12,Regular,23,Male
2175,Michael Montgomery,jessica89@example.net,Abu Dhabi,Al Reem Island,2024-09-24,Regular,59,Male
2176,Monica Russell,andrewsuarez@example.net,Dubai,Marina,2025-05-05,Regular,32,Male
2177,Nathan Kirk,tlewis@example.com,Fujairah,Al Faseel,2025-05-27,Regular,58,Female
2178,Shane Short,sonia62@example.com,Dubai,Downtown,2025-05-19,Premium,62,Female
2179,Jacqueline Roberts,lopezkristina@example.net,Abu Dhabi,Al Reem Island,2024-07-23,Regular,32,Female
2180,Gina Vega,james01@example.com,Dubai,Deira,2025-08-18,Regular,28,Female
2181,Jason Ramirez,william88@example.org,Dubai,Business Bay,2024-01-08,Premium,36,Female
2182,Monica Richardson,mariahill@example.net,Abu Dhabi,Corniche,2024-06-12,Premium,34,Female
2183,Julie Decker,nunezmatthew@example.com,Dubai,Downtown,2025-02-06,Premium,46,Male
2184,Amy Farrell,jamesrobinson@example.com,Abu Dhabi,Corniche,2024-07-28,Regular,42,Male
2185,Joseph Matthews,fosterjeffrey@example.org,Sharjah,Al Majaz,2024-07-23,Premium,37,Male
2186,Ann Dawson,ufox@example.org,Ras Al Khaimah,Al Hamra,2025-01-04,Regular,58,Male
2187,Lisa Gonzalez,mccoyjames@example.org,Abu Dhabi,Mussafah,2024-08-10,Regular,18,Male
2188,Mathew Key,khanmelissa@example.net,Ajman,Al Rashidiya,2024-07-30,VIP,42,Female
2189,Bradley Brady,uchang@example.com,Abu Dhabi,Corniche,2025-09-08,VIP,48,Female
2190,Tyler Garrison,smithjack@example.org,Sharjah,Muwaileh,2024-09-11,Regular,18,Male
2191,Alyssa Rodriguez PhD,dunnmary@example.net,Abu Dhabi,Al Reem Island,2024-10-07,Regular,42,Male
2192,Dana Bennett,fwalsh@example.com,Dubai,Downtown,2024-08-08,Regular,45,Female
2193,Samantha Carlson,nrangel@example.net,Dubai,Jumeirah,2025-10-31,Regular,20,Male
2194,Jacob Conner,normajones@example.net,Dubai,Downtown,2025-04-12,Regular,58,Male
2195,Bryce Fox,daniel43@example.org,Ras Al Khaimah,Al Hamra,2024-06-27,Regular,64,Male
2196,John Massey,katherinerussell@example.org,Abu Dhabi,Mussafah,2024-10-03,Premium,48,Male
2197,Brooke Lewis,charleshayes@example.com,Sharjah,Al Majaz,2024-08-08,Regular,42,Male
2198,Billy Scott,dominguezmeredith@example.com,Dubai,Jumeirah,2025-04-21,Regular,18,Male
2199,Joshua Shepard,gallegoscrystal@example.com,Abu Dhabi,Mussafah,2025-12-27,Premium,30,Female
2200,Timothy Patterson,stonecody@example.net,Dubai,Downtown,2024-07-11,Premium,18,Male
2201,Richard Smith,acevedonancy@example.org,Ajman,Al Rashidiya,2025-07-26,Premium,63,Male
2202,Christina Myers,meyerskathryn@example.com,Dubai,Deira,2025-09-04,Regular,48,Male
2203,Jesus Flores,corythompson@example.org,Dubai,Downtown,2025-07-18,Regular,65,Female
2204,Gilbert Williams,lhicks@example.com,Dubai,Business Bay,2025-02-15,Regular,40,Female
2205,Karina Boone,phines@example.org,Dubai,Jumeirah,2025-11-22,Regular,45,Male
2206,Victoria Guerra,kara01@example.org,Abu Dhabi,Khalifa City,2024-12-06,Regular,46,Male
2207,Julian Leon,vdeleon@example.com,Ras Al Khaimah,Al Hamra,2025-06-02,Regular,39,Male
2208,Scott Durham,ricklewis@example.net,Ajman,Al Nuaimiya,2024-07-29,Regular,44,Male
2209,Nathaniel Brown,shannon09@example.org,Umm Al Quwain,Al Salamah,2025-06-16,Regular,34,Male
2210,Wendy Carpenter,prattjustin@example.org,Sharjah,Muwaileh,2025-12-27,Regular,38,Female
2211,Michelle Chavez,brandi26@example.net,Abu Dhabi,Corniche,2025-06-19,Premium,32,Female
2212,Loretta Garrett,qkane@example.com,Sharjah,Muwaileh,2024-04-18,Regular,47,Male
2213,Maria Malone,hdavis@example.com,Ajman,Al Nuaimiya,2024-01-01,Premium,49,Male
2214,Richard Riley,dylancunningham@example.com,Ras Al Khaimah,Al Hamra,2024-09-04,Regular,31,Male
2215,Jonathan Collins,stephaniezamora@example.org,Fujairah,Al Faseel,2024-01-25,Regular,25,Male
2216,Richard Weiss,kimberly66@example.net,Dubai,Deira,2024-03-09,Regular,25,Female
2217,Teresa Russell,branchthomas@example.com,Fujairah,Sakamkam,2024-01-11,Regular,42,Female
2218,Joyce Butler,maygordon@example.org,Dubai,Jumeirah,2025-09-26,VIP,58,Male
2219,Tommy Ramsey,markbates@example.com,Abu Dhabi,Al Reem Island,2025-05-26,Regular,34,Female
2220,Stephanie Meyer,hufftina@example.org,Ajman,Al Rashidiya,2025-07-05,Regular,55,Female
2221,Toni Clay,jarvisrachel@example.net,Fujairah,Sakamkam,2024-01-28,Regular,49,Male
2222,Gloria Dunn,richardhines@example.net,Abu Dhabi,Al Reem Island,2024-03-25,Premium,63,Male
2223,Jessica Adams,wberry@example.com,Abu Dhabi,Mussafah,2024-09-04,VIP,20,Female
2224,Tammy Robinson,gstokes@example.net,Dubai,Jumeirah,2024-08-09,Regular,18,Male
2225,Sonya Miranda,ashley14@example.org,Abu Dhabi,Al Reem Island,2025-06-02,Regular,29,Female
2226,Jennifer Hernandez,melissa40@example.org,Dubai,Business Bay,2025-02-01,Premium,21,Female
2227,Carly Goodwin,smithmelissa@example.com,Abu Dhabi,Corniche,2024-06-27,Regular,28,Male
2228,Susan Price,wilsontina@example.com,Dubai,Downtown,2025-03-12,Premium,22,Male
2229,Angela Barnett,madison00@example.org,Abu Dhabi,Khalifa City,2024-01-06,Premium,59,Male
2230,Anthony Wong,cartercatherine@example.net,Sharjah,Al Majaz,2024-11-05,Regular,61,Female
2231,Jesse Ayala,monicaavery@example.net,Dubai,Jumeirah,2025-12-18,Regular,26,Male
2232,Charles Blair,dananelson@example.com,Sharjah,Muwaileh,2025-07-30,Regular,41,Female
2233,Kyle Myers,kleinshane@example.org,Dubai,Business Bay,2025-12-11,Regular,24,Female
2234,Pamela Jenkins,caitlyncooper@example.net,Abu Dhabi,Mussafah,2025-03-22,Premium,22,Male
2235,Nichole Vasquez,dlivingston@example.org,Dubai,Downtown,2025-05-01,Regular,33,Male
2236,Tara Jones,andrew88@example.com,Dubai,Marina,2024-03-29,Regular,30,Female
2237,Cory Harris,christopheranderson@example.com,Abu Dhabi,Mussafah,2025-07-24,Regular,60,Male
2238,Timothy Harris,irodriguez@example.org,Abu Dhabi,Al Reem Island,2025-07-27,Regular,27,Female
2239,Daniel Ferrell,erikamiller@example.org,Dubai,Jumeirah,2024-01-12,Regular,18,Male
2240,Brian Christensen,mandypetty@example.com,Abu Dhabi,Mussafah,2025-08-22,Regular,26,Female
2241,Jon Berry,nicholas33@example.com,Ras Al Khaimah,Al Hamra,2024-08-06,Premium,48,Female
2242,Michael Phillips,brittany29@example.com,Dubai,Marina,2025-02-01,Regular,52,Male
2243,Sean Carter,dudleycody@example.com,Dubai,Marina,2025-06-06,Premium,22,Female
2244,Anthony Hayes,marilyn67@example.net,Abu Dhabi,Al Reem Island,2025-08-02,Regular,44,Female
2245,Charles Ford,kcontreras@example.org,Fujairah,Sakamkam,2025-02-20,Premium,20,Female
2246,Roy Fowler,lshannon@example.net,Sharjah,Al Majaz,2024-07-16,Regular,56,Male
2247,Ashley Lee,ijackson@example.com,Sharjah,Al Majaz,2025-05-05,VIP,50,Female
2248,Katherine Simon,bhall@example.org,Abu Dhabi,Khalifa City,2024-09-04,Regular,49,Male
2249,Kimberly Mcdowell,amyferrell@example.com,Abu Dhabi,Al Reem Island,2025-03-03,Regular,63,Male
2250,Darryl Christensen,vasquezjacqueline@example.net,Sharjah,Al Majaz,2025-01-13,Regular,47,Female
2251,Jessica Becker,chavezisabel@example.com,Dubai,Business Bay,2025-09-11,VIP,48,Female
2252,Kathleen Mccullough,michellesmith@example.org,Dubai,Business Bay,2025-12-12,VIP,56,Male
2253,Charles Hopkins,henrysoto@example.com,Abu Dhabi,Al Reem Island,2025-12-09,VIP,52,Male
2254,Angelica Long,alexis58@example.com,Dubai,Downtown,2024-10-04,Regular,32,Female
2255,Melissa Sullivan,jessicamills@example.org,Ras Al Khaimah,Al Hamra,2024-09-02,Regular,37,Male
2256,Kenneth Murphy,wnovak@example.net,Ajman,Al Rashidiya,2024-10-12,Regular,60,Male
2257,Kristin Ferguson,joe99@example.net,Sharjah,Al Majaz,2025-12-05,Regular,61,Female
2258,Joshua Smith,davidsellers@example.com,Sharjah,Muwaileh,2024-11-24,Premium,55,Male
2259,Tiffany Holt,eileendaniels@example.net,Dubai,Downtown,2025-10-15,Regular,58,Female
2260,Melissa Romero,deborah49@example.com,Dubai,Jumeirah,2025-01-18,Regular,63,Female
2261,Lisa Spencer,hollandjustin@example.com,Fujairah,Sakamkam,2025-07-04,Regular,56,Male
2262,Katie Rivers,dominguezscott@example.com,Dubai,Jumeirah,2025-07-17,Regular,30,Female
2263,Cynthia Stephens,mmyers@example.net,Ras Al Khaimah,Al Hamra,2025-07-17,Premium,50,Female
2264,Mary Johnson,xhill@example.org,Dubai,Deira,2025-03-13,VIP,56,Male
2265,Amy Burton,isimpson@example.com,Abu Dhabi,Corniche,2024-11-16,Regular,25,Female
2266,Chris Hanson,twagner@example.org,Sharjah,Al Majaz,2024-02-12,Regular,53,Female
2267,Beverly Black,troybrady@example.net,Dubai,Deira,2025-12-04,Regular,60,Male
2268,Melanie Smith,faithsparks@example.com,Dubai,Downtown,2025-10-01,Regular,33,Male
2269,Derrick Johnson,karla66@example.net,Dubai,Business Bay,2025-08-07,VIP,40,Male
2270,Melissa Carroll,nunezgary@example.net,Dubai,Business Bay,2025-08-21,Premium,28,Female
2271,Paul Phelps,john86@example.com,Dubai,Business Bay,2024-01-18,Regular,65,Female
2272,Christina Gomez,jacob32@example.net,Sharjah,Al Majaz,2024-04-07,Premium,32,Male
2273,Laura Adams,ogreer@example.org,Abu Dhabi,Khalifa City,2024-06-26,Regular,18,Male
2274,Stephanie Armstrong,petersonfrank@example.org,Abu Dhabi,Corniche,2025-08-16,Premium,46,Male
2275,Sydney Lopez,jennifer72@example.com,Dubai,Deira,2025-02-22,Regular,65,Female
2276,Wayne Jackson,mirandawalker@example.net,Ajman,Al Rashidiya,2024-01-24,Premium,31,Female
2277,Melissa Garcia,castropeter@example.com,Abu Dhabi,Mussafah,2024-11-25,Regular,57,Female
2278,Matthew Stone,jherring@example.com,Ajman,Al Nuaimiya,2025-01-16,Premium,56,Female
2279,Frank Freeman,mallory30@example.org,Dubai,Jumeirah,2024-07-31,Regular,43,Female
2280,Marcus Rich,housedaniel@example.com,Dubai,Downtown,2024-08-24,Regular,48,Male
2281,Carmen Gonzalez,brandi40@example.org,Abu Dhabi,Khalifa City,2025-10-22,Regular,19,Female
2282,Christine Parker,kelly15@example.com,Abu Dhabi,Mussafah,2025-01-25,Regular,64,Female
2283,Daniel Thompson,lisaalvarez@example.net,Ras Al Khaimah,Al Nakheel,2025-03-23,Regular,35,Female
2284,Robert West,brandon94@example.org,Ras Al Khaimah,Al Hamra,2025-05-05,Regular,55,Male
2285,Maria Rodriguez,johnsonmichael@example.com,Ajman,Al Rashidiya,2025-01-08,Premium,23,Male
2286,Joseph Bright,mhoffman@example.net,Dubai,Business Bay,2024-02-21,Regular,34,Female
2287,Norma Smith,david88@example.net,Dubai,Marina,2025-03-22,Premium,29,Male
2288,Hannah Martin,savannahgrant@example.com,Dubai,Marina,2025-06-17,Regular,23,Male
2289,Tyler Shields,csparks@example.net,Abu Dhabi,Khalifa City,2024-10-22,Regular,45,Male
2290,Edwin Jackson,gmccarthy@example.com,Dubai,Marina,2025-09-09,Regular,24,Female
2291,Dr. Diana Chen,yoconnell@example.com,Sharjah,Al Majaz,2025-06-30,Premium,53,Female
2292,Sarah Roberts,kevinmendez@example.org,Sharjah,Al Majaz,2025-06-30,Regular,18,Female
2293,Robin Patterson,anthony00@example.org,Ajman,Al Rashidiya,2025-06-09,Regular,21,Female
2294,Eric Fowler,charlesyoung@example.net,Dubai,Deira,2025-04-25,Premium,33,Female
2295,Sonya Wilcox,miranda13@example.org,Abu Dhabi,Mussafah,2025-04-18,Regular,63,Male
2296,John Boyd,lpeters@example.net,Sharjah,Al Majaz,2025-10-17,Premium,22,Female
2297,Eric Rosales,ncruz@example.net,Dubai,Downtown,2025-04-16,Premium,61,Female
2298,Jonathan Jefferson DVM,rodneynolan@example.com,Abu Dhabi,Corniche,2025-06-21,VIP,51,Female
2299,Eileen Gutierrez,andersonmeghan@example.net,Sharjah,Muwaileh,2025-02-18,Regular,44,Male
2300,Tamara Roberts,foxlinda@example.org,Abu Dhabi,Corniche,2024-05-09,Regular,56,Female
2301,Rhonda Rodriguez,jamesbrown@example.org,Ajman,Al Nuaimiya,2025-09-10,Regular,37,Female
2302,Sherry Brewer,claire06@example.net,Dubai,Jumeirah,2024-07-22,Regular,58,Male
2303,Brandon Sanchez,tracy38@example.com,Abu Dhabi,Khalifa City,2025-10-26,Regular,27,Male
2304,Joseph Wang,fstone@example.net,Ras Al Khaimah,Al Hamra,2024-09-15,Regular,63,Female
2305,Richard Yoder,qmarshall@example.net,Dubai,Marina,2025-04-19,Regular,21,Male
2306,Kristina Baker,nicholashuffman@example.org,Fujairah,Al Faseel,2024-10-29,Regular,47,Female
2307,Luke Dixon,qreyes@example.net,Ras Al Khaimah,Al Hamra,2024-03-20,Regular,50,Female
2308,Brian Brown,jenniferhorne@example.net,Dubai,Jumeirah,2024-03-10,Regular,37,Male
2309,Arthur Mcdaniel,scottlove@example.org,Dubai,Deira,2024-05-29,Regular,19,Male
2310,Mary Levy,nguyengerald@example.net,Abu Dhabi,Mussafah,2024-01-25,Regular,57,Female
2311,Susan Lewis,gkeith@example.net,Dubai,Downtown,2024-10-18,Regular,51,Male
2312,Gabriel Nash,bowmanjoel@example.net,Ras Al Khaimah,Al Hamra,2025-03-19,Regular,53,Male
2313,Steven Nguyen,jacqueline39@example.net,Umm Al Quwain,Al Salamah,2025-01-21,Premium,46,Female
2314,Justin Parker,umartinez@example.net,Dubai,Marina,2024-04-05,Regular,43,Male
2315,Patrick Snyder,lindseyroberts@example.org,Dubai,Downtown,2024-01-13,Regular,54,Male
2316,Debbie King,ucarr@example.org,Dubai,Marina,2025-03-13,Regular,31,Male
2317,Jeremy Summers,ksmith@example.org,Umm Al Quwain,Al Salamah,2024-02-08,Premium,22,Male
2318,Christopher Rivera,fwolf@example.net,Abu Dhabi,Khalifa City,2025-11-19,Regular,60,Female
2319,John Woodard,devon88@example.org,Sharjah,Al Nahda,2025-09-23,Premium,34,Female
2320,Alfred Leonard,taylormichael@example.net,Abu Dhabi,Mussafah,2025-06-23,Premium,63,Female
2321,Shari Kelley,benjaminwilliams@example.net,Sharjah,Al Majaz,2024-08-19,Regular,35,Female
2322,Robert Parks MD,nbailey@example.net,Fujairah,Sakamkam,2025-05-25,Regular,55,Female
2323,Michele Watson,jack86@example.org,Sharjah,Al Nahda,2024-04-19,Regular,32,Male
2324,Tammy Tyler,harrisjoshua@example.com,Abu Dhabi,Khalifa City,2024-04-10,Regular,44,Female
2325,James Miller,daniel15@example.org,Dubai,Downtown,2024-11-02,Regular,57,Female
2326,Shelby Duncan,johnsonedward@example.net,Fujairah,Al Faseel,2024-11-17,Regular,45,Male
2327,Timothy Mcmahon,elizabeth14@example.org,Dubai,Deira,2024-12-07,Regular,33,Female
2328,Matthew Moss,brianmorrow@example.org,Ajman,Al Rashidiya,2025-02-09,Regular,45,Male
2329,Wendy Miller,hdavis@example.org,Dubai,Business Bay,2024-06-17,Regular,38,Female
2330,Mark Dennis,clarkdavid@example.net,Ajman,Al Nuaimiya,2024-03-25,Premium,18,Male
2331,Toni Ortiz,brianobrien@example.net,Abu Dhabi,Corniche,2024-04-04,Regular,21,Male
2332,Audrey Reyes,andersonhenry@example.org,Abu Dhabi,Al Reem Island,2024-05-16,VIP,41,Female
2333,Amanda Taylor,dorothy87@example.org,Abu Dhabi,Al Reem Island,2024-02-11,Premium,39,Male
2334,Marcus Blair,carterjames@example.com,Dubai,Business Bay,2024-03-25,Regular,30,Male
2335,Joshua Guerrero,qcurtis@example.com,Ras Al Khaimah,Al Hamra,2024-04-20,Regular,57,Male
2336,Ashley Duran,gregory14@example.org,Ajman,Al Rashidiya,2024-05-21,Regular,34,Male
2337,Melanie Garrett,sandraheath@example.net,Abu Dhabi,Al Reem Island,2025-05-23,Regular,36,Male
2338,Vicki Hernandez,nicholas09@example.org,Dubai,Downtown,2025-11-11,Premium,46,Female
2339,Holly Ponce,efranco@example.net,Fujairah,Sakamkam,2024-10-27,Premium,43,Female
2340,April Galvan,david97@example.org,Sharjah,Al Majaz,2024-11-12,Regular,47,Male
2341,Crystal Chavez,joshuacoleman@example.com,Sharjah,Al Majaz,2024-03-22,Regular,25,Male
2342,Kimberly Hughes,jasonjohnson@example.org,Dubai,Jumeirah,2024-05-09,Premium,36,Female
2343,Paula Johnson,bconrad@example.org,Abu Dhabi,Khalifa City,2025-05-08,Regular,59,Female
2344,Christopher Hall,kramirez@example.net,Fujairah,Al Faseel,2025-04-29,Regular,28,Female
2345,Jessica Griffith,reynoldsmichelle@example.org,Dubai,Deira,2024-02-20,Premium,34,Female
2346,Carlos Heath,petersonjose@example.org,Dubai,Jumeirah,2025-04-19,VIP,63,Female
2347,Melinda May,jacquelinedelacruz@example.org,Abu Dhabi,Mussafah,2025-12-25,Premium,54,Male
2348,Caleb Jensen,kfrye@example.net,Dubai,Marina,2024-09-13,Regular,39,Male
2349,Jay Buchanan,woodbrittany@example.com,Dubai,Marina,2024-09-02,Regular,35,Male
2350,Jeffery Thompson,johnskinner@example.org,Sharjah,Al Nahda,2024-02-09,Regular,63,Female
2351,Danielle Hamilton,williamsbrian@example.org,Sharjah,Al Nahda,2024-12-11,Regular,50,Male
2352,Kayla Williams,shafferjill@example.com,Dubai,Downtown,2025-11-27,Premium,65,Female
2353,Ashlee Ross,burnsrodney@example.org,Abu Dhabi,Khalifa City,2025-03-21,Regular,64,Female
2354,Kelly Burnett,seth29@example.org,Abu Dhabi,Corniche,2024-02-15,Regular,44,Male
2355,Ashley Cooper,fordjames@example.org,Abu Dhabi,Corniche,2025-04-19,Regular,38,Male
2356,Brian Brown,martinnovak@example.com,Abu Dhabi,Mussafah,2025-10-29,Premium,60,Female
2357,Joseph Hill,james62@example.org,Dubai,Deira,2025-06-27,Regular,46,Male
2358,Allison Cunningham,michaelvillarreal@example.net,Dubai,Jumeirah,2024-02-18,Premium,35,Female
2359,Jeffery Jordan,tyler31@example.net,Dubai,Downtown,2025-09-06,Regular,55,Male
2360,Cristian Lambert,catherinemoore@example.com,Abu Dhabi,Mussafah,2024-04-28,VIP,42,Female
2361,Sara Preston,fmorrow@example.com,Dubai,Marina,2024-01-15,Regular,59,Male
2362,Kelly Rivas,dsmith@example.com,Fujairah,Al Faseel,2024-04-11,VIP,64,Female
2363,Jeffery Collins,courtney01@example.org,Dubai,Downtown,2025-11-18,Regular,45,Male
2364,Kevin Estrada,sloanbenjamin@example.net,Sharjah,Al Nahda,2024-04-09,Regular,52,Male
2365,Lauren Stephens,hooveranna@example.net,Dubai,Marina,2024-05-04,VIP,22,Female
2366,Lynn Adams,edwardselizabeth@example.net,Fujairah,Al Faseel,2025-04-07,Regular,52,Female
2367,Richard Williams,mortonkenneth@example.net,Abu Dhabi,Corniche,2025-11-15,Regular,23,Female
2368,Tanya Foster,pfowler@example.org,Sharjah,Al Nahda,2024-06-29,Premium,52,Female
2369,Kevin Jennings,jreyes@example.net,Sharjah,Muwaileh,2024-03-29,Regular,39,Male
2370,Jason Reyes,hernandeztodd@example.org,Abu Dhabi,Khalifa City,2025-05-05,Regular,39,Female
2371,Mr. David Rivas,samuel38@example.net,Sharjah,Al Nahda,2024-04-16,Premium,43,Male
2372,Donna Carroll,forbessean@example.org,Dubai,Business Bay,2025-10-14,Premium,65,Male
2373,Rodney Baker,qcharles@example.org,Umm Al Quwain,Al Salamah,2025-11-03,Regular,47,Female
2374,John Robertson,danieljenkins@example.org,Dubai,Downtown,2024-07-22,Regular,30,Male
2375,Mary Mccoy,cody81@example.org,Abu Dhabi,Al Reem Island,2025-11-11,Regular,44,Male
2376,Michael Gilbert,hlester@example.org,Fujairah,Sakamkam,2024-03-28,Premium,56,Male
2377,Tonya Simon,sarah80@example.org,Abu Dhabi,Corniche,2025-05-21,VIP,64,Female
2378,Tanya Shannon,amanda21@example.com,Dubai,Deira,2025-10-15,Regular,52,Female
2379,Sophia Boyd,ashleyalexander@example.net,Dubai,Deira,2024-02-26,Premium,26,Female
2380,Timothy Ryan,cainjordan@example.org,Sharjah,Al Majaz,2024-10-14,Premium,22,Female
2381,Francisco Estrada,meganjames@example.org,Dubai,Downtown,2024-11-03,Regular,36,Female
2382,Jamie Duran,villawilliam@example.com,Dubai,Deira,2024-05-20,Regular,24,Female
2383,Leslie Moody,gcastro@example.org,Dubai,Downtown,2024-12-07,Premium,29,Male
2384,Paul Lane,dbeck@example.com,Abu Dhabi,Al Reem Island,2024-08-25,Regular,53,Male
2385,Henry Reeves,rebecca19@example.com,Sharjah,Muwaileh,2025-08-14,Regular,53,Female
2386,Jeffery Snyder,gregorymitchell@example.net,Dubai,Jumeirah,2024-02-11,VIP,44,Male
2387,Courtney Sharp,daniel79@example.net,Abu Dhabi,Mussafah,2024-02-23,Regular,55,Male
2388,Jennifer Carter,dyersara@example.net,Dubai,Jumeirah,2024-02-13,Premium,43,Male
2389,Sandy Bennett,jenniferwalls@example.com,Dubai,Business Bay,2025-07-28,Regular,28,Male
2390,Jesse Edwards,wallaceeric@example.com,Abu Dhabi,Al Reem Island,2025-10-07,Regular,64,Male
2391,Charles Zavala,bethany36@example.com,Dubai,Business Bay,2024-09-01,Regular,51,Female
2392,Beth Shaw,josephross@example.net,Abu Dhabi,Khalifa City,2025-05-19,Regular,45,Male
2393,Lisa Beard,tracifoster@example.org,Abu Dhabi,Corniche,2024-07-16,Regular,26,Female
2394,Nicole Wallace DDS,ejohnson@example.org,Umm Al Quwain,Al Salamah,2025-08-15,Regular,57,Male
2395,Daniel Gallegos,michaelcampos@example.net,Sharjah,Al Nahda,2025-10-25,Regular,25,Female
2396,Carla Hoover,jenniferrodriguez@example.org,Abu Dhabi,Mussafah,2025-12-08,Regular,59,Male
2397,Jason Smith,tinawilliams@example.com,Fujairah,Al Faseel,2024-05-15,Regular,33,Male
2398,Jorge Morales,kentmichael@example.com,Sharjah,Muwaileh,2025-02-08,VIP,35,Male
2399,Kathleen Baker,pattersondebra@example.org,Abu Dhabi,Khalifa City,2024-04-23,Regular,39,Male
2400,Denise French,emorales@example.com,Abu Dhabi,Khalifa City,2025-10-25,Premium,38,Female
2401,Kari Buck,bartondavid@example.com,Dubai,Business Bay,2025-11-27,Regular,30,Male
2402,Laura Payne,paynestephanie@example.net,Dubai,Downtown,2024-07-11,Regular,35,Female
2403,James Whitaker,collinmiller@example.com,Dubai,Deira,2025-03-19,Regular,21,Female
2404,Ryan Garcia,marydean@example.com,Abu Dhabi,Khalifa City,2025-02-27,Premium,27,Female
2405,Theresa Gardner,hollyperkins@example.net,Dubai,Jumeirah,2024-01-15,Premium,51,Male
2406,Jessica Conrad,sbradley@example.org,Abu Dhabi,Mussafah,2024-11-06,Regular,30,Female
2407,Kevin Werner,rodriguezchristina@example.net,Ajman,Al Rashidiya,2024-10-03,Regular,46,Male
2408,Catherine Kirk,pvang@example.net,Dubai,Marina,2025-10-22,Regular,53,Male
2409,Stacy Williams,joneschristian@example.net,Dubai,Downtown,2025-06-18,Premium,35,Female
2410,Crystal Carlson,uclark@example.org,Sharjah,Al Majaz,2024-03-05,VIP,24,Male
2411,Michael Martinez,mark90@example.com,Ras Al Khaimah,Al Hamra,2024-09-07,Premium,54,Male
2412,Mr. Kristopher Curtis,lindsay48@example.net,Abu Dhabi,Al Reem Island,2024-06-01,Regular,62,Female
2413,Anthony Knapp,rfleming@example.net,Abu Dhabi,Al Reem Island,2025-05-07,Regular,64,Female
2414,Lisa Reynolds,ywilliams@example.com,Sharjah,Al Nahda,2024-09-14,Regular,58,Female
2415,Adrian Gibbs,leroy57@example.com,Abu Dhabi,Mussafah,2024-04-08,Regular,30,Male
2416,Steven Duncan,kayla33@example.net,Dubai,Downtown,2024-12-31,Premium,52,Female
2417,Alyssa Anderson,jonathan66@example.org,Abu Dhabi,Corniche,2025-07-29,Premium,24,Male
2418,Cathy Barnes,brian65@example.net,Dubai,Deira,2024-07-28,Regular,65,Male
2419,Crystal Brown,lmartin@example.org,Dubai,Business Bay,2025-03-27,Regular,31,Male
2420,Edward Richmond,epatterson@example.net,Dubai,Deira,2024-09-19,VIP,44,Male
2421,Emily Taylor,christina60@example.org,Umm Al Quwain,Al Salamah,2024-08-02,Regular,33,Male
2422,Douglas Lucero,watsonteresa@example.net,Dubai,Downtown,2025-09-04,Premium,33,Male
2423,Danielle Robles,aholder@example.net,Abu Dhabi,Mussafah,2025-07-08,Premium,62,Male
2424,John Black,folson@example.net,Ras Al Khaimah,Al Hamra,2024-08-09,Premium,24,Male
2425,Shannon Thompson,scott04@example.com,Abu Dhabi,Khalifa City,2025-08-12,Regular,62,Female
2426,Nathan Sparks,daniellecoleman@example.org,Fujairah,Sakamkam,2025-07-23,Regular,24,Male
2427,Tamara Brown,jeremy75@example.org,Abu Dhabi,Khalifa City,2024-06-25,Regular,20,Male
2428,Michael Blair,murraymichael@example.net,Dubai,Marina,2024-07-21,Regular,21,Female
2429,William Gould,kylemartinez@example.net,Dubai,Marina,2024-02-02,Premium,64,Male
2430,Crystal Nguyen,michael40@example.org,Dubai,Downtown,2025-12-04,Regular,22,Male
2431,Jessica Torres,justin75@example.net,Abu Dhabi,Al Reem Island,2024-06-24,Regular,29,Female
2432,Craig Beard,taylorjames@example.net,Dubai,Marina,2024-08-04,Regular,24,Female
2433,Mrs. Kimberly Cannon,nfleming@example.net,Dubai,Marina,2024-09-29,Premium,61,Female
2434,Angela Gonzales,pduran@example.net,Ras Al Khaimah,Al Nakheel,2025-08-31,Premium,31,Female
2435,Martin Newton,ecohen@example.com,Abu Dhabi,Corniche,2024-10-12,Regular,31,Male
2436,Adam Daniels,lawsonpaul@example.org,Dubai,Downtown,2025-01-19,Regular,23,Male
2437,Dawn Espinoza,arthurlynch@example.org,Sharjah,Al Majaz,2024-02-25,Premium,52,Male
2438,Joshua Gallegos,claudia35@example.org,Abu Dhabi,Corniche,2025-10-27,Premium,26,Male
2439,Alexandra Hodge,robertsonjennifer@example.com,Abu Dhabi,Khalifa City,2024-05-09,VIP,50,Male
2440,Jonathan Palmer,kirbymichael@example.org,Dubai,Business Bay,2024-03-26,Regular,23,Female
2441,David Santiago,jose60@example.net,Dubai,Business Bay,2024-05-19,Regular,49,Male
2442,Joseph Ward,alvarezchristine@example.com,Dubai,Marina,2025-12-16,Regular,27,Female
2443,Kristen Smith,john91@example.org,Dubai,Business Bay,2024-03-23,Regular,61,Female
2444,Toni Hunt,morgan69@example.net,Umm Al Quwain,Al Salamah,2024-01-31,Premium,19,Male
2445,Virginia Rose,nicoleduran@example.net,Ajman,Al Nuaimiya,2024-03-26,Regular,65,Male
2446,Willie Edwards,marygarcia@example.com,Dubai,Marina,2025-05-07,Regular,52,Female
2447,Dawn Hall,hensleyvalerie@example.net,Dubai,Business Bay,2024-01-27,VIP,38,Female
2448,Jane King,david38@example.net,Abu Dhabi,Mussafah,2024-10-26,Regular,52,Male
2449,Jerry Boyd,ashleygarcia@example.org,Abu Dhabi,Corniche,2024-10-21,Regular,22,Male
2450,Miss Kathryn Myers,sherryknight@example.org,Dubai,Downtown,2025-05-28,Premium,38,Female
2451,Kayla Williams,garymartinez@example.org,Abu Dhabi,Corniche,2025-04-23,Regular,21,Male
2452,David Small,brownalexa@example.com,Abu Dhabi,Khalifa City,2025-01-21,Regular,23,Female
2453,Brian Kent,hespinoza@example.org,Sharjah,Al Nahda,2025-06-26,Regular,54,Male
2454,Sabrina Lopez,srobles@example.org,Dubai,Marina,2024-10-02,Regular,38,Female
2455,Cynthia Tran,debra19@example.net,Abu Dhabi,Mussafah,2024-11-13,Premium,42,Male
2456,Rachel Hill,jamesparker@example.net,Abu Dhabi,Al Reem Island,2025-10-02,Regular,31,Male
2457,Michael Davis,gonzalezkendra@example.org,Dubai,Business Bay,2025-07-25,Regular,19,Male
2458,Paul Moon,woodlisa@example.com,Dubai,Deira,2024-10-01,VIP,43,Female
2459,Leah Kim,riverarebecca@example.org,Ajman,Al Nuaimiya,2025-07-23,Premium,34,Female
2460,William Barnett,eadams@example.org,Fujairah,Al Faseel,2025-07-14,Regular,33,Male
2461,Jenna Watson,fletcherjanet@example.org,Dubai,Marina,2025-06-25,Regular,35,Male
2462,Mrs. Jillian Nguyen,lmendez@example.com,Dubai,Deira,2024-05-24,Regular,36,Male
2463,Julie Mills,richardsonanna@example.org,Abu Dhabi,Mussafah,2025-02-21,Regular,33,Female
2464,Joshua Phillips,nicholasswanson@example.net,Sharjah,Al Majaz,2025-01-12,Regular,24,Female
2465,Caitlin Lawson,riceamber@example.net,Fujairah,Sakamkam,2024-03-25,Premium,42,Female
2466,Stephanie Knight,rrice@example.net,Fujairah,Sakamkam,2024-06-09,VIP,41,Female
2467,Rachael Jones,watsonbrittany@example.org,Ajman,Al Nuaimiya,2024-07-10,Premium,64,Female
2468,Ryan Hudson,andrewmiller@example.com,Dubai,Marina,2024-10-27,VIP,64,Male
2469,Pamela Howard,omarturner@example.org,Abu Dhabi,Corniche,2025-01-21,Regular,35,Female
2470,Abigail Acevedo,sarah17@example.com,Abu Dhabi,Al Reem Island,2024-08-19,Regular,53,Male
2471,Ernest Bernard,lambertdevin@example.com,Ajman,Al Rashidiya,2024-12-05,Regular,62,Male
2472,Cody Jones,juanfranklin@example.net,Abu Dhabi,Mussafah,2024-02-08,Premium,21,Female
2473,Chad Adams,donaldhahn@example.com,Dubai,Marina,2024-08-01,Regular,51,Female
2474,Angela Brown,jennifer54@example.org,Abu Dhabi,Al Reem Island,2025-02-08,Premium,24,Male
2475,Juan Becker,todd05@example.com,Dubai,Business Bay,2025-04-10,Regular,25,Male
2476,Beth Kirk,davidkane@example.com,Abu Dhabi,Khalifa City,2024-09-03,Regular,61,Male
2477,Michelle Smith,brownreginald@example.net,Abu Dhabi,Khalifa City,2025-02-18,Regular,32,Male
2478,Jennifer Sampson,gbraun@example.org,Ras Al Khaimah,Al Nakheel,2024-03-19,VIP,57,Female
2479,Lisa Clay,adam17@example.net,Sharjah,Al Nahda,2025-02-02,Regular,50,Female
2480,Susan Black,haleylove@example.org,Sharjah,Muwaileh,2025-06-21,Regular,29,Male
2481,Xavier Jones,adam10@example.com,Ajman,Al Nuaimiya,2025-08-23,Regular,44,Male
2482,Margaret Mullins,davisautumn@example.org,Abu Dhabi,Al Reem Island,2024-09-07,Regular,58,Female
2483,Sarah Blackwell,zavaladiane@example.com,Dubai,Downtown,2025-09-02,VIP,44,Male
2484,Brad Beard,jeremy70@example.net,Ras Al Khaimah,Al Nakheel,2025-02-05,Regular,40,Male
2485,Andrew Ford,rwheeler@example.org,Ras Al Khaimah,Al Nakheel,2024-11-14,Regular,25,Female
2486,John Escobar,wileyaudrey@example.com,Dubai,Downtown,2024-08-19,Regular,48,Female
2487,Erin Carter,laurenboyd@example.com,Ajman,Al Nuaimiya,2025-02-21,Regular,64,Male
2488,Laura Grimes,mcooper@example.com,Fujairah,Al Faseel,2024-03-16,Regular,39,Female
2489,John Wilson,chunglaura@example.net,Dubai,Deira,2024-09-18,Premium,64,Female
2490,Vanessa Harris,lisa13@example.net,Dubai,Business Bay,2025-02-21,Premium,58,Male
2491,Amanda Cook,michaelhoffman@example.net,Sharjah,Al Nahda,2024-08-31,VIP,45,Female
2492,Michael Jones,jason57@example.com,Fujairah,Al Faseel,2025-06-15,Regular,26,Female
2493,Sierra Allen,robertbrown@example.com,Sharjah,Al Majaz,2024-02-13,Premium,21,Male
2494,Jessica Mcgee,jlee@example.org,Dubai,Jumeirah,2025-09-14,Premium,19,Female
2495,Whitney Macdonald DVM,amyponce@example.com,Dubai,Jumeirah,2024-03-15,VIP,31,Male
2496,Janet Jarvis,richard28@example.org,Fujairah,Al Faseel,2024-09-17,Regular,45,Male
2497,Anthony Velasquez,janet65@example.com,Abu Dhabi,Al Reem Island,2025-05-12,Premium,45,Male
2498,Heather Diaz,kmoore@example.org,Abu Dhabi,Mussafah,2024-10-24,Regular,37,Male
2499,Alexandra Johnson,rachel51@example.org,Sharjah,Al Nahda,2024-07-17,Regular,48,Male
2500,Michael Cross DDS,prestoncory@example.org,Dubai,Marina,2024-08-27,Regular,64,Male
2501,Julie Romero MD,thomaslinda@example.net,Dubai,Downtown,2025-04-07,Regular,21,Female
2502,Melanie Brown,garyjohnson@example.net,Umm Al Quwain,Al Salamah,2024-10-23,Regular,19,Female
2503,Tamara Edwards,holly12@example.org,Umm Al Quwain,Al Salamah,2025-02-16,Premium,57,Female
2504,Mary White,kristen95@example.org,Sharjah,Muwaileh,2025-01-19,Regular,53,Female
2505,Scott Malone,millerdaniel@example.org,Dubai,Business Bay,2024-10-29,Regular,41,Female
2506,Tara Knox,tammy94@example.com,Abu Dhabi,Khalifa City,2024-05-30,Regular,36,Male
2507,Lisa Johnson,bradley71@example.com,Sharjah,Al Nahda,2025-08-06,Premium,30,Male
2508,Sarah Ford,galvanjeanette@example.net,Ras Al Khaimah,Al Nakheel,2024-07-08,Regular,27,Female
2509,Maria Mcintyre,williamstoni@example.com,Dubai,Business Bay,2024-02-26,Regular,19,Female
2510,Lisa Booker,harrisphyllis@example.org,Dubai,Deira,2025-04-13,VIP,19,Female
2511,Gregory Pace,rosshunter@example.net,Dubai,Marina,2024-11-12,VIP,64,Male
2512,Diane Jones,courtney13@example.net,Abu Dhabi,Khalifa City,2024-11-29,VIP,59,Male
2513,Luis Mcclain,michael35@example.net,Ras Al Khaimah,Al Nakheel,2025-11-04,Premium,36,Male
2514,Brianna Ward,johnsonrick@example.com,Ras Al Khaimah,Al Hamra,2025-11-10,VIP,62,Female
2515,Laura Schneider,jduncan@example.org,Dubai,Business Bay,2024-05-30,Regular,40,Male
2516,James Gonzales,bradley37@example.net,Abu Dhabi,Mussafah,2024-04-05,Regular,42,Female
2517,Michael Moran,eileenhudson@example.com,Dubai,Deira,2024-08-09,Regular,45,Male
2518,Michael Downs,andrewlong@example.com,Abu Dhabi,Khalifa City,2024-07-13,Regular,39,Male
2519,Ryan Moore,alan25@example.org,Dubai,Marina,2024-09-30,Regular,33,Female
2520,Daniel Gray,david62@example.com,Ajman,Al Rashidiya,2025-10-03,Premium,28,Female
2521,Joshua White,burtondoris@example.net,Sharjah,Al Majaz,2024-01-07,Regular,43,Female
2522,Brittany Mccormick,mark11@example.org,Dubai,Deira,2024-04-29,Regular,22,Male
2523,Amanda Williams,ccombs@example.com,Abu Dhabi,Mussafah,2024-01-27,VIP,42,Male
2524,Mark Haley,pdixon@example.org,Abu Dhabi,Mussafah,2024-03-23,Regular,22,Female
2525,Steven Davis,ywallace@example.org,Dubai,Jumeirah,2024-06-30,Regular,55,Female
2526,Abigail Kemp,susan75@example.net,Abu Dhabi,Khalifa City,2024-02-21,Regular,35,Female
2527,Vicki Hayes,christopherwatkins@example.net,Dubai,Jumeirah,2025-03-27,Regular,43,Male
2528,Emily Foster,stephanieallen@example.net,Dubai,Jumeirah,2024-05-23,Premium,44,Male
2529,Cassidy Smith,stephengomez@example.org,Abu Dhabi,Mussafah,2024-01-20,Premium,65,Female
2530,Joel Ford,nealdavid@example.com,Sharjah,Al Nahda,2025-01-28,VIP,54,Male
2531,Robert Wilkinson,jenniferpierce@example.org,Sharjah,Al Nahda,2024-01-24,VIP,61,Female
2532,Michael Jackson,carlosmeadows@example.net,Dubai,Marina,2024-07-22,Regular,23,Male
2533,Kelly Browning,parksariana@example.com,Fujairah,Sakamkam,2025-01-01,Regular,43,Male
2534,Brian Kim,martin81@example.net,Abu Dhabi,Al Reem Island,2025-04-20,Regular,28,Male
2535,Emily Brady,sjackson@example.org,Dubai,Marina,2024-01-01,Regular,45,Male
2536,Jose Fletcher,sally78@example.net,Ajman,Al Rashidiya,2024-05-15,Regular,54,Female
2537,Cindy Kelley,jfranklin@example.net,Dubai,Marina,2024-08-11,Regular,60,Female
2538,Karen Jackson,martin40@example.net,Dubai,Business Bay,2024-02-20,Premium,38,Male
2539,Jose Jackson,dmartin@example.org,Dubai,Jumeirah,2024-10-28,Regular,24,Female
2540,Lisa Herrera,derekdougherty@example.org,Dubai,Deira,2024-08-30,Regular,34,Male
2541,Donald Freeman,diana28@example.net,Dubai,Business Bay,2024-04-20,VIP,65,Female
2542,Jason Ashley,barbara30@example.net,Abu Dhabi,Khalifa City,2024-07-10,Regular,28,Male
2543,Mark Smith,walterstiffany@example.com,Ajman,Al Nuaimiya,2024-04-14,Regular,51,Female
2544,Melissa Robinson,davidgonzales@example.com,Dubai,Business Bay,2024-12-14,Premium,61,Female
2545,Bethany Liu,nathanlee@example.org,Dubai,Jumeirah,2024-08-25,Regular,25,Male
2546,Jennifer Mercado,mking@example.org,Abu Dhabi,Mussafah,2025-02-22,Regular,54,Female
2547,Samantha Cooper,sarahgonzales@example.com,Fujairah,Al Faseel,2025-05-19,Regular,58,Female
2548,Steven Davis,davidjones@example.org,Dubai,Deira,2025-04-09,Premium,43,Female
2549,Wanda Davis,harrisonnicholas@example.net,Dubai,Jumeirah,2025-06-14,Premium,18,Female
2550,Tony Perkins,davidglover@example.com,Sharjah,Al Nahda,2025-07-07,Regular,28,Male
2551,Vincent Weaver,carl66@example.org,Dubai,Downtown,2024-12-01,Regular,43,Female
2552,Brad Melton,barnesalexis@example.org,Dubai,Downtown,2025-07-06,VIP,61,Female
2553,Justin Richardson,zskinner@example.com,Dubai,Marina,2024-03-15,Premium,29,Male
2554,Sherri Williams,jackiespears@example.org,Umm Al Quwain,Al Salamah,2024-12-01,Regular,47,Male
2555,Regina Cox,turnerjustin@example.com,Abu Dhabi,Mussafah,2024-08-28,Regular,52,Female
2556,Andrew Sanford,rpetty@example.com,Sharjah,Al Majaz,2024-06-11,Premium,20,Female
2557,Chelsea Walker,tcooper@example.net,Sharjah,Muwaileh,2025-12-09,Premium,52,Female
2558,Carol Lopez,paulhamilton@example.org,Umm Al Quwain,Al Salamah,2025-06-03,Regular,37,Female
2559,Wayne Scott,vwade@example.com,Ajman,Al Nuaimiya,2025-10-24,Regular,46,Female
2560,Kristen Flores,craigrobertson@example.net,Fujairah,Al Faseel,2025-12-12,Regular,40,Male
2561,Tina Ferguson,mavery@example.net,Dubai,Business Bay,2025-02-15,Regular,30,Male
2562,Natalie Conrad,danielleramsey@example.net,Dubai,Business Bay,2025-04-07,Regular,22,Male
2563,Kyle Fleming,jeffrey85@example.org,Sharjah,Muwaileh,2025-04-17,Regular,49,Female
2564,Michelle Rivers,stacey25@example.net,Abu Dhabi,Corniche,2025-06-01,Premium,27,Male
2565,Joseph Walker,stacy03@example.org,Dubai,Business Bay,2024-07-19,VIP,20,Female
2566,Ruben Charles,xsullivan@example.net,Abu Dhabi,Al Reem Island,2025-02-12,Regular,58,Male
2567,Scott Osborne,khendricks@example.net,Dubai,Downtown,2024-01-31,Premium,42,Female
2568,Gary Chavez,jennifer53@example.com,Sharjah,Al Nahda,2025-12-03,Regular,19,Male
2569,Jessica Elliott,phillip98@example.com,Dubai,Business Bay,2024-06-29,Premium,35,Female
2570,Amy Clark,david25@example.com,Dubai,Business Bay,2025-02-06,Regular,30,Male
2571,Joseph Odonnell,sara94@example.net,Dubai,Business Bay,2024-10-28,Regular,58,Male
2572,Glenn Hodges,marcuscase@example.net,Abu Dhabi,Mussafah,2025-02-04,Premium,30,Male
2573,Eric Griffin,castanedajohn@example.com,Dubai,Marina,2024-09-23,Premium,38,Male
2574,Desiree Allen,bakerpaul@example.com,Abu Dhabi,Mussafah,2025-05-09,VIP,39,Female
2575,Michael Baker,johnmerritt@example.com,Dubai,Business Bay,2024-06-24,VIP,32,Male
2576,Elizabeth Stewart,jason07@example.net,Dubai,Business Bay,2025-12-03,Regular,50,Male
2577,Matthew Ellis,woodwarderin@example.org,Abu Dhabi,Corniche,2025-01-13,Regular,59,Female
2578,Matthew Simon,wbentley@example.org,Abu Dhabi,Corniche,2025-07-26,Regular,38,Female
2579,Bryan Richardson,jdavis@example.com,Sharjah,Al Nahda,2024-09-24,Regular,37,Male
2580,Daniel Ochoa,jocelyn26@example.net,Ajman,Al Nuaimiya,2024-04-25,Regular,28,Male
2581,Debbie Richard,fwilliams@example.org,Dubai,Downtown,2025-08-18,Regular,20,Male
2582,Carla Wong,holtrobert@example.com,Ajman,Al Nuaimiya,2025-02-07,Regular,36,Female
2583,Samantha Walker,iford@example.net,Dubai,Downtown,2024-07-26,Regular,29,Female
2584,Michael Russell,taylorrodriguez@example.org,Abu Dhabi,Khalifa City,2025-03-05,Premium,51,Male
2585,Amber Hines,lisa78@example.org,Dubai,Jumeirah,2025-04-03,Regular,57,Female
2586,Timothy Nguyen,johnsonsamantha@example.com,Fujairah,Al Faseel,2025-12-14,Premium,36,Male
2587,Cassandra Anderson,jacob73@example.org,Dubai,Downtown,2024-06-30,Regular,51,Male
2588,Larry Perez,hammondjeff@example.com,Abu Dhabi,Corniche,2025-07-28,Regular,26,Female
2589,Lori Miller,rebekahgonzalez@example.org,Dubai,Downtown,2024-05-12,Premium,51,Female
2590,Gregory Fletcher,uthompson@example.org,Dubai,Marina,2024-12-04,Premium,45,Female
2591,Charlotte Barber,wbowers@example.org,Dubai,Downtown,2025-08-20,Regular,46,Female
2592,Tracy Bell,reneehernandez@example.org,Dubai,Marina,2024-05-21,Premium,50,Female
2593,Patricia Ramos,patriciamorrison@example.org,Umm Al Quwain,Al Salamah,2025-07-08,Regular,55,Female
2594,Jack Wells,kimberlyperez@example.org,Fujairah,Sakamkam,2025-12-30,Regular,50,Male
2595,Brandon Bell,harrisonchristopher@example.org,Dubai,Business Bay,2024-05-01,Premium,45,Female
2596,Judy Dixon,ylawson@example.org,Dubai,Deira,2024-02-10,Regular,37,Female
2597,Renee Gallegos,patrickgarcia@example.com,Abu Dhabi,Khalifa City,2024-03-15,Regular,25,Female
2598,James Gomez,patriciagrant@example.net,Ajman,Al Nuaimiya,2024-08-01,Regular,48,Male
2599,Catherine Davis,owade@example.com,Abu Dhabi,Corniche,2025-07-22,Premium,36,Female
2600,Pamela Ferguson,kimberly73@example.com,Dubai,Business Bay,2025-06-21,Regular,55,Female
2601,Dennis Thomas,tinahaas@example.org,Dubai,Marina,2025-03-09,Premium,46,Female
2602,Tamara Romero,websterkelly@example.org,Abu Dhabi,Khalifa City,2024-01-07,Regular,50,Male
2603,William Hodge,jenniferortega@example.net,Ras Al Khaimah,Al Hamra,2024-08-02,Regular,29,Male
2604,Cathy Navarro,richard62@example.net,Sharjah,Al Majaz,2024-03-05,Regular,27,Male
2605,Gail Watson MD,oallen@example.net,Abu Dhabi,Al Reem Island,2024-03-01,Premium,23,Male
2606,Robert Jones,schmidtjoseph@example.net,Dubai,Jumeirah,2024-06-12,Premium,47,Female
2607,Desiree Carey,washingtonleslie@example.net,Dubai,Marina,2025-04-27,Regular,23,Female
2608,Patricia Delgado,eddie13@example.com,Dubai,Marina,2024-12-24,Regular,34,Female
2609,Matthew Hicks,elizabeth39@example.net,Abu Dhabi,Mussafah,2025-05-10,Regular,54,Male
2610,Jacob Brown,krystal05@example.com,Dubai,Business Bay,2024-04-02,Premium,60,Female
2611,Benjamin Thompson,richardsonronnie@example.net,Dubai,Business Bay,2024-09-03,Regular,53,Male
2612,Billy Miranda,mark40@example.net,Sharjah,Al Majaz,2025-10-22,Regular,47,Male
2613,Anna Le,brittanyhayes@example.com,Dubai,Marina,2025-08-01,Regular,29,Male
2614,Cody Woods,shepherdandrew@example.org,Dubai,Marina,2024-06-07,VIP,57,Male
2615,Christopher Smith,udavis@example.net,Sharjah,Al Majaz,2024-04-13,Premium,60,Male
2616,Eric Everett,karenjordan@example.net,Abu Dhabi,Khalifa City,2025-07-20,Regular,28,Female
2617,Joseph Holland,hjohnson@example.com,Abu Dhabi,Khalifa City,2025-08-14,Regular,53,Female
2618,Christopher Henry,zhall@example.net,Dubai,Deira,2025-05-15,Regular,65,Female
2619,Mrs. Jessica Price,stevensmatthew@example.net,Dubai,Jumeirah,2024-10-23,VIP,54,Female
2620,Kimberly Alvarez,ogomez@example.org,Dubai,Downtown,2025-08-14,Regular,64,Male
2621,Melinda Mccullough,james91@example.net,Dubai,Jumeirah,2025-09-10,Regular,29,Male
2622,Erin Lopez,hunter12@example.org,Abu Dhabi,Khalifa City,2024-02-26,Regular,56,Female
2623,Kevin Bell,hamptontom@example.com,Sharjah,Al Nahda,2024-04-25,Regular,38,Male
2624,Douglas Bowman,timothy00@example.org,Abu Dhabi,Khalifa City,2024-05-13,Regular,61,Male
2625,Justin Foster,amy67@example.com,Dubai,Downtown,2025-02-10,Regular,29,Male
2626,Jerome Cole,nicole16@example.org,Ras Al Khaimah,Al Hamra,2025-07-21,Regular,61,Female
2627,Gregory Vazquez,scottmark@example.org,Abu Dhabi,Corniche,2024-12-23,Premium,64,Female
2628,Harry Hale,lgonzalez@example.net,Abu Dhabi,Mussafah,2024-07-08,Regular,43,Male
2629,Dominic Simmons,sydneyalexander@example.org,Sharjah,Al Majaz,2024-07-25,Regular,37,Male
2630,Krystal Howard,nwalker@example.org,Ras Al Khaimah,Al Nakheel,2025-08-09,Regular,47,Male
2631,Linda Ball,michealrodriguez@example.net,Dubai,Marina,2024-08-03,Premium,23,Male
2632,Jason Clark,jimmy15@example.net,Sharjah,Muwaileh,2025-08-14,Premium,64,Female
2633,Joseph Horn,cheryl54@example.com,Abu Dhabi,Al Reem Island,2024-11-06,Regular,59,Male
2634,Danielle Compton,nancy43@example.com,Dubai,Marina,2024-01-06,Regular,48,Male
2635,Rachel Conner,cheryl69@example.net,Dubai,Business Bay,2025-05-26,Regular,25,Male
2636,Nicole Sanchez,joshua74@example.org,Dubai,Marina,2024-06-04,Regular,25,Female
2637,Debra Ortiz,foxerica@example.net,Dubai,Marina,2024-02-24,Regular,65,Male
2638,Carolyn Walker,vincent29@example.net,Dubai,Jumeirah,2025-02-16,Regular,29,Male
2639,Timothy Mcneil,cory21@example.org,Dubai,Deira,2025-04-02,Premium,60,Female
2640,Dr. Jill Brown MD,egill@example.com,Fujairah,Al Faseel,2025-09-29,Regular,54,Male
2641,Samuel Bailey,crystal65@example.com,Abu Dhabi,Mussafah,2024-08-01,Regular,29,Female
2642,Kevin Villarreal,benjaminsmith@example.com,Abu Dhabi,Mussafah,2025-06-17,Regular,36,Male
2643,Jeffrey Torres,hernandezcheryl@example.net,Dubai,Downtown,2024-01-24,Premium,58,Male
2644,Alexander Merritt,daniel13@example.net,Ras Al Khaimah,Al Nakheel,2025-08-13,VIP,27,Female
2645,Felicia Long,allison96@example.org,Dubai,Deira,2025-08-28,Premium,41,Female
2646,George Byrd,jmaynard@example.com,Sharjah,Al Majaz,2025-11-01,Premium,31,Female
2647,Angela Berry,sherylgreen@example.com,Dubai,Business Bay,2025-05-23,Premium,32,Female
2648,Chelsea Dominguez,fhughes@example.org,Dubai,Downtown,2024-07-14,VIP,53,Female
2649,Joshua Watson,kennethwhite@example.com,Abu Dhabi,Corniche,2024-11-10,Regular,19,Female
2650,Michael Taylor,jamesellis@example.org,Fujairah,Al Faseel,2024-01-27,VIP,21,Female
2651,Daniel Rodriguez,jesse79@example.com,Dubai,Business Bay,2024-06-14,Regular,49,Female
2652,Melissa Owen,iharrington@example.org,Dubai,Business Bay,2025-09-26,Regular,64,Male
2653,Rick Hinton,jennifer29@example.com,Abu Dhabi,Al Reem Island,2025-02-26,Regular,36,Male
2654,Kevin Williams,lucasteresa@example.com,Dubai,Downtown,2024-06-11,Regular,32,Female
2655,Amy Baker,turnermckenzie@example.org,Dubai,Deira,2024-05-07,Regular,43,Female
2656,Joshua Moody,stacey22@example.net,Abu Dhabi,Corniche,2025-01-12,Premium,37,Male
2657,Diana Myers,shanerogers@example.org,Dubai,Business Bay,2025-11-24,Regular,45,Male
2658,Casey Mcknight,albertsmith@example.com,Fujairah,Sakamkam,2025-05-06,Regular,34,Female
2659,William Lewis,halljeffrey@example.com,Abu Dhabi,Al Reem Island,2024-02-15,Regular,25,Male
2660,Jeremy Gross,santiagoronald@example.com,Dubai,Deira,2025-02-26,Regular,46,Female
2661,Robert Kim,ethomas@example.net,Dubai,Deira,2025-05-15,Regular,20,Male
2662,Nicole Edwards,thompsondarlene@example.org,Abu Dhabi,Mussafah,2025-04-03,Regular,19,Male
2663,Todd Thompson,jessicahawkins@example.com,Umm Al Quwain,Al Salamah,2025-04-19,Regular,20,Female
2664,Carolyn Johnson,jennifer20@example.org,Abu Dhabi,Khalifa City,2024-02-25,Premium,39,Male
2665,Judy Potts,davisjennifer@example.org,Fujairah,Sakamkam,2025-01-04,VIP,49,Female
2666,Brandi Williams,brian64@example.net,Dubai,Jumeirah,2024-06-28,Premium,19,Male
2667,Julia Parsons,deckerthomas@example.net,Abu Dhabi,Khalifa City,2024-12-23,Premium,61,Female
2668,Erica Green,deanmarisa@example.org,Abu Dhabi,Corniche,2025-09-02,Regular,31,Male
2669,Amber Ward,amandaknapp@example.org,Abu Dhabi,Mussafah,2024-07-22,Regular,28,Female
2670,Julie Hernandez,whitelevi@example.org,Ras Al Khaimah,Al Hamra,2025-02-07,Premium,23,Female
2671,Lauren Watts,ilong@example.com,Abu Dhabi,Khalifa City,2024-05-21,Regular,21,Female
2672,Suzanne Hardy,staceywashington@example.net,Dubai,Jumeirah,2024-04-12,VIP,58,Male
2673,Kenneth Shepard,corymiller@example.org,Sharjah,Al Majaz,2024-02-21,Regular,60,Female
2674,Jimmy Palmer,heidihaas@example.net,Dubai,Downtown,2024-02-08,Premium,34,Male
2675,Thomas Mendez,gibsonbrandon@example.com,Abu Dhabi,Al Reem Island,2025-07-30,Premium,54,Male
2676,Andrew Soto,carmengomez@example.net,Dubai,Deira,2024-11-20,Regular,57,Male
2677,Lisa Benson,carlymoss@example.org,Sharjah,Al Nahda,2025-10-24,Premium,43,Female
2678,Christopher Thomas MD,pgoodman@example.org,Abu Dhabi,Al Reem Island,2024-07-22,Regular,61,Male
2679,Catherine Smith,edward16@example.org,Sharjah,Al Nahda,2025-09-09,Premium,24,Female
2680,Frank Cochran,mhorn@example.org,Ras Al Khaimah,Al Nakheel,2024-06-01,Regular,21,Female
2681,April Ryan,jamesroberts@example.com,Abu Dhabi,Mussafah,2024-09-11,Premium,38,Female
2682,Taylor Smith,lromero@example.com,Dubai,Business Bay,2025-11-16,Regular,55,Male
2683,John Brock,daltonchristina@example.com,Umm Al Quwain,Al Salamah,2024-01-16,Premium,34,Male
2684,Melinda Jones,jake77@example.com,Ras Al Khaimah,Al Nakheel,2024-01-27,Regular,50,Female
2685,Stephanie Sanders,ernestrich@example.net,Sharjah,Muwaileh,2024-06-24,Regular,21,Male
2686,David Lopez,ywells@example.org,Abu Dhabi,Al Reem Island,2025-10-07,Regular,52,Male
2687,Ian Hernandez,zmiller@example.com,Dubai,Business Bay,2025-08-08,Regular,55,Female
2688,Brenda Jacobs,valdezashley@example.org,Ras Al Khaimah,Al Nakheel,2024-03-26,VIP,64,Female
2689,Dustin Jones,jrobinson@example.net,Ras Al Khaimah,Al Nakheel,2024-03-13,VIP,34,Female
2690,Peter Haynes,phall@example.com,Abu Dhabi,Khalifa City,2024-05-03,VIP,40,Male
2691,Robin Brewer,margaretsharp@example.net,Abu Dhabi,Corniche,2025-06-03,Regular,18,Male
2692,Catherine Reynolds,rogersjonathon@example.net,Dubai,Deira,2024-09-22,Regular,48,Female
2693,Michael Morgan,jamierodriguez@example.net,Abu Dhabi,Al Reem Island,2024-07-03,Regular,23,Female
2694,Sarah Williams,janetmoore@example.net,Abu Dhabi,Al Reem Island,2025-10-25,VIP,50,Female
2695,Samuel Davis,kimberlywatson@example.com,Abu Dhabi,Mussafah,2024-06-18,Premium,53,Male
2696,Susan Rodriguez,amanda68@example.com,Abu Dhabi,Corniche,2025-08-15,Premium,21,Female
2697,Wendy Evans,garciabrandi@example.net,Dubai,Downtown,2024-08-22,Regular,23,Female
2698,Justin Brown,vanessa20@example.org,Dubai,Jumeirah,2024-02-15,Premium,59,Male
2699,Cassandra Reilly,hramos@example.com,Dubai,Downtown,2025-11-21,Regular,39,Female
2700,Erik Murphy,slittle@example.com,Dubai,Jumeirah,2025-08-17,Premium,43,Male
2701,Patricia Wilson,nramsey@example.com,Dubai,Deira,2025-09-11,Premium,36,Female
2702,Ashley Thomas,lstokes@example.org,Dubai,Marina,2024-09-28,Regular,35,Female
2703,Alan Vaughn,mitchellcheryl@example.net,Abu Dhabi,Khalifa City,2024-03-07,Regular,53,Female
2704,William Campbell,kpace@example.net,Dubai,Marina,2024-06-12,Regular,33,Female
2705,Ann Huffman,whernandez@example.com,Dubai,Business Bay,2024-05-08,Regular,54,Male
2706,Linda Austin,pearsonwillie@example.org,Dubai,Jumeirah,2025-06-29,Regular,20,Female
2707,Joshua Brown,bhenderson@example.net,Dubai,Downtown,2025-02-08,Regular,51,Female
2708,Carol Smith,baileyjames@example.org,Abu Dhabi,Al Reem Island,2025-03-11,Regular,22,Male
2709,Cheryl Foster,smithcrystal@example.com,Dubai,Marina,2024-04-25,Premium,64,Male
2710,Debra Mercado,andreasmith@example.com,Dubai,Business Bay,2025-10-17,VIP,31,Female
2711,Candice Butler,donnacunningham@example.net,Dubai,Marina,2025-05-01,Premium,39,Male
2712,Jerry Ferguson,dmartin@example.com,Umm Al Quwain,Al Salamah,2024-09-17,Regular,24,Female
2713,Shannon Thompson,nicolemason@example.com,Dubai,Deira,2024-06-18,VIP,35,Female
2714,Sonya Harris,vrussell@example.org,Abu Dhabi,Mussafah,2024-05-07,Regular,38,Male
2715,Madison Ware,dthompson@example.org,Ajman,Al Rashidiya,2024-10-07,Premium,44,Female
2716,Juan Sanford,smithcharles@example.org,Ajman,Al Rashidiya,2025-05-10,Premium,26,Female
2717,Raven Harris,jenniferhernandez@example.net,Abu Dhabi,Al Reem Island,2025-07-13,VIP,64,Male
2718,Katie Arellano,rachael79@example.net,Ajman,Al Rashidiya,2025-07-18,Regular,23,Female
2719,Kelsey Nguyen,sullivanpaula@example.com,Dubai,Business Bay,2024-04-17,Premium,57,Male
2720,Matthew Henderson,margaret20@example.net,Ras Al Khaimah,Al Hamra,2024-09-28,Regular,60,Male
2721,Kimberly Garcia,john19@example.org,Abu Dhabi,Corniche,2025-12-14,Regular,37,Female
2722,Jeremy Ortiz,shull@example.org,Abu Dhabi,Al Reem Island,2024-12-01,Regular,38,Male
2723,Kevin Riley,amberevans@example.net,Dubai,Business Bay,2024-05-18,Premium,21,Female
2724,Nicholas Smith DDS,jacquelinebennett@example.net,Umm Al Quwain,Al Salamah,2025-12-14,Premium,20,Female
2725,Jennifer Cruz,cherylgomez@example.org,Dubai,Jumeirah,2024-03-21,Premium,21,Male
2726,Jerome Parker,matthewwalker@example.com,Ajman,Al Rashidiya,2024-07-31,Regular,44,Male
2727,Lori Smith,irojas@example.net,Dubai,Business Bay,2024-09-23,Regular,21,Female
2728,Alison Adams,tgarza@example.org,Abu Dhabi,Al Reem Island,2024-01-26,Premium,54,Female
2729,Laura Sanders,hartangela@example.net,Sharjah,Al Nahda,2025-06-27,Regular,21,Female
2730,Michael Jimenez,gina94@example.com,Ras Al Khaimah,Al Hamra,2025-11-29,Premium,65,Female
2731,Troy Lee,daniel73@example.com,Abu Dhabi,Corniche,2024-02-21,Premium,34,Male
2732,Kelly Soto,raymondperkins@example.net,Dubai,Downtown,2024-11-18,Premium,49,Female
2733,James Frank,bakerleslie@example.net,Dubai,Deira,2025-08-07,Premium,37,Female
2734,Mark Drake,murphygeorge@example.org,Fujairah,Al Faseel,2025-06-02,Regular,26,Male
2735,Charles Ellis,jross@example.net,Ajman,Al Rashidiya,2024-09-21,Premium,26,Male
2736,Alicia Stephens,amanda45@example.net,Sharjah,Al Nahda,2025-12-18,Regular,43,Female
2737,Daniel Hawkins,nancyballard@example.com,Abu Dhabi,Mussafah,2024-08-22,Regular,61,Female
2738,Mr. Joshua Young,vgreen@example.org,Dubai,Marina,2024-05-01,Regular,29,Female
2739,Jennifer Glenn,hernandezsusan@example.com,Abu Dhabi,Corniche,2025-12-11,Regular,43,Male
2740,Amber Lewis,jennifer61@example.net,Sharjah,Muwaileh,2024-03-09,Regular,23,Male
2741,Paula Kelly,andredonaldson@example.com,Dubai,Deira,2024-04-04,VIP,50,Female
2742,Brent Green,margaretirwin@example.net,Abu Dhabi,Corniche,2024-03-02,Premium,52,Male
2743,Wanda Reynolds,shawtimothy@example.net,Dubai,Business Bay,2025-06-12,Regular,49,Male
2744,Martha Schmidt,robertday@example.org,Dubai,Deira,2024-06-26,Regular,40,Female
2745,Mark Harris,pamela10@example.org,Fujairah,Al Faseel,2024-10-06,Regular,63,Female
2746,Edward Herring,david90@example.com,Sharjah,Al Majaz,2025-10-15,Regular,64,Male
2747,Mr. Troy Hansen,xcardenas@example.org,Ras Al Khaimah,Al Nakheel,2024-07-27,Regular,65,Female
2748,Andrew Thomas,darrylkent@example.net,Dubai,Jumeirah,2024-12-20,Premium,52,Male
2749,Shelby Taylor,ltate@example.org,Abu Dhabi,Mussafah,2025-10-12,Regular,34,Male
2750,Adam Young,timothy64@example.net,Dubai,Deira,2025-11-18,Premium,32,Female
2751,Richard Watson,carolynnguyen@example.org,Ajman,Al Rashidiya,2024-10-01,Regular,45,Female
2752,Sabrina Ferguson,adam12@example.com,Dubai,Downtown,2024-10-19,Regular,65,Male
2753,Gregory Garcia,smithjohn@example.org,Ajman,Al Nuaimiya,2024-04-24,VIP,27,Female
2754,Theresa Arias,noblekimberly@example.org,Dubai,Business Bay,2025-09-21,Premium,57,Male
2755,Margaret Schultz,bsimpson@example.com,Abu Dhabi,Corniche,2024-07-30,Premium,59,Male
2756,Kimberly Sanchez,angela58@example.com,Abu Dhabi,Al Reem Island,2024-07-15,Regular,61,Male
2757,Kevin Torres,donald51@example.com,Sharjah,Al Nahda,2024-12-28,Premium,21,Male
2758,Jonathan Burns,westbrian@example.org,Abu Dhabi,Corniche,2024-09-09,Regular,63,Male
2759,Mallory Cox,greenshawn@example.com,Dubai,Business Bay,2024-08-23,Premium,50,Male
2760,Phillip Fowler,kelsey47@example.net,Dubai,Marina,2024-12-04,Premium,18,Male
2761,Sarah Phillips,lwilson@example.com,Ajman,Al Nuaimiya,2025-06-11,Premium,43,Female
2762,Veronica Stevens,keith93@example.org,Abu Dhabi,Mussafah,2025-06-10,Premium,40,Male
2763,John Ferguson,jamesmoreno@example.com,Dubai,Downtown,2025-11-17,Regular,45,Male
2764,Richard Barker,margaretboyd@example.net,Ajman,Al Nuaimiya,2025-07-01,Premium,48,Male
2765,Mrs. Amanda Wells,lisahawkins@example.com,Abu Dhabi,Al Reem Island,2024-01-16,Premium,64,Female
2766,Karen Alvarez,mitchellangela@example.org,Dubai,Business Bay,2024-05-06,Regular,50,Female
2767,Arthur White,aholt@example.com,Ajman,Al Rashidiya,2025-09-29,Regular,55,Male
2768,Christy Murphy,timothyshaffer@example.net,Ras Al Khaimah,Al Nakheel,2024-11-09,Regular,62,Male
2769,Jose Boyer,roger73@example.com,Ajman,Al Nuaimiya,2024-10-07,Premium,34,Female
2770,James Miller,yramos@example.org,Dubai,Deira,2025-09-04,Premium,42,Female
2771,Jennifer Frederick,jeffrey62@example.net,Dubai,Marina,2024-07-27,Regular,55,Female
2772,Dawn Bennett,norrisdaniel@example.net,Dubai,Marina,2024-08-31,Premium,27,Male
2773,Gina Perez,schmidtjesus@example.net,Umm Al Quwain,Al Salamah,2024-01-31,VIP,28,Male
2774,Carla Padilla,salvarado@example.com,Umm Al Quwain,Al Salamah,2025-12-29,Regular,31,Male
2775,Edward Hill,christine97@example.net,Dubai,Deira,2024-04-29,Regular,29,Male
2776,Christopher Bartlett,madison75@example.net,Dubai,Business Bay,2025-01-30,Regular,25,Male
2777,Hannah Meyer,kirbybrett@example.org,Ras Al Khaimah,Al Hamra,2025-01-30,Regular,23,Female
2778,Patrick Ford,wilkinskevin@example.net,Dubai,Jumeirah,2024-04-05,Regular,64,Male
2779,Lee Heath,murraysara@example.net,Ras Al Khaimah,Al Hamra,2024-11-22,Regular,23,Male
2780,Sydney Baker,lisa43@example.com,Sharjah,Al Nahda,2025-03-07,Regular,30,Female
2781,Shane Mills MD,millerjessica@example.net,Dubai,Business Bay,2024-11-19,Regular,30,Male
2782,Joseph Peterson,hsweeney@example.org,Abu Dhabi,Corniche,2024-07-05,Regular,35,Female
2783,Lisa Odom,hillsabrina@example.net,Fujairah,Sakamkam,2025-03-24,Regular,62,Male
2784,Roberto Rojas,marthagriffin@example.net,Abu Dhabi,Corniche,2025-03-08,Regular,18,Female
2785,Ethan Castro,lmiddleton@example.org,Ras Al Khaimah,Al Hamra,2024-03-29,Premium,32,Female
2786,Richard Davis,julie80@example.net,Dubai,Jumeirah,2025-07-08,Regular,57,Female
2787,Paul Mack,james60@example.net,Sharjah,Al Nahda,2024-02-12,Regular,41,Male
2788,Barbara Allen,smithsusan@example.net,Abu Dhabi,Khalifa City,2024-10-28,Regular,52,Female
2789,Kenneth Wells,debbieedwards@example.org,Dubai,Business Bay,2025-04-15,Regular,52,Female
2790,Jeffery Berry,margaret18@example.net,Abu Dhabi,Al Reem Island,2025-04-28,VIP,60,Female
2791,Drew Brown,kevinespinoza@example.org,Sharjah,Al Majaz,2025-01-07,Regular,55,Female
2792,Taylor Cantu,wharris@example.com,Dubai,Jumeirah,2024-03-20,Regular,42,Male
2793,Jeremiah Robinson,william96@example.net,Abu Dhabi,Khalifa City,2024-05-09,VIP,26,Female
2794,Harry Lindsey,bushcourtney@example.net,Ras Al Khaimah,Al Hamra,2025-04-10,Regular,53,Male
2795,Shane Potter,odavis@example.com,Dubai,Downtown,2024-03-21,Premium,54,Female
2796,David Curtis,phoover@example.net,Fujairah,Al Faseel,2025-04-17,Regular,38,Male
2797,Mr. Gregory Wiley,jamesjohn@example.net,Abu Dhabi,Corniche,2024-10-24,Premium,26,Female
2798,Mary Massey,thomaswhite@example.org,Dubai,Business Bay,2024-07-08,Regular,61,Male
2799,Kimberly Fisher,vortiz@example.org,Dubai,Business Bay,2025-12-30,Regular,26,Female
2800,Joseph Gray,jonathan61@example.org,Dubai,Marina,2024-05-24,VIP,39,Male
2801,Loretta Horton,cynthia35@example.net,Abu Dhabi,Mussafah,2025-01-10,VIP,24,Female
2802,Madison Evans,brad51@example.org,Abu Dhabi,Mussafah,2025-05-12,Regular,50,Male
2803,Justin Smith,abaird@example.com,Dubai,Business Bay,2024-05-24,Premium,41,Female
2804,Jason Henderson,bakerjonathon@example.com,Ajman,Al Nuaimiya,2024-02-20,Regular,32,Female
2805,Joseph Riley,laura09@example.com,Dubai,Deira,2025-04-15,Regular,26,Female
2806,Amanda Simpson,heather90@example.net,Ajman,Al Rashidiya,2024-06-30,Regular,53,Female
2807,Jonathan Gallagher,sheena87@example.com,Ras Al Khaimah,Al Hamra,2024-01-06,Regular,51,Male
2808,Nicole Bell,mariahwang@example.net,Dubai,Downtown,2025-04-08,Regular,44,Male
2809,Jody Singleton,chavezpamela@example.org,Dubai,Business Bay,2025-01-17,Regular,21,Female
2810,Jessica Tran,mccormickkatherine@example.com,Fujairah,Al Faseel,2024-04-03,Regular,18,Male
2811,Pamela Johnson,stacey98@example.net,Ajman,Al Nuaimiya,2025-11-03,Regular,45,Male
2812,Katie Harris,vramos@example.com,Sharjah,Al Majaz,2025-01-06,VIP,46,Male
2813,Courtney Young,ecampbell@example.com,Ajman,Al Nuaimiya,2024-07-23,Regular,22,Female
2814,David Hall,jacobscindy@example.org,Abu Dhabi,Al Reem Island,2024-01-05,Regular,62,Male
2815,Hannah Hunt,lcosta@example.net,Ajman,Al Rashidiya,2025-07-29,Premium,32,Male
2816,Casey Baker,tarabradshaw@example.org,Sharjah,Muwaileh,2025-04-24,Regular,54,Male
2817,Carolyn Kane,carrjennifer@example.com,Ajman,Al Rashidiya,2024-12-18,Regular,35,Female
2818,Cesar Adams,carl07@example.net,Sharjah,Al Nahda,2024-03-31,Premium,50,Male
2819,Michele Garcia,erikwatson@example.org,Umm Al Quwain,Al Salamah,2024-11-14,Regular,64,Male
2820,Maria Brown,tklein@example.org,Dubai,Downtown,2024-02-16,Regular,53,Female
2821,Tammy Thomas,amy70@example.net,Dubai,Marina,2024-03-11,Premium,31,Female
2822,Kristin Hernandez,kbird@example.com,Abu Dhabi,Khalifa City,2024-12-11,Regular,21,Female
2823,Christopher Miller,ywilkinson@example.org,Ajman,Al Rashidiya,2024-02-09,Regular,55,Male
2824,Adrian Collier,geraldgarcia@example.net,Umm Al Quwain,Al Salamah,2024-11-02,Regular,53,Female
2825,Amber Lee,gfox@example.net,Fujairah,Sakamkam,2024-08-21,VIP,58,Female
2826,Anthony Smith,pwest@example.org,Dubai,Marina,2025-07-07,Regular,21,Female
2827,Timothy Maxwell,wheelerkimberly@example.org,Sharjah,Al Nahda,2025-12-22,Regular,46,Female
2828,Robert Griffith,duncanjames@example.net,Dubai,Downtown,2025-02-10,Regular,29,Male
2829,Alexandra Marshall,anthony17@example.org,Abu Dhabi,Mussafah,2024-11-28,Regular,58,Female
2830,Tyler Hart,johnsonsteven@example.net,Sharjah,Muwaileh,2025-09-06,Premium,24,Male
2831,Collin Osborne,fjackson@example.org,Umm Al Quwain,Al Salamah,2025-06-03,Regular,61,Male
2832,Robert Knight,pwilkerson@example.com,Dubai,Downtown,2025-12-22,Premium,21,Male
2833,Cody Johnson PhD,molly46@example.org,Dubai,Deira,2025-02-19,Regular,32,Female
2834,Mrs. Carol Morton DVM,dflowers@example.com,Sharjah,Al Nahda,2025-12-16,Premium,18,Male
2835,Jason Lucero,mandymalone@example.com,Abu Dhabi,Khalifa City,2025-03-24,Premium,54,Female
2836,Tara Anderson,douglas60@example.org,Ajman,Al Nuaimiya,2024-01-11,Premium,62,Male
2837,Daniel Matthews,thomasjessica@example.net,Dubai,Deira,2024-12-11,Premium,29,Female
2838,Lauren Torres,esalinas@example.org,Fujairah,Sakamkam,2025-03-26,Premium,39,Male
2839,Alexander Craig,wmay@example.com,Abu Dhabi,Al Reem Island,2025-05-19,Premium,63,Male
2840,Thomas Ruiz,pearsoncarrie@example.com,Ajman,Al Rashidiya,2025-09-01,Regular,40,Female
2841,Allison Arellano,josephcooper@example.net,Abu Dhabi,Khalifa City,2025-11-13,Regular,43,Female
2842,Joshua Rodriguez,andersondaniel@example.net,Fujairah,Al Faseel,2024-11-07,Regular,55,Male
2843,Troy Herrera,jacksonrussell@example.com,Dubai,Downtown,2024-05-09,Premium,45,Male
2844,Michele Oconnor PhD,jscott@example.com,Abu Dhabi,Mussafah,2024-03-06,Regular,58,Male
2845,Susan Palmer,dmartinez@example.com,Fujairah,Sakamkam,2025-09-22,Premium,52,Female
2846,Dr. Kathryn Adams DDS,dixonjerry@example.net,Dubai,Marina,2025-01-17,Regular,20,Female
2847,Ann Cunningham,henrychristine@example.net,Dubai,Deira,2024-03-01,VIP,54,Male
2848,Jeffrey Williams,uduncan@example.net,Abu Dhabi,Corniche,2025-08-07,VIP,53,Male
2849,Patricia Dunlap,philliphayden@example.net,Dubai,Jumeirah,2025-03-25,Regular,62,Male
2850,Craig Nguyen,joshuaadams@example.com,Umm Al Quwain,Al Salamah,2025-12-12,Premium,31,Male
2851,Tony Williams,davidandrews@example.net,Abu Dhabi,Mussafah,2024-11-10,Premium,41,Male
2852,Donald Lopez,jacksonwhitney@example.org,Dubai,Jumeirah,2025-05-17,Regular,28,Female
2853,Katherine Mcmillan,michellehoward@example.com,Dubai,Marina,2024-06-13,Regular,18,Male
2854,Daniel Robinson,smithamy@example.com,Abu Dhabi,Corniche,2024-11-16,Regular,43,Male
2855,Eddie Klein,lchavez@example.org,Dubai,Jumeirah,2025-07-04,Regular,21,Male
2856,April Meyer,martinezdavid@example.org,Abu Dhabi,Khalifa City,2024-08-12,Regular,24,Male
2857,Troy Jefferson,vbradley@example.net,Dubai,Deira,2025-08-08,Regular,44,Male
2858,David Jennings,sarahharmon@example.net,Dubai,Deira,2025-10-14,Regular,44,Female
2859,Theresa Ray,nsingh@example.org,Dubai,Marina,2024-04-29,Regular,46,Male
2860,Joshua Quinn,amy18@example.com,Sharjah,Muwaileh,2024-01-07,Premium,39,Female
2861,David Sanchez,johnsoncandice@example.net,Dubai,Business Bay,2025-07-23,Regular,54,Male
2862,Melinda Wright,zamorajennifer@example.org,Dubai,Business Bay,2025-08-30,Regular,43,Male
2863,Angela Davis,floreseileen@example.net,Dubai,Marina,2025-03-05,Premium,62,Male
2864,Melissa Rivera,katherinemccarty@example.com,Abu Dhabi,Mussafah,2025-06-17,Regular,47,Female
2865,Albert Fields,jonesjames@example.org,Ras Al Khaimah,Al Nakheel,2024-01-02,Regular,40,Male
2866,Jason Griffin,mharding@example.net,Dubai,Business Bay,2024-01-07,Regular,62,Male
2867,Kevin Padilla,jreynolds@example.net,Dubai,Business Bay,2025-11-07,Regular,51,Male
2868,Anthony Taylor,patrickjasmine@example.net,Abu Dhabi,Corniche,2024-01-05,Regular,45,Male
2869,Melissa Hernandez,denisepalmer@example.net,Sharjah,Muwaileh,2025-03-23,Regular,39,Male
2870,Donna Smith,htaylor@example.com,Sharjah,Al Nahda,2025-08-05,Premium,48,Male
2871,Andrea Baker,rebecca73@example.com,Sharjah,Al Majaz,2025-01-25,Regular,63,Male
2872,Cheryl Collins,maxwellgibson@example.org,Sharjah,Al Nahda,2024-08-30,Regular,62,Male
2873,Christopher Davis,andrearivera@example.net,Dubai,Jumeirah,2025-09-15,Regular,55,Female
2874,Jason Jones,kristievillegas@example.com,Ras Al Khaimah,Al Hamra,2024-12-05,Premium,60,Male
2875,Donna Cline,cwilson@example.org,Umm Al Quwain,Al Salamah,2024-06-21,Regular,21,Male
2876,Christopher Brown,dortiz@example.org,Abu Dhabi,Mussafah,2025-07-03,Regular,32,Male
2877,David Thomas,johnsonjennifer@example.net,Abu Dhabi,Khalifa City,2024-03-01,Regular,35,Female
2878,Christina Strong,fjones@example.org,Umm Al Quwain,Al Salamah,2024-05-14,Premium,22,Female
2879,Tanner Potts,alexander66@example.com,Umm Al Quwain,Al Salamah,2025-08-14,Premium,62,Male
2880,Robert Vance,larry04@example.net,Abu Dhabi,Al Reem Island,2024-05-10,Regular,21,Female
2881,Charles Gonzales,melissaevans@example.org,Fujairah,Al Faseel,2024-08-12,Regular,46,Female
2882,Brandon Young,victor34@example.com,Dubai,Marina,2025-12-13,Regular,63,Male
2883,Debbie Bailey,amiller@example.net,Dubai,Marina,2025-05-30,Regular,21,Female
2884,Todd Sherman,margaretbarnett@example.org,Dubai,Marina,2024-01-03,Regular,56,Male
2885,William Hicks,ypadilla@example.com,Fujairah,Sakamkam,2025-04-12,Regular,55,Male
2886,Rachel Cisneros,joshuajones@example.net,Abu Dhabi,Khalifa City,2024-05-15,Premium,59,Male
2887,Stacey Ortiz,rdixon@example.net,Umm Al Quwain,Al Salamah,2025-03-01,Regular,42,Male
2888,John Miller,belindafowler@example.com,Ajman,Al Nuaimiya,2025-08-19,Regular,19,Female
2889,Jason Cantu,vincent74@example.org,Dubai,Business Bay,2024-10-09,Regular,43,Male
2890,Erik Nelson,kyleparker@example.com,Dubai,Deira,2024-07-26,Regular,18,Male
2891,Nicole Kelley,hernandezmatthew@example.net,Dubai,Business Bay,2025-01-12,Premium,43,Female
2892,David Rodgers,frank49@example.org,Fujairah,Al Faseel,2025-01-27,Premium,27,Male
2893,James Vazquez,dawn11@example.org,Abu Dhabi,Corniche,2025-01-05,Regular,55,Female
2894,Lisa Schroeder,schmidtsteven@example.org,Sharjah,Al Nahda,2024-11-03,Regular,45,Female
2895,Jessica Parker,erica48@example.net,Umm Al Quwain,Al Salamah,2025-09-11,Premium,54,Female
2896,Misty Rice,brenda68@example.org,Dubai,Downtown,2025-10-24,Regular,47,Male
2897,Jennifer Cline MD,velasquezvictoria@example.org,Dubai,Marina,2025-01-29,Regular,25,Male
2898,Robert Watson,dianaramirez@example.net,Dubai,Marina,2024-09-18,Premium,60,Male
2899,Scott Wilson,nwilliams@example.net,Ras Al Khaimah,Al Hamra,2025-11-01,Premium,35,Male
2900,Jessica Colon,tylergarcia@example.net,Dubai,Business Bay,2025-06-09,Premium,20,Female
2901,Kathy Brown,harrisbryan@example.net,Fujairah,Al Faseel,2025-09-29,Regular,33,Female
2902,Kristopher Pierce,millerlindsey@example.org,Ras Al Khaimah,Al Nakheel,2025-11-04,Regular,42,Female
2903,Christine Ellison,pli@example.org,Dubai,Business Bay,2024-12-12,Premium,64,Female
2904,Kathleen Garcia,jgill@example.com,Fujairah,Al Faseel,2025-01-09,Regular,33,Male
2905,Paul Wilkerson,jhenson@example.com,Dubai,Marina,2024-02-05,Regular,63,Female
2906,Lisa Potter,bowenjonathan@example.net,Ajman,Al Rashidiya,2025-02-19,Regular,64,Female
2907,Sarah Fields,michelle01@example.org,Dubai,Jumeirah,2025-02-03,Premium,49,Female
2908,Jeffrey Walker,jasminjohnson@example.org,Sharjah,Al Nahda,2025-08-23,Premium,58,Female
2909,Megan Hood,ruizkimberly@example.net,Fujairah,Sakamkam,2024-09-02,Regular,48,Female
2910,Michelle Mcdonald,brodriguez@example.net,Dubai,Business Bay,2025-05-29,VIP,22,Female
2911,Ashley Gilbert,davidharris@example.net,Dubai,Downtown,2024-05-09,Regular,36,Female
2912,Leah Travis,timothy18@example.org,Dubai,Deira,2025-08-09,VIP,57,Female
2913,Dr. Andrew Johns,yoderadam@example.com,Abu Dhabi,Mussafah,2024-07-08,Regular,38,Female
2914,Megan Moran,kristen78@example.org,Abu Dhabi,Corniche,2024-11-05,Regular,33,Male
2915,Matthew Caldwell,francisholloway@example.com,Abu Dhabi,Mussafah,2024-05-19,Regular,63,Male
2916,Rachel Cruz,darnold@example.com,Dubai,Jumeirah,2024-05-05,Regular,60,Female
2917,John Price,wfleming@example.org,Abu Dhabi,Khalifa City,2024-09-10,VIP,25,Female
2918,Michael Sanchez,heidi21@example.com,Sharjah,Al Nahda,2024-08-06,Regular,44,Male
2919,Brian Russell,madeline61@example.org,Abu Dhabi,Corniche,2024-08-19,VIP,61,Male
2920,Mr. Craig Williams,patricia24@example.org,Dubai,Deira,2025-05-22,Premium,28,Male
2921,Melissa Harvey,beckyroberts@example.com,Fujairah,Al Faseel,2025-01-12,Regular,53,Female
2922,Connie Smith,rodgerscaroline@example.org,Dubai,Marina,2025-01-06,Regular,29,Female
2923,Emily Perez,craigbuck@example.com,Ras Al Khaimah,Al Hamra,2024-09-22,Premium,59,Female
2924,Jacob Aguirre,zwolfe@example.net,Dubai,Jumeirah,2024-07-17,VIP,59,Male
2925,Crystal Parrish,jesse81@example.org,Abu Dhabi,Corniche,2024-12-15,Regular,46,Female
2926,Alan Wilson,rhonda64@example.org,Abu Dhabi,Corniche,2025-02-13,Regular,30,Female
2927,Robert Richards MD,floresjohn@example.com,Dubai,Downtown,2024-03-04,Premium,58,Female
2928,Phillip Lin,amyjones@example.com,Sharjah,Al Nahda,2025-07-03,Regular,41,Female
2929,Erin Garcia,brittanyhubbard@example.com,Abu Dhabi,Al Reem Island,2024-02-07,VIP,48,Male
2930,Gloria Green,odickerson@example.org,Sharjah,Al Majaz,2024-11-12,Regular,60,Male
2931,Robin Murray,jessicasmith@example.com,Dubai,Deira,2025-09-10,Regular,54,Male
2932,Jessica Rojas,kelsey67@example.com,Sharjah,Al Majaz,2025-02-11,Premium,62,Male
2933,Hunter Alexander,murraybruce@example.net,Abu Dhabi,Khalifa City,2024-02-05,Regular,42,Female
2934,Isaiah Trujillo,pschmidt@example.org,Dubai,Marina,2025-06-14,Regular,64,Male
2935,Dr. Daniel Tucker,tiffany80@example.org,Abu Dhabi,Khalifa City,2025-08-12,Premium,33,Female
2936,Elizabeth Jones,wesley57@example.net,Dubai,Downtown,2025-09-22,Premium,60,Male
2937,Anthony Hart,jordan68@example.com,Ras Al Khaimah,Al Nakheel,2024-06-22,Regular,46,Male
2938,Dr. Charlene Black,wendy76@example.com,Abu Dhabi,Khalifa City,2025-06-18,Regular,18,Female
2939,Adam Delgado,jvega@example.com,Dubai,Jumeirah,2025-12-08,Premium,32,Male
2940,Shannon Mccarthy,jared86@example.com,Dubai,Jumeirah,2024-03-30,Regular,20,Female
2941,Charles Munoz,patriciareynolds@example.net,Dubai,Deira,2025-07-18,Regular,29,Female
2942,Lisa Russell,salinaszachary@example.net,Abu Dhabi,Al Reem Island,2025-06-01,Premium,30,Female
2943,Leslie Hall MD,kimberly34@example.org,Dubai,Deira,2025-05-18,Regular,24,Female
2944,Alexander Warren,thomaslane@example.net,Abu Dhabi,Khalifa City,2025-07-25,Regular,29,Male
2945,Taylor Carlson,qpatterson@example.org,Fujairah,Sakamkam,2025-11-13,Regular,63,Female
2946,Michael Rojas,vcole@example.com,Abu Dhabi,Mussafah,2025-02-16,Regular,46,Female
2947,Sierra Porter,max26@example.org,Dubai,Marina,2024-08-09,Regular,28,Male
2948,Shari Allen,dylan27@example.org,Abu Dhabi,Mussafah,2024-09-16,Regular,60,Male
2949,Nicole Anderson,henrymccarthy@example.org,Sharjah,Muwaileh,2025-12-02,Premium,29,Female
2950,Bridget Garcia,huffmaria@example.net,Dubai,Jumeirah,2024-07-06,VIP,39,Male
2951,Jessica Martinez,krodriguez@example.org,Dubai,Deira,2025-02-02,Premium,58,Female
2952,Brooke Ware,daniel48@example.com,Ajman,Al Nuaimiya,2024-03-09,Regular,21,Female
2953,Crystal Brooks,houstonstephanie@example.org,Dubai,Jumeirah,2024-10-09,Premium,18,Female
2954,Scott White,roachjulie@example.net,Abu Dhabi,Khalifa City,2025-07-26,Premium,59,Female
2955,Alexis Shea,jack64@example.com,Dubai,Deira,2024-08-13,Regular,60,Male
2956,Amy Payne,hayesnicole@example.org,Abu Dhabi,Mussafah,2025-11-10,Regular,64,Female
2957,Renee Miller,seanosborne@example.com,Abu Dhabi,Corniche,2024-03-05,Premium,48,Male
2958,Teresa Carter,jasongutierrez@example.com,Dubai,Downtown,2025-08-05,Premium,58,Male
2959,Thomas Bennett,melissaroy@example.com,Dubai,Jumeirah,2024-10-01,Regular,61,Female
2960,Donald Wallace,ruthsmith@example.org,Dubai,Downtown,2024-01-18,VIP,23,Female
2961,Amanda Sanders,jordan25@example.net,Abu Dhabi,Khalifa City,2025-08-28,Regular,49,Female
2962,Sabrina Pierce,halejeffery@example.net,Sharjah,Al Majaz,2025-05-03,Premium,19,Female
2963,Joel Moore,fwhite@example.org,Dubai,Marina,2025-11-13,Regular,59,Female
2964,Bailey Hughes,denise49@example.com,Dubai,Deira,2024-06-02,Regular,30,Male
2965,Ronald Higgins,vfoster@example.org,Sharjah,Al Nahda,2025-09-27,Regular,54,Female
2966,Christopher Newman,tiffany97@example.com,Dubai,Business Bay,2025-06-19,Regular,28,Female
2967,Lori Brooks,gsharp@example.net,Abu Dhabi,Corniche,2024-08-24,Premium,29,Male
2968,Robert Barnes,wchaney@example.com,Abu Dhabi,Corniche,2025-11-22,Regular,39,Female
2969,Alison Williams,ortegasandra@example.net,Abu Dhabi,Corniche,2024-12-26,Premium,31,Female
2970,Sarah Larson,jacobjones@example.com,Dubai,Business Bay,2024-04-03,Premium,39,Female
2971,Terry Macias,christineramirez@example.net,Dubai,Business Bay,2025-11-19,Regular,29,Male
2972,Amanda Perez,michaellee@example.org,Dubai,Deira,2024-06-11,Regular,40,Male
2973,Tyler Sanchez,williamslisa@example.net,Sharjah,Al Nahda,2025-01-22,VIP,54,Female
2974,Hailey Mcpherson,montgomeryjessica@example.com,Sharjah,Al Nahda,2025-05-06,Premium,18,Male
2975,Robert Vega,perezrichard@example.net,Abu Dhabi,Corniche,2025-02-09,Regular,60,Female
2976,Rhonda Mitchell,cindyfischer@example.org,Abu Dhabi,Mussafah,2025-08-09,Regular,37,Male
2977,Christopher Horn,lellison@example.com,Dubai,Marina,2025-01-29,Regular,20,Female
2978,Robert Johnson,daviddecker@example.com,Ajman,Al Nuaimiya,2024-01-24,Regular,38,Male
2979,Ann Hobbs,wallacemathew@example.net,Abu Dhabi,Al Reem Island,2025-08-25,VIP,54,Female
2980,Terry Carr,stephaniewilson@example.org,Abu Dhabi,Corniche,2025-03-27,Regular,58,Female
2981,Jennifer Jones,xparker@example.com,Dubai,Jumeirah,2024-08-16,Regular,62,Female
2982,Terrence Cruz,danielle93@example.com,Abu Dhabi,Al Reem Island,2024-07-02,Regular,28,Male
2983,William Davis,henrygriffin@example.net,Abu Dhabi,Khalifa City,2025-03-12,Regular,23,Female
2984,John Hall,banderson@example.com,Abu Dhabi,Mussafah,2025-09-18,Regular,36,Female
2985,Chris Farrell,gking@example.org,Abu Dhabi,Khalifa City,2024-11-01,Premium,36,Male
2986,Stefanie Simmons,ostokes@example.org,Dubai,Downtown,2024-03-15,Regular,43,Male
2987,Kevin Keller,leslie24@example.org,Sharjah,Al Majaz,2025-12-23,Regular,46,Female
2988,Michael Brown,michellegomez@example.com,Dubai,Downtown,2025-02-23,Regular,61,Male
2989,Daniel Ingram,perkinsdaniel@example.org,Dubai,Deira,2025-08-30,Regular,26,Female
2990,Amber York,dlowery@example.net,Sharjah,Al Majaz,2025-08-12,Regular,51,Female
2991,John Dickson,heather42@example.org,Dubai,Marina,2024-04-16,VIP,54,Female
2992,Kathryn Young,courtney58@example.org,Dubai,Marina,2024-04-27,Premium,48,Female
2993,Nancy Costa,kelsey77@example.org,Dubai,Business Bay,2024-12-22,Regular,63,Female
2994,Mark Gallegos,suzannegilmore@example.org,Dubai,Jumeirah,2025-08-22,Premium,26,Male
2995,Victoria Jordan,howardchristina@example.org,Dubai,Deira,2024-11-05,Regular,37,Female
2996,John Daniels,susan40@example.net,Ras Al Khaimah,Al Nakheel,2025-09-17,Regular,19,Male
2997,Jonathan Mueller,mariaweaver@example.com,Ras Al Khaimah,Al Hamra,2024-04-19,Premium,31,Female
2998,Michelle Woods,bkramer@example.net,Dubai,Jumeirah,2024-12-30,Premium,43,Male
2999,Jennifer Martinez,michaelbradshaw@example.net,Dubai,Downtown,2025-10-05,VIP,53,Female
3000,Nancy Miller,kjackson@example.org,Umm Al Quwain,Al Salamah,2025-08-10,Regular,22,Female
