order_id,customer_id,order_date,channel,payment_method,warehouse_id
1,1149,2025-12-27,Online App,Tabby (BNPL),5
2,2848,2025-08-28,In-Store,Apple Pay,2
3,2199,2025-12-27,In-Store,Tabby (BNPL),2
4,1803,2024-02-18,Website,Credit Card,1
5,470,2025-12-29,Website,Cash on Delivery,1
6,470,2025-12-27,Website,Tabby (BNPL),1
7,166,2025-03-17,Online App,Cash on Delivery,2
8,2605,2024-03-13,In-Store,Apple Pay,2
9,1811,2025-06-26,Online App,Cash on Delivery,2
10,2126,2025-04-19,Online App,Apple Pay,4
11,67,2025-08-25,In-Store,Cash on Delivery,2
12,2915,2025-06-22,In-Store,Tabby (BNPL),2
13,2509,2024-07-22,Online App,Apple Pay,1
14,653,2025-10-11,Website,Tabby (BNPL),3
15,553,2025-02-19,In-Store,Credit Card,1
16,562,2025-09-19,Online App,Tabby (BNPL),1
17,925,2024-07-12,Website,Tabby (BNPL),1
18,1580,2025-03-23,Online App,Cash on Delivery,5
19,1309,2025-03-27,Online App,Credit Card,3
20,887,2025-10-03,Online App,Apple Pay,5
21,1845,2024-11-23,In-Store,Tabby (BNPL),1
22,417,2025-08-10,Online App,Tabby (BNPL),2
23,890,2025-11-15,Website,Cash on Delivery,1
24,1118,2025-01-07,Online App,Credit Card,2
25,1385,2024-11-20,Online App,Credit Card,1
26,2368,2025-02-24,Website,Cash on Delivery,3
27,611,2025-11-03,Online App,Credit Card,5
28,1536,2025-07-27,Online App,Cash on Delivery,1
29,1782,2025-08-11,Online App,Credit Card,5
30,135,2025-11-14,In-Store,Cash on Delivery,4
31,1829,2025-11-09,Website,Apple Pay,1
32,519,2025-07-21,Website,Credit Card,2
33,188,2024-10-23,Online App,Cash on Delivery,3
34,2846,2025-08-27,Online App,Apple Pay,1
35,2903,2024-12-15,Online App,Cash on Delivery,1
36,2439,2025-06-16,In-Store,Tabby (BNPL),2
37,926,2025-08-25,Online App,Apple Pay,1
38,286,2025-04-02,Online App,Tabby (BNPL),1
39,2064,2024-06-03,Website,Tabby (BNPL),3
40,1337,2025-12-29,In-Store,Credit Card,2
41,353,2024-10-31,Online App,Apple Pay,3
42,1490,2025-12-06,In-Store,Cash on Delivery,1
43,109,2025-07-30,In-Store,Credit Card,2
44,2727,2024-09-29,Online App,Tabby (BNPL),1
45,790,2025-08-10,Website,Cash on Delivery,2
46,1999,2025-10-23,In-Store,Apple Pay,3
47,950,2024-11-16,Website,Tabby (BNPL),1
48,1559,2025-12-16,In-Store,Tabby (BNPL),1
49,1650,2025-10-31,In-Store,Credit Card,1
50,567,2025-05-22,Online App,Cash on Delivery,2
51,2914,2025-05-04,Online App,Tabby (BNPL),2
52,2340,2025-11-03,Online App,Credit Card,3
53,2817,2025-04-29,Online App,Cash on Delivery,4
54,2689,2025-05-22,In-Store,Credit Card,5
55,1800,2025-12-29,In-Store,Tabby (BNPL),6
56,2762,2025-10-28,Online App,Apple Pay,2
57,256,2025-11-04,Online App,Cash on Delivery,3
58,600,2025-12-29,Online App,Tabby (BNPL),3
59,130,2025-08-26,Online App,Credit Card,5
60,997,2025-04-04,Online App,Cash on Delivery,1
61,1192,2025-04-09,Online App,Tabby (BNPL),1
62,823,2025-08-09,Website,Apple Pay,1
63,2495,2025-09-03,Website,Tabby (BNPL),1
64,1094,2025-08-11,Online App,Tabby (BNPL),2
65,852,2025-08-03,Online App,Credit Card,1
66,1639,2025-12-18,Online App,Apple Pay,1
67,422,2025-04-18,Website,Cash on Delivery,2
68,2420,2025-06-25,In-Store,Tabby (BNPL),1
69,219,2025-08-17,Online App,Cash on Delivery,2
70,2961,2025-11-30,Website,Apple Pay,2
71,2332,2025-12-23,In-Store,Cash on Delivery,2
72,607,2025-01-07,Online App,Cash on Delivery,1
73,18,2025-11-16,Website,Cash on Delivery,2
74,2459,2025-09-18,In-Store,Apple Pay,4
75,2123,2024-06-02,Online App,Apple Pay,2
76,2189,2025-12-13,Online App,Cash on Delivery,2
77,2329,2025-07-24,In-Store,Cash on Delivery,1
78,218,2025-12-22,Online App,Tabby (BNPL),1
79,1097,2025-05-16,Online App,Apple Pay,1
80,338,2025-02-02,Online App,Tabby (BNPL),1
81,2594,2025-12-31,Online App,Credit Card,6
82,1878,2025-12-21,Online App,Apple Pay,2
83,1013,2025-03-04,Online App,Credit Card,1
84,184,2025-04-19,Website,Apple Pay,2
85,946,2025-12-25,Online App,Tabby (BNPL),1
86,996,2025-08-22,Website,Cash on Delivery,3
87,2189,2025-09-13,Online App,Credit Card,2
88,1925,2025-10-02,Online App,Cash on Delivery,5
89,2670,2025-03-07,In-Store,Cash on Delivery,5
90,1429,2025-12-25,Website,Cash on Delivery,1
91,348,2025-02-24,In-Store,Credit Card,3
92,2141,2025-12-09,In-Store,Cash on Delivery,2
93,2289,2025-04-14,Website,Tabby (BNPL),2
94,1689,2025-12-23,Online App,Apple Pay,1
95,2328,2025-11-29,Online App,Credit Card,4
96,1486,2025-09-26,Website,Apple Pay,3
97,1571,2025-07-21,Online App,Apple Pay,2
98,1291,2025-12-29,Website,Apple Pay,5
99,86,2025-12-08,Online App,Tabby (BNPL),3
100,320,2024-08-21,In-Store,Credit Card,5
101,104,2025-06-24,Website,Cash on Delivery,1
102,1922,2025-09-20,Online App,Cash on Delivery,2
103,957,2025-03-09,Online App,Cash on Delivery,4
104,1523,2025-12-19,Website,Tabby (BNPL),1
105,2722,2025-07-31,In-Store,Cash on Delivery,2
106,766,2025-10-25,Website,Apple Pay,2
107,1245,2025-04-03,Online App,Tabby (BNPL),1
108,2270,2025-12-18,Online App,Tabby (BNPL),1
109,705,2025-03-07,Online App,Cash on Delivery,3
110,226,2025-12-27,Online App,Credit Card,6
111,881,2024-07-21,Online App,Credit Card,3
112,487,2025-11-14,Website,Apple Pay,6
113,2790,2025-11-21,Online App,Cash on Delivery,2
114,2438,2025-11-27,Online App,Tabby (BNPL),2
115,1911,2025-12-15,Website,Tabby (BNPL),3
116,2620,2025-10-16,Online App,Tabby (BNPL),1
117,2423,2025-08-11,In-Store,Cash on Delivery,2
118,569,2025-09-09,Website,Cash on Delivery,1
119,2685,2024-08-13,In-Store,Apple Pay,3
120,1626,2024-05-18,In-Store,Tabby (BNPL),4
121,2437,2025-09-24,Online App,Credit Card,3
122,2691,2025-11-14,In-Store,Tabby (BNPL),2
123,971,2025-02-25,Online App,Cash on Delivery,3
124,325,2025-04-16,In-Store,Credit Card,3
125,701,2025-11-08,Online App,Tabby (BNPL),4
126,1291,2025-11-24,Online App,Cash on Delivery,5
127,2467,2024-09-20,Online App,Tabby (BNPL),4
128,2586,2025-12-29,Online App,Tabby (BNPL),6
129,22,2025-01-19,Online App,Cash on Delivery,2
130,1528,2025-08-28,Website,Credit Card,1
131,1262,2025-04-11,Online App,Tabby (BNPL),2
132,687,2024-10-18,Online App,Credit Card,1
133,348,2025-01-24,Online App,Tabby (BNPL),3
134,1033,2024-12-02,Website,Apple Pay,1
135,2829,2024-12-19,Website,Credit Card,2
136,988,2025-10-20,Online App,Tabby (BNPL),3
137,1557,2025-10-19,In-Store,Cash on Delivery,2
138,2115,2025-02-04,Website,Cash on Delivery,3
139,1112,2025-12-03,In-Store,Credit Card,1
140,2919,2024-09-09,Online App,Tabby (BNPL),2
141,2894,2025-08-30,Online App,Cash on Delivery,3
142,770,2025-08-17,In-Store,Tabby (BNPL),2
143,1495,2025-11-16,In-Store,Tabby (BNPL),4
144,916,2025-12-07,Website,Apple Pay,3
145,865,2025-12-25,Online App,Tabby (BNPL),1
146,116,2024-12-13,In-Store,Apple Pay,1
147,1836,2025-09-25,Online App,Cash on Delivery,1
148,1507,2025-05-16,Website,Credit Card,2
149,147,2025-04-21,Website,Apple Pay,1
150,845,2025-06-12,Website,Credit Card,2
151,2724,2025-12-25,Online App,Cash on Delivery,7
152,738,2024-10-29,In-Store,Tabby (BNPL),1
153,436,2025-01-17,Online App,Cash on Delivery,2
154,1473,2025-03-06,Online App,Apple Pay,2
155,2959,2025-03-15,Website,Credit Card,1
156,745,2025-12-09,Online App,Tabby (BNPL),6
157,2027,2025-09-27,Online App,Credit Card,1
158,2292,2025-10-29,Website,Tabby (BNPL),3
159,734,2025-02-27,Website,Apple Pay,1
160,2188,2025-02-27,In-Store,Tabby (BNPL),4
161,1125,2025-04-27,Website,Credit Card,1
162,1908,2025-10-09,Online App,Cash on Delivery,2
163,1912,2024-11-02,Website,Tabby (BNPL),1
164,1611,2025-11-15,In-Store,Apple Pay,1
165,260,2025-08-20,Online App,Credit Card,1
166,2512,2025-05-30,Website,Tabby (BNPL),2
167,981,2025-03-19,Online App,Tabby (BNPL),1
168,569,2024-08-07,Online App,Tabby (BNPL),1
169,122,2025-10-12,In-Store,Apple Pay,1
170,1777,2025-11-13,Website,Cash on Delivery,1
171,2041,2025-12-23,Online App,Tabby (BNPL),3
172,53,2025-11-26,Website,Tabby (BNPL),1
173,1531,2025-06-01,Online App,Cash on Delivery,1
174,697,2025-12-07,In-Store,Credit Card,5
175,1945,2025-03-28,Website,Tabby (BNPL),3
176,529,2025-11-26,Website,Tabby (BNPL),3
177,2082,2025-09-01,Online App,Tabby (BNPL),4
178,1185,2025-02-17,In-Store,Tabby (BNPL),3
179,2808,2025-11-22,Online App,Apple Pay,1
180,413,2025-06-13,Website,Tabby (BNPL),3
181,1046,2025-09-17,In-Store,Cash on Delivery,1
182,329,2024-07-06,In-Store,Credit Card,3
183,2771,2024-12-11,Website,Tabby (BNPL),1
184,2644,2025-09-19,Website,Tabby (BNPL),5
185,788,2025-12-22,Online App,Tabby (BNPL),4
186,1991,2025-12-27,Website,Cash on Delivery,1
187,2466,2024-12-29,Website,Tabby (BNPL),6
188,1672,2025-08-06,Website,Cash on Delivery,1
189,1592,2025-12-22,In-Store,Credit Card,1
190,744,2025-08-18,Online App,Tabby (BNPL),1
191,271,2025-08-11,Website,Cash on Delivery,2
192,2694,2025-12-23,Online App,Tabby (BNPL),2
193,2703,2024-08-19,Online App,Credit Card,2
194,1911,2025-12-07,Website,Cash on Delivery,3
195,1038,2025-06-26,Online App,Tabby (BNPL),2
196,1071,2025-03-12,Website,Tabby (BNPL),1
197,2182,2025-09-23,In-Store,Apple Pay,2
198,2694,2025-12-09,Online App,Apple Pay,2
199,2670,2025-07-22,In-Store,Apple Pay,5
200,2356,2025-12-19,Online App,Cash on Delivery,2
201,1935,2024-12-30,Online App,Credit Card,2
202,245,2025-11-23,Online App,Cash on Delivery,1
203,489,2025-02-08,Website,Credit Card,2
204,2698,2025-07-13,In-Store,Apple Pay,1
205,1828,2025-02-18,Online App,Credit Card,2
206,26,2025-12-03,Online App,Tabby (BNPL),2
207,300,2025-11-08,Website,Credit Card,1
208,2001,2024-12-08,Online App,Credit Card,2
209,18,2025-11-28,Online App,Credit Card,2
210,486,2025-12-22,Website,Apple Pay,1
211,1655,2025-10-16,Website,Tabby (BNPL),1
212,2086,2025-01-31,Online App,Tabby (BNPL),1
213,1967,2025-12-13,Online App,Cash on Delivery,1
214,690,2025-11-12,Online App,Tabby (BNPL),2
215,2139,2025-05-15,Online App,Cash on Delivery,3
216,733,2025-12-07,In-Store,Credit Card,1
217,997,2025-05-23,Online App,Cash on Delivery,1
218,2247,2025-10-31,Website,Tabby (BNPL),3
219,1961,2024-02-10,In-Store,Credit Card,6
220,2552,2025-09-13,Online App,Credit Card,1
221,1984,2025-09-26,In-Store,Apple Pay,1
222,1712,2025-06-03,Website,Credit Card,1
223,273,2025-12-05,In-Store,Credit Card,2
224,1124,2025-10-02,Website,Credit Card,1
225,806,2024-09-14,In-Store,Tabby (BNPL),1
226,751,2025-05-19,Website,Credit Card,2
227,2922,2025-10-17,Online App,Credit Card,1
228,1201,2025-10-24,Online App,Apple Pay,1
229,2683,2025-01-06,In-Store,Credit Card,7
230,1902,2025-09-06,Online App,Tabby (BNPL),1
231,2398,2025-09-14,Website,Cash on Delivery,3
232,1507,2025-06-25,Online App,Apple Pay,2
233,1733,2024-12-03,Online App,Apple Pay,1
234,1481,2025-06-07,In-Store,Credit Card,3
235,599,2025-06-20,Online App,Cash on Delivery,7
236,2167,2025-03-11,Online App,Credit Card,1
237,851,2024-05-04,Online App,Tabby (BNPL),3
238,81,2025-12-05,Website,Credit Card,3
239,1946,2025-07-30,Website,Credit Card,2
240,538,2025-08-27,Website,Credit Card,2
241,2821,2025-04-27,Website,Apple Pay,1
242,2860,2025-08-09,Online App,Apple Pay,3
243,2742,2025-04-14,Online App,Tabby (BNPL),2
244,1133,2025-11-06,Online App,Tabby (BNPL),1
245,48,2024-08-07,Online App,Tabby (BNPL),1
246,2785,2025-04-26,In-Store,Tabby (BNPL),5
247,1295,2025-09-03,Online App,Cash on Delivery,1
248,2907,2025-02-13,Website,Tabby (BNPL),1
249,2898,2025-06-22,In-Store,Apple Pay,1
250,2565,2024-07-24,Online App,Cash on Delivery,1
251,895,2024-12-31,Online App,Cash on Delivery,1
252,1179,2025-05-04,Online App,Cash on Delivery,3
253,2557,2025-12-16,Online App,Apple Pay,3
254,966,2025-08-06,Online App,Credit Card,2
255,517,2025-12-10,Online App,Apple Pay,1
256,1677,2025-09-29,Online App,Cash on Delivery,6
257,2805,2025-12-25,Online App,Cash on Delivery,1
258,2098,2025-11-07,Online App,Cash on Delivery,2
259,1715,2025-04-02,In-Store,Tabby (BNPL),3
260,286,2025-06-01,Online App,Tabby (BNPL),1
261,1850,2025-12-31,Online App,Credit Card,2
262,2972,2024-10-01,Online App,Apple Pay,1
263,419,2025-09-15,Online App,Cash on Delivery,1
264,1554,2024-07-09,Website,Apple Pay,2
265,2644,2025-09-20,In-Store,Credit Card,5
266,2228,2025-11-27,In-Store,Tabby (BNPL),1
267,2102,2024-10-17,Website,Apple Pay,2
268,2115,2025-07-17,Online App,Credit Card,3
269,1101,2025-04-05,Website,Tabby (BNPL),1
270,893,2025-10-22,Online App,Credit Card,2
271,2440,2025-06-01,Online App,Tabby (BNPL),1
272,2444,2025-09-24,Online App,Tabby (BNPL),7
273,2608,2025-02-10,In-Store,Tabby (BNPL),1
274,2739,2025-12-30,Online App,Cash on Delivery,2
275,1529,2025-07-22,Online App,Apple Pay,4
276,1505,2025-10-01,In-Store,Credit Card,2
277,2409,2025-12-29,Online App,Apple Pay,1
278,1962,2024-12-17,Online App,Apple Pay,1
279,2114,2025-07-11,Website,Tabby (BNPL),2
280,2400,2025-11-19,Online App,Credit Card,2
281,2677,2025-11-01,Website,Cash on Delivery,3
282,1034,2025-09-22,Online App,Tabby (BNPL),1
283,1151,2025-11-30,Online App,Cash on Delivery,2
284,274,2025-02-22,Online App,Credit Card,3
285,1737,2025-08-17,In-Store,Cash on Delivery,1
286,112,2025-09-08,In-Store,Cash on Delivery,2
287,1413,2025-10-04,Online App,Credit Card,2
288,1639,2025-12-17,Online App,Tabby (BNPL),1
289,873,2025-12-31,Online App,Credit Card,2
290,1777,2025-11-23,Online App,Cash on Delivery,1
291,100,2025-10-27,Website,Credit Card,1
292,117,2025-12-22,Online App,Tabby (BNPL),2
293,2479,2025-07-18,Online App,Credit Card,3
294,1102,2025-07-28,In-Store,Credit Card,3
295,371,2025-08-07,Online App,Credit Card,1
296,1569,2025-03-31,Website,Cash on Delivery,2
297,2323,2024-08-23,Website,Cash on Delivery,3
298,664,2025-10-24,Website,Credit Card,3
299,1878,2024-08-22,Online App,Credit Card,2
300,250,2025-02-18,Online App,Tabby (BNPL),1
301,148,2025-12-31,Website,Cash on Delivery,1
302,1596,2025-11-15,Online App,Apple Pay,5
303,1633,2025-08-20,Website,Credit Card,2
304,1924,2025-02-03,Online App,Apple Pay,1
305,2182,2024-06-16,In-Store,Credit Card,2
306,2929,2024-06-28,Website,Cash on Delivery,2
307,1545,2025-02-16,In-Store,Apple Pay,1
308,987,2025-05-13,Online App,Cash on Delivery,2
309,2399,2025-07-31,In-Store,Tabby (BNPL),2
310,822,2025-08-10,Online App,Cash on Delivery,1
311,1333,2025-12-20,Online App,Apple Pay,2
312,229,2025-09-24,Website,Cash on Delivery,6
313,85,2025-11-01,Website,Credit Card,1
314,2895,2025-10-27,Online App,Tabby (BNPL),7
315,2514,2025-12-21,Online App,Apple Pay,5
316,2098,2025-10-03,Online App,Apple Pay,2
317,1241,2025-12-24,Online App,Cash on Delivery,4
318,527,2025-08-22,Website,Tabby (BNPL),1
319,472,2024-10-07,Online App,Credit Card,1
320,768,2025-06-07,Website,Cash on Delivery,2
321,1658,2025-11-02,Online App,Credit Card,6
322,2147,2025-05-08,Website,Cash on Delivery,2
323,1992,2025-11-28,Website,Tabby (BNPL),4
324,847,2024-05-13,In-Store,Credit Card,6
325,2864,2025-10-30,Online App,Credit Card,2
326,2220,2025-12-28,Website,Cash on Delivery,4
327,1669,2025-05-16,In-Store,Credit Card,1
328,1844,2025-12-31,Online App,Tabby (BNPL),1
329,1268,2025-12-21,In-Store,Tabby (BNPL),1
330,761,2025-11-10,In-Store,Tabby (BNPL),3
331,1092,2025-09-16,Website,Cash on Delivery,1
332,2278,2025-02-10,Website,Cash on Delivery,4
333,44,2025-10-28,Online App,Credit Card,1
334,338,2025-01-24,Online App,Cash on Delivery,1
335,134,2025-07-30,Online App,Tabby (BNPL),1
336,122,2025-09-05,Website,Credit Card,1
337,2571,2025-03-14,Online App,Credit Card,1
338,2116,2024-10-26,Online App,Apple Pay,2
339,1435,2025-07-29,In-Store,Credit Card,1
340,287,2025-01-03,Online App,Apple Pay,1
341,1479,2025-12-10,Online App,Tabby (BNPL),4
342,1432,2025-02-24,In-Store,Credit Card,1
343,526,2025-01-24,Website,Apple Pay,1
344,1314,2025-12-18,Online App,Cash on Delivery,1
345,1213,2025-11-16,Online App,Credit Card,3
346,1852,2025-08-29,Online App,Credit Card,1
347,1919,2025-12-02,Website,Cash on Delivery,1
348,131,2025-12-18,Website,Apple Pay,3
349,1149,2025-12-27,Online App,Cash on Delivery,5
350,1887,2025-06-03,In-Store,Tabby (BNPL),2
351,1509,2024-10-27,Online App,Credit Card,5
352,2574,2025-06-02,Online App,Credit Card,2
353,1988,2025-10-01,Website,Apple Pay,1
354,496,2025-10-21,Online App,Tabby (BNPL),1
355,206,2025-09-14,Website,Credit Card,1
356,1935,2024-10-18,In-Store,Cash on Delivery,2
357,90,2025-09-11,Website,Tabby (BNPL),1
358,1761,2025-09-29,Online App,Credit Card,2
359,2820,2025-12-11,Online App,Apple Pay,1
360,1730,2025-10-13,Online App,Cash on Delivery,3
361,1190,2025-07-31,In-Store,Tabby (BNPL),4
362,1937,2025-12-25,Online App,Apple Pay,5
363,1393,2025-12-14,Website,Cash on Delivery,2
364,1648,2025-12-01,Online App,Apple Pay,2
365,2825,2025-07-16,Website,Apple Pay,6
366,1183,2025-03-08,Website,Apple Pay,1
367,2890,2024-08-24,Website,Credit Card,1
368,2716,2025-09-15,Website,Tabby (BNPL),4
369,599,2024-11-23,Website,Tabby (BNPL),7
370,203,2025-11-05,Website,Apple Pay,2
371,297,2025-04-04,Website,Cash on Delivery,3
372,57,2024-12-03,Website,Credit Card,1
373,276,2025-12-23,Website,Tabby (BNPL),1
374,2059,2024-08-01,Online App,Apple Pay,3
375,208,2025-12-18,Online App,Credit Card,4
376,974,2024-07-01,In-Store,Credit Card,1
377,2540,2025-11-16,Online App,Cash on Delivery,1
378,78,2025-06-03,Online App,Apple Pay,1
379,2458,2025-04-03,Website,Apple Pay,1
380,854,2025-12-12,Online App,Tabby (BNPL),1
381,344,2025-07-27,Online App,Apple Pay,3
382,2101,2025-09-03,In-Store,Tabby (BNPL),2
383,1895,2025-09-07,Online App,Cash on Delivery,1
384,2644,2025-10-20,Online App,Tabby (BNPL),5
385,2211,2025-12-16,In-Store,Tabby (BNPL),2
386,2423,2025-07-15,Website,Cash on Delivery,2
387,855,2025-12-20,Website,Tabby (BNPL),5
388,540,2025-11-02,Website,Cash on Delivery,1
389,2256,2024-12-01,Website,Credit Card,4
390,2434,2025-12-02,Website,Apple Pay,5
391,2973,2025-09-21,Website,Apple Pay,3
392,1249,2025-10-11,Online App,Cash on Delivery,1
393,1140,2025-04-03,Website,Tabby (BNPL),2
394,2345,2025-12-02,Online App,Tabby (BNPL),1
395,1044,2025-09-13,Website,Cash on Delivery,2
396,2793,2025-08-03,Website,Cash on Delivery,2
397,2576,2025-12-05,Website,Cash on Delivery,1
398,1298,2025-12-10,Website,Credit Card,1
399,2258,2025-07-06,Online App,Tabby (BNPL),3
400,2269,2025-09-11,Online App,Apple Pay,1
401,306,2025-11-14,Website,Cash on Delivery,5
402,2710,2025-11-29,Website,Credit Card,1
403,1513,2025-09-25,In-Store,Apple Pay,2
404,2491,2024-10-03,Online App,Apple Pay,3
405,979,2025-10-17,Online App,Cash on Delivery,2
406,2690,2025-11-03,Website,Credit Card,2
407,1192,2025-09-26,In-Store,Credit Card,1
408,31,2025-12-19,In-Store,Apple Pay,4
409,2716,2025-06-05,Online App,Tabby (BNPL),4
410,263,2025-12-02,Website,Apple Pay,1
411,976,2025-07-13,Online App,Tabby (BNPL),2
412,2848,2025-10-27,Online App,Credit Card,2
413,2848,2025-08-15,Website,Cash on Delivery,2
414,1724,2025-12-10,Online App,Tabby (BNPL),4
415,1906,2024-05-03,Website,Credit Card,1
416,1359,2025-12-08,Website,Credit Card,6
417,892,2025-11-17,Online App,Tabby (BNPL),2
418,1005,2025-11-10,Website,Cash on Delivery,2
419,2028,2025-11-07,Online App,Apple Pay,1
420,2263,2025-09-03,In-Store,Apple Pay,5
421,2386,2025-04-25,Online App,Credit Card,1
422,2380,2024-10-19,Online App,Tabby (BNPL),3
423,263,2025-12-11,In-Store,Tabby (BNPL),1
424,1487,2025-05-26,Online App,Cash on Delivery,2
425,164,2024-06-12,Website,Apple Pay,2
426,1658,2025-09-01,Website,Tabby (BNPL),6
427,1342,2025-06-29,Online App,Credit Card,1
428,2672,2024-12-05,Website,Apple Pay,1
429,1076,2025-04-16,In-Store,Credit Card,1
430,341,2025-11-21,Website,Credit Card,5
431,430,2025-10-27,Online App,Apple Pay,1
432,2292,2025-12-17,In-Store,Credit Card,3
433,1862,2025-11-10,Website,Tabby (BNPL),1
434,299,2025-05-10,In-Store,Apple Pay,6
435,244,2025-10-21,In-Store,Tabby (BNPL),1
436,2112,2025-12-01,Online App,Tabby (BNPL),2
437,213,2024-09-05,Online App,Apple Pay,2
438,2478,2025-06-13,Online App,Apple Pay,5
439,2123,2025-11-27,Online App,Credit Card,2
440,235,2025-03-26,In-Store,Apple Pay,2
441,247,2025-10-20,In-Store,Apple Pay,3
442,2960,2024-03-07,Website,Apple Pay,1
443,1149,2025-12-26,In-Store,Apple Pay,5
444,1136,2025-08-22,Website,Tabby (BNPL),7
445,2451,2025-12-22,Website,Cash on Delivery,2
446,2840,2025-10-09,Online App,Cash on Delivery,4
447,2960,2024-02-08,Website,Credit Card,1
448,2264,2025-04-10,Online App,Cash on Delivery,1
449,1153,2025-03-16,In-Store,Cash on Delivery,2
450,243,2025-03-14,Online App,Credit Card,5
451,2346,2025-10-22,Website,Tabby (BNPL),1
452,1681,2025-08-04,Website,Cash on Delivery,1
453,1281,2025-07-25,Online App,Credit Card,1
454,2717,2025-11-10,Online App,Tabby (BNPL),2
455,326,2025-03-28,In-Store,Credit Card,1
456,1482,2025-11-07,Online App,Apple Pay,1
457,33,2025-06-13,Online App,Cash on Delivery,1
458,1417,2025-08-15,Online App,Credit Card,1
459,161,2025-11-25,Online App,Cash on Delivery,1
460,346,2025-11-29,Online App,Cash on Delivery,1
461,342,2025-10-19,Website,Credit Card,1
462,1959,2025-08-01,Website,Tabby (BNPL),3
463,2247,2025-07-03,Online App,Cash on Delivery,3
464,1753,2025-12-31,Online App,Tabby (BNPL),1
465,2892,2025-03-13,In-Store,Apple Pay,6
466,1149,2025-12-26,In-Store,Credit Card,5
467,869,2024-12-30,In-Store,Apple Pay,2
468,2614,2024-08-16,Website,Tabby (BNPL),1
469,689,2024-10-23,Website,Cash on Delivery,2
470,2897,2025-09-20,In-Store,Apple Pay,1
471,36,2025-11-29,Website,Apple Pay,5
472,2915,2024-08-25,Website,Cash on Delivery,2
473,125,2025-12-20,In-Store,Credit Card,1
474,2680,2024-11-28,Online App,Tabby (BNPL),5
475,1588,2025-02-01,Website,Credit Card,1
476,2979,2025-12-09,Online App,Apple Pay,2
477,216,2024-10-30,Website,Cash on Delivery,1
478,1666,2025-11-25,Website,Cash on Delivery,2
479,2912,2025-10-23,In-Store,Credit Card,1
480,1573,2025-12-24,Online App,Cash on Delivery,1
481,1897,2025-12-21,Online App,Tabby (BNPL),2
482,2097,2025-11-11,Online App,Cash on Delivery,2
483,1379,2025-11-04,Website,Apple Pay,7
484,1892,2025-11-07,Online App,Cash on Delivery,3
485,1756,2025-03-05,Online App,Cash on Delivery,1
486,2707,2025-06-03,In-Store,Credit Card,1
487,131,2025-08-08,Online App,Credit Card,3
488,852,2025-07-16,In-Store,Credit Card,1
489,2848,2025-11-30,Website,Tabby (BNPL),2
490,2677,2025-11-06,In-Store,Apple Pay,3
491,1382,2025-04-30,Online App,Tabby (BNPL),1
492,1869,2025-09-16,Online App,Tabby (BNPL),3
493,843,2025-08-11,Online App,Credit Card,4
494,573,2024-10-31,Online App,Tabby (BNPL),4
495,1407,2025-12-30,Website,Credit Card,1
496,1082,2025-05-22,Online App,Credit Card,2
497,1754,2024-11-11,Online App,Apple Pay,2
498,228,2025-07-23,Website,Tabby (BNPL),3
499,2924,2025-03-23,Online App,Tabby (BNPL),1
500,2960,2025-08-12,Online App,Cash on Delivery,1
501,2104,2025-05-04,Online App,Tabby (BNPL),2
502,1613,2025-01-28,Website,Tabby (BNPL),4
503,941,2025-12-19,Website,Cash on Delivery,2
504,2455,2025-12-12,Website,Credit Card,2
505,2064,2025-03-18,Online App,Cash on Delivery,3
506,494,2025-07-04,Website,Credit Card,1
507,2731,2024-11-15,Website,Tabby (BNPL),2
508,2479,2025-12-24,In-Store,Credit Card,3
509,2847,2025-11-30,Online App,Cash on Delivery,1
510,2181,2025-12-28,Online App,Credit Card,1
511,1848,2025-08-02,Online App,Credit Card,2
512,1266,2025-08-31,Online App,Apple Pay,1
513,2797,2025-08-21,In-Store,Tabby (BNPL),2
514,2605,2025-10-14,Website,Credit Card,2
515,130,2025-05-12,Online App,Cash on Delivery,5
516,90,2025-11-20,Website,Cash on Delivery,1
517,1154,2025-06-13,Online App,Credit Card,3
518,2445,2025-02-23,Online App,Apple Pay,4
519,2962,2025-06-25,Online App,Tabby (BNPL),3
520,451,2025-12-08,Website,Apple Pay,3
521,1789,2025-12-30,Online App,Tabby (BNPL),1
522,1167,2025-12-14,Online App,Apple Pay,1
523,2915,2025-12-26,Online App,Cash on Delivery,2
524,2531,2024-03-13,Website,Cash on Delivery,3
525,2522,2024-07-27,In-Store,Cash on Delivery,1
526,1417,2024-12-07,In-Store,Apple Pay,1
527,1254,2024-09-20,Website,Cash on Delivery,1
528,827,2025-12-14,Online App,Cash on Delivery,1
529,161,2025-10-09,Website,Credit Card,1
530,2599,2025-09-29,Online App,Credit Card,2
531,2452,2025-11-12,Online App,Credit Card,2
532,2999,2025-11-04,Online App,Cash on Delivery,1
533,2992,2025-02-04,Online App,Apple Pay,1
534,1673,2025-11-16,Online App,Apple Pay,1
535,2319,2025-11-16,Website,Apple Pay,3
536,2834,2025-12-30,In-Store,Credit Card,3
537,2553,2025-09-13,Online App,Cash on Delivery,1
538,760,2025-04-09,Online App,Cash on Delivery,3
539,1368,2025-08-11,Website,Apple Pay,2
540,379,2025-09-04,Online App,Tabby (BNPL),6
541,2861,2025-11-22,In-Store,Apple Pay,1
542,1826,2025-06-09,In-Store,Cash on Delivery,2
543,704,2025-08-11,Website,Cash on Delivery,6
544,2027,2025-10-31,Online App,Tabby (BNPL),1
545,1862,2025-10-31,In-Store,Cash on Delivery,1
546,1097,2025-08-07,Online App,Credit Card,1
547,329,2024-07-08,Website,Cash on Delivery,3
548,2026,2024-02-21,Online App,Cash on Delivery,2
549,1561,2024-09-02,Online App,Cash on Delivery,1
550,2332,2025-02-11,Online App,Apple Pay,2
551,1560,2025-08-20,Online App,Tabby (BNPL),1
552,2562,2025-06-25,Website,Cash on Delivery,1
553,1661,2025-08-02,In-Store,Apple Pay,1
554,1687,2025-12-26,In-Store,Apple Pay,1
555,2642,2025-08-25,In-Store,Credit Card,2
556,1225,2025-11-08,Website,Tabby (BNPL),2
557,397,2025-07-25,Online App,Credit Card,5
558,95,2024-12-01,In-Store,Tabby (BNPL),3
559,2270,2025-09-07,Online App,Credit Card,1
560,1870,2025-08-06,Online App,Apple Pay,2
561,2117,2025-10-26,In-Store,Tabby (BNPL),7
562,654,2025-12-23,Website,Apple Pay,1
563,408,2025-08-21,Online App,Cash on Delivery,1
564,45,2025-09-19,Website,Apple Pay,4
565,1076,2025-09-03,Online App,Cash on Delivery,1
566,1772,2025-08-14,Website,Apple Pay,6
567,1200,2025-08-13,Online App,Apple Pay,2
568,1330,2025-03-15,Online App,Cash on Delivery,1
569,2713,2025-11-15,Website,Tabby (BNPL),1
570,1070,2025-11-15,In-Store,Tabby (BNPL),2
571,1536,2025-02-12,Online App,Cash on Delivery,1
572,2365,2024-07-06,Online App,Tabby (BNPL),1
573,1207,2025-11-12,In-Store,Tabby (BNPL),1
574,1875,2025-05-22,Online App,Apple Pay,2
575,2591,2025-12-28,Website,Tabby (BNPL),1
576,2847,2025-08-18,Online App,Credit Card,1
577,443,2025-11-23,Website,Tabby (BNPL),1
578,2776,2025-04-04,In-Store,Tabby (BNPL),1
579,1479,2025-07-22,Online App,Credit Card,4
580,789,2025-08-07,Online App,Tabby (BNPL),2
581,1394,2025-10-29,Online App,Credit Card,1
582,2942,2025-12-19,Online App,Cash on Delivery,2
583,1481,2025-09-10,Online App,Tabby (BNPL),3
584,1006,2025-04-16,Website,Credit Card,2
585,1911,2025-12-15,Website,Apple Pay,3
586,740,2025-11-24,Website,Credit Card,1
587,223,2025-08-07,Website,Credit Card,3
588,378,2025-05-27,Online App,Tabby (BNPL),2
589,375,2025-12-08,Online App,Apple Pay,2
590,457,2024-06-13,Website,Apple Pay,1
591,415,2025-12-27,Website,Cash on Delivery,3
592,1933,2025-06-15,Website,Apple Pay,2
593,554,2024-10-03,In-Store,Cash on Delivery,3
594,1065,2025-06-04,Online App,Tabby (BNPL),2
595,2694,2025-12-09,Website,Credit Card,2
596,1434,2025-12-18,Website,Credit Card,2
597,2013,2025-12-27,Online App,Cash on Delivery,1
598,525,2025-12-15,Website,Apple Pay,1
599,588,2025-07-23,Online App,Cash on Delivery,4
600,122,2025-12-25,Online App,Cash on Delivery,1
601,516,2024-09-12,In-Store,Tabby (BNPL),1
602,845,2024-09-27,Online App,Cash on Delivery,2
603,538,2025-04-27,Online App,Apple Pay,2
604,256,2025-12-10,Online App,Credit Card,3
605,350,2025-05-30,Online App,Apple Pay,2
606,1400,2025-11-13,In-Store,Tabby (BNPL),1
607,634,2025-07-12,Website,Tabby (BNPL),2
608,1113,2025-11-19,Online App,Apple Pay,1
609,1510,2025-01-22,Online App,Credit Card,2
610,2080,2025-06-21,Website,Credit Card,2
611,119,2025-11-03,Online App,Apple Pay,1
612,2411,2025-03-07,Website,Credit Card,5
613,1892,2025-12-29,Website,Tabby (BNPL),3
614,237,2024-07-31,Online App,Credit Card,1
615,2630,2025-09-22,In-Store,Apple Pay,5
616,2760,2025-11-26,In-Store,Cash on Delivery,1
617,175,2025-10-18,Website,Apple Pay,2
618,840,2025-11-14,Online App,Tabby (BNPL),1
619,2433,2024-12-26,Website,Cash on Delivery,1
620,2252,2025-12-29,Website,Credit Card,1
621,567,2025-11-27,In-Store,Tabby (BNPL),2
622,643,2025-11-13,Online App,Credit Card,1
623,1135,2025-06-08,Website,Tabby (BNPL),1
624,1460,2025-10-29,Online App,Credit Card,1
625,1862,2025-11-24,Website,Credit Card,1
626,1129,2025-04-23,Website,Tabby (BNPL),1
627,1405,2025-11-06,Online App,Credit Card,1
628,2251,2025-12-06,In-Store,Tabby (BNPL),1
629,116,2025-06-07,Online App,Tabby (BNPL),1
630,772,2025-08-13,Online App,Credit Card,1
631,2142,2025-07-30,Website,Credit Card,5
632,2690,2025-09-19,Online App,Apple Pay,2
633,1529,2025-06-28,Online App,Cash on Delivery,4
634,1598,2025-12-01,Online App,Apple Pay,6
635,318,2025-08-27,Website,Tabby (BNPL),1
636,1357,2025-12-20,In-Store,Tabby (BNPL),3
637,1601,2025-11-24,In-Store,Cash on Delivery,1
638,747,2025-12-21,Website,Apple Pay,1
639,819,2025-05-23,In-Store,Tabby (BNPL),1
640,1157,2025-06-12,Website,Cash on Delivery,5
641,66,2025-09-04,Online App,Cash on Delivery,1
642,987,2025-06-25,Online App,Tabby (BNPL),2
643,652,2025-10-26,Online App,Tabby (BNPL),1
644,1003,2025-08-19,In-Store,Credit Card,1
645,348,2025-07-07,Online App,Apple Pay,3
646,2678,2025-06-26,Online App,Credit Card,2
647,1786,2025-06-28,Website,Tabby (BNPL),2
648,2044,2025-12-25,Online App,Cash on Delivery,3
649,2379,2025-12-29,Online App,Cash on Delivery,1
650,1496,2024-08-19,Website,Credit Card,3
651,253,2025-01-15,In-Store,Apple Pay,2
652,1615,2025-07-27,Online App,Credit Card,2
653,1765,2025-12-21,Website,Credit Card,1
654,2245,2025-10-02,Website,Tabby (BNPL),6
655,1309,2025-07-03,Online App,Credit Card,3
656,372,2025-10-13,Website,Apple Pay,1
657,862,2025-10-22,Online App,Credit Card,1
658,1111,2025-08-07,Online App,Apple Pay,1
659,1947,2024-06-30,In-Store,Tabby (BNPL),2
660,1716,2025-07-06,Online App,Apple Pay,2
661,1092,2025-12-13,Online App,Tabby (BNPL),1
662,2960,2024-10-31,In-Store,Credit Card,1
663,1824,2025-09-11,Website,Cash on Delivery,1
664,733,2025-12-21,Online App,Tabby (BNPL),1
665,301,2025-08-31,In-Store,Tabby (BNPL),4
666,461,2025-12-21,Online App,Cash on Delivery,1
667,757,2025-02-15,Online App,Apple Pay,4
668,486,2025-12-24,Online App,Credit Card,1
669,569,2025-10-13,Online App,Cash on Delivery,1
670,865,2025-12-30,Website,Apple Pay,1
671,527,2025-12-19,Online App,Apple Pay,1
672,2694,2025-12-30,Website,Credit Card,2
673,232,2025-12-26,Website,Apple Pay,1
674,1579,2025-12-25,Website,Credit Card,2
675,1245,2025-07-29,Website,Tabby (BNPL),1
676,2950,2025-01-16,Online App,Cash on Delivery,1
677,328,2024-09-23,Website,Tabby (BNPL),2
678,1212,2025-11-20,In-Store,Cash on Delivery,1
679,2913,2025-07-07,Website,Credit Card,2
680,2602,2024-08-13,Online App,Cash on Delivery,2
681,2466,2025-01-18,Website,Apple Pay,6
682,788,2024-06-21,In-Store,Cash on Delivery,4
683,521,2025-01-28,In-Store,Apple Pay,2
684,2015,2025-01-21,Website,Apple Pay,1
685,2789,2025-07-16,Online App,Tabby (BNPL),1
686,1677,2024-10-12,Website,Apple Pay,6
687,1717,2025-12-17,Online App,Tabby (BNPL),1
688,847,2024-02-25,Website,Apple Pay,6
689,2320,2025-07-13,Website,Apple Pay,2
690,569,2025-02-20,In-Store,Tabby (BNPL),1
691,990,2025-04-14,Online App,Tabby (BNPL),2
692,1286,2025-11-03,In-Store,Apple Pay,2
693,1521,2025-12-20,Online App,Credit Card,1
694,747,2025-12-25,Online App,Tabby (BNPL),1
695,336,2025-04-24,In-Store,Cash on Delivery,1
696,1840,2025-12-07,Website,Tabby (BNPL),3
697,880,2025-05-31,Online App,Credit Card,4
698,1747,2025-07-03,In-Store,Cash on Delivery,6
699,466,2025-12-02,Online App,Apple Pay,1
700,1452,2025-03-10,In-Store,Apple Pay,1
701,1601,2025-12-09,Online App,Cash on Delivery,1
702,149,2025-09-29,Website,Apple Pay,5
703,1030,2025-06-02,Online App,Apple Pay,6
704,399,2024-08-13,Website,Cash on Delivery,1
705,183,2025-12-27,In-Store,Cash on Delivery,1
706,2972,2025-11-05,Online App,Credit Card,1
707,987,2025-06-19,Online App,Apple Pay,2
708,2443,2024-11-28,In-Store,Apple Pay,1
709,779,2025-10-06,In-Store,Apple Pay,3
710,2053,2025-09-11,Online App,Cash on Delivery,2
711,2287,2025-09-23,Online App,Credit Card,1
712,1794,2025-10-14,In-Store,Credit Card,1
713,1427,2024-06-30,Website,Cash on Delivery,2
714,1248,2025-12-10,In-Store,Credit Card,1
715,1071,2025-06-30,Online App,Apple Pay,1
716,2790,2025-11-09,In-Store,Tabby (BNPL),2
717,2502,2025-10-09,Website,Credit Card,7
718,2902,2025-12-26,Website,Apple Pay,5
719,359,2025-11-03,Website,Credit Card,6
720,2196,2025-06-12,Online App,Cash on Delivery,2
721,2813,2025-05-10,In-Store,Apple Pay,4
722,552,2025-05-23,Website,Apple Pay,3
723,192,2025-12-17,Online App,Tabby (BNPL),1
724,2229,2024-12-15,In-Store,Cash on Delivery,2
725,1728,2025-07-24,Online App,Credit Card,7
726,2530,2025-11-22,Online App,Tabby (BNPL),3
727,418,2024-04-04,Online App,Cash on Delivery,1
728,2399,2025-10-31,Website,Cash on Delivery,2
729,616,2025-12-30,In-Store,Cash on Delivery,1
730,497,2025-08-24,Online App,Cash on Delivery,1
731,499,2025-06-15,Website,Tabby (BNPL),1
732,2458,2025-11-18,Online App,Cash on Delivery,1
733,2009,2025-10-15,Website,Credit Card,1
734,1573,2025-11-20,Website,Cash on Delivery,1
735,1099,2025-07-29,Online App,Cash on Delivery,1
736,2643,2025-11-21,In-Store,Tabby (BNPL),1
737,1200,2025-04-08,Online App,Credit Card,2
738,2465,2025-04-06,Online App,Apple Pay,6
739,1334,2025-01-15,Online App,Apple Pay,6
740,1156,2025-06-10,Website,Credit Card,3
741,1406,2025-01-01,In-Store,Apple Pay,2
742,916,2025-05-22,In-Store,Cash on Delivery,3
743,2251,2025-11-11,Online App,Credit Card,1
744,1507,2025-07-04,Website,Tabby (BNPL),2
745,716,2025-03-23,Online App,Apple Pay,1
746,2700,2025-11-16,Website,Credit Card,1
747,1175,2025-12-25,Online App,Apple Pay,3
748,1641,2024-10-10,Online App,Apple Pay,1
749,2718,2025-09-28,Website,Cash on Delivery,4
750,1881,2025-11-16,Online App,Apple Pay,5
751,341,2025-03-19,Online App,Cash on Delivery,5
752,2818,2025-08-18,In-Store,Cash on Delivery,3
753,1892,2025-12-07,In-Store,Credit Card,3
754,1026,2025-09-29,Website,Apple Pay,1
755,416,2024-08-05,Online App,Cash on Delivery,1
756,2396,2025-12-08,In-Store,Tabby (BNPL),2
757,1869,2025-04-26,Online App,Cash on Delivery,3
758,1604,2025-10-15,Online App,Tabby (BNPL),6
759,2688,2025-06-29,Website,Apple Pay,5
760,2377,2025-07-04,Online App,Tabby (BNPL),2
761,456,2025-05-22,Online App,Cash on Delivery,1
762,950,2025-10-28,Website,Credit Card,1
763,763,2025-02-22,Online App,Tabby (BNPL),2
764,2241,2025-02-23,Website,Credit Card,5
765,107,2025-04-16,Website,Apple Pay,3
766,1715,2025-08-17,Online App,Apple Pay,3
767,2295,2025-10-28,In-Store,Apple Pay,2
768,2642,2025-12-17,Online App,Cash on Delivery,2
769,1049,2025-09-25,Website,Cash on Delivery,1
770,2476,2025-11-22,Online App,Cash on Delivery,2
771,325,2024-03-06,In-Store,Credit Card,3
772,2544,2025-01-08,Online App,Cash on Delivery,1
773,372,2025-02-23,Online App,Apple Pay,1
774,1209,2024-08-14,Online App,Credit Card,3
775,2405,2025-09-12,Online App,Credit Card,1
776,449,2025-08-13,In-Store,Tabby (BNPL),1
777,706,2024-09-14,Website,Apple Pay,7
778,2167,2024-08-23,Online App,Apple Pay,1
779,2160,2025-09-25,In-Store,Credit Card,1
780,1934,2025-09-09,Online App,Cash on Delivery,3
781,2092,2025-10-01,Online App,Cash on Delivery,1
782,1639,2025-12-04,In-Store,Apple Pay,1
783,770,2024-06-03,Website,Cash on Delivery,2
784,1065,2025-06-28,Website,Cash on Delivery,2
785,552,2025-10-16,Online App,Cash on Delivery,3
786,2724,2025-12-15,Online App,Tabby (BNPL),7
787,1753,2025-12-31,Online App,Apple Pay,1
788,1219,2025-12-31,Online App,Cash on Delivery,1
789,1404,2024-03-16,Online App,Apple Pay,2
790,2840,2025-09-19,Online App,Tabby (BNPL),4
791,461,2025-11-22,In-Store,Credit Card,1
792,1762,2025-09-28,Online App,Tabby (BNPL),3
793,1515,2025-09-28,Website,Apple Pay,1
794,1843,2025-08-29,Website,Credit Card,2
795,57,2025-04-13,Online App,Cash on Delivery,1
796,2624,2025-01-29,Website,Apple Pay,2
797,2795,2025-03-31,In-Store,Tabby (BNPL),1
798,1701,2025-05-08,In-Store,Tabby (BNPL),4
799,2101,2024-11-18,In-Store,Cash on Delivery,2
800,2764,2025-07-22,Website,Tabby (BNPL),4
801,2124,2025-06-29,Website,Credit Card,4
802,460,2025-11-09,Online App,Apple Pay,7
803,1733,2025-07-10,Website,Tabby (BNPL),1
804,1828,2025-05-17,Website,Credit Card,2
805,1281,2025-03-24,In-Store,Apple Pay,1
806,2216,2024-11-28,Website,Tabby (BNPL),1
807,2801,2025-02-03,Website,Cash on Delivery,2
808,2773,2024-09-05,Website,Apple Pay,7
809,1369,2025-11-11,Online App,Tabby (BNPL),2
810,329,2024-09-11,Online App,Tabby (BNPL),3
811,2957,2024-11-24,Website,Credit Card,2
812,2523,2025-02-04,Website,Cash on Delivery,2
813,360,2025-12-04,In-Store,Apple Pay,2
814,2760,2025-10-19,Online App,Credit Card,1
815,2616,2025-09-01,Website,Apple Pay,2
816,1557,2024-11-25,Online App,Apple Pay,2
817,1778,2025-09-12,Online App,Apple Pay,3
818,1214,2025-11-25,Online App,Apple Pay,2
819,158,2025-03-04,Online App,Apple Pay,2
820,1027,2025-04-24,Website,Apple Pay,3
821,2421,2025-04-23,In-Store,Tabby (BNPL),7
822,16,2025-12-13,Website,Apple Pay,1
823,1020,2025-10-04,Website,Cash on Delivery,5
824,1213,2025-05-12,In-Store,Credit Card,3
825,1617,2025-06-22,Online App,Cash on Delivery,2
826,2757,2025-11-04,Website,Cash on Delivery,3
827,1065,2025-07-14,Online App,Tabby (BNPL),2
828,1066,2025-08-27,In-Store,Credit Card,1
829,2218,2025-10-31,Website,Apple Pay,1
830,1373,2025-07-12,Online App,Credit Card,1
831,691,2025-09-18,In-Store,Apple Pay,2
832,1373,2025-04-01,In-Store,Tabby (BNPL),1
833,422,2025-05-13,In-Store,Apple Pay,2
834,536,2025-11-28,In-Store,Credit Card,2
835,1496,2025-06-01,Website,Tabby (BNPL),3
836,1267,2025-03-15,Online App,Cash on Delivery,1
837,2742,2024-11-24,In-Store,Cash on Delivery,2
838,1108,2025-09-08,Online App,Tabby (BNPL),2
839,1745,2025-08-28,Online App,Cash on Delivery,1
840,1908,2025-10-08,Online App,Credit Card,2
841,37,2025-11-17,Online App,Apple Pay,1
842,2001,2025-12-08,Online App,Credit Card,2
843,542,2025-11-24,In-Store,Tabby (BNPL),5
844,2889,2025-02-12,Online App,Credit Card,1
845,446,2025-06-24,In-Store,Apple Pay,1
846,1253,2025-11-17,Online App,Apple Pay,5
847,250,2025-10-23,Online App,Cash on Delivery,1
848,2992,2024-05-03,Website,Apple Pay,1
849,1506,2025-11-24,In-Store,Tabby (BNPL),1
850,1794,2025-12-24,Website,Tabby (BNPL),1
851,195,2025-09-10,Website,Tabby (BNPL),3
852,2253,2025-12-14,In-Store,Tabby (BNPL),2
853,646,2025-03-02,Online App,Tabby (BNPL),3
854,2696,2025-10-21,Online App,Apple Pay,2
855,632,2025-08-04,Website,Tabby (BNPL),3
856,581,2025-10-31,Online App,Tabby (BNPL),7
857,115,2025-01-24,Online App,Cash on Delivery,1
858,1428,2025-08-05,Website,Apple Pay,1
859,1699,2025-10-13,In-Store,Apple Pay,2
860,190,2024-11-01,Online App,Cash on Delivery,1
861,2342,2025-04-28,Online App,Apple Pay,1
862,1375,2025-10-30,Online App,Credit Card,2
863,1578,2025-07-27,Online App,Cash on Delivery,7
864,1339,2024-10-29,Online App,Tabby (BNPL),2
865,1218,2025-12-28,Online App,Tabby (BNPL),4
866,1683,2025-12-07,Online App,Credit Card,1
867,467,2025-10-28,Online App,Apple Pay,1
868,554,2024-07-08,Website,Cash on Delivery,3
869,2590,2024-12-24,Online App,Credit Card,1
870,2837,2025-05-29,Online App,Tabby (BNPL),1
871,1145,2025-02-26,Website,Tabby (BNPL),3
872,822,2025-08-26,In-Store,Apple Pay,1
873,1940,2025-12-28,Online App,Apple Pay,2
874,1240,2025-04-09,Online App,Apple Pay,3
875,85,2025-07-29,Website,Cash on Delivery,1
876,470,2025-12-31,In-Store,Apple Pay,1
877,2149,2025-08-04,In-Store,Cash on Delivery,2
878,1988,2025-10-02,Online App,Apple Pay,1
879,91,2025-08-23,Website,Cash on Delivery,5
880,686,2024-09-18,In-Store,Apple Pay,3
881,712,2025-02-14,Website,Tabby (BNPL),1
882,2027,2025-11-22,In-Store,Apple Pay,1
883,64,2025-10-11,In-Store,Cash on Delivery,1
884,308,2024-12-19,Website,Cash on Delivery,5
885,2412,2024-11-11,Online App,Cash on Delivery,2
886,544,2025-04-20,Website,Cash on Delivery,2
887,1970,2025-04-16,Online App,Credit Card,1
888,734,2024-06-11,Website,Credit Card,1
889,292,2025-10-28,Online App,Tabby (BNPL),1
890,748,2025-10-23,In-Store,Cash on Delivery,1
891,2167,2024-05-23,Online App,Cash on Delivery,1
892,2572,2025-04-28,Online App,Credit Card,2
893,2500,2025-10-07,Online App,Cash on Delivery,1
894,1209,2024-04-05,Website,Credit Card,3
895,2013,2025-06-11,Website,Cash on Delivery,1
896,631,2025-10-30,Online App,Cash on Delivery,1
897,892,2025-04-14,In-Store,Credit Card,2
898,2693,2025-01-02,Online App,Apple Pay,2
899,37,2025-11-25,Online App,Tabby (BNPL),1
900,250,2024-12-22,Website,Tabby (BNPL),1
901,638,2025-08-27,In-Store,Cash on Delivery,1
902,90,2025-04-23,Website,Cash on Delivery,1
903,552,2025-09-26,Online App,Tabby (BNPL),3
904,1752,2025-04-18,Website,Credit Card,1
905,1272,2024-07-10,Online App,Cash on Delivery,1
906,2685,2025-08-08,Website,Tabby (BNPL),3
907,2466,2025-01-03,In-Store,Cash on Delivery,6
908,1049,2025-10-01,Online App,Apple Pay,1
909,793,2025-12-20,Online App,Apple Pay,1
910,1162,2025-11-30,Online App,Credit Card,3
911,1774,2025-10-06,Website,Tabby (BNPL),1
912,816,2025-02-24,In-Store,Tabby (BNPL),1
913,1881,2025-03-17,In-Store,Credit Card,5
914,1242,2025-06-26,Online App,Credit Card,2
915,1661,2025-05-17,Online App,Cash on Delivery,1
916,1323,2025-08-17,Website,Tabby (BNPL),6
917,895,2025-05-14,Website,Apple Pay,1
918,2845,2025-10-31,Online App,Apple Pay,6
919,2298,2025-12-21,In-Store,Tabby (BNPL),2
920,419,2025-05-16,In-Store,Cash on Delivery,1
921,2614,2024-10-17,Online App,Cash on Delivery,1
922,1469,2025-10-31,Online App,Tabby (BNPL),1
923,2689,2025-01-04,Online App,Credit Card,5
924,2412,2025-03-08,Website,Tabby (BNPL),2
925,1284,2025-04-02,Website,Cash on Delivery,2
926,75,2025-08-28,Online App,Cash on Delivery,5
927,817,2025-12-11,In-Store,Cash on Delivery,1
928,1636,2025-06-05,In-Store,Cash on Delivery,1
929,1911,2025-12-16,Online App,Tabby (BNPL),3
930,788,2024-03-04,Website,Credit Card,4
931,416,2025-11-07,In-Store,Apple Pay,1
932,2512,2025-12-29,Online App,Credit Card,2
933,2955,2024-11-26,Website,Credit Card,1
934,1585,2025-12-14,Online App,Credit Card,1
935,524,2024-10-29,Website,Tabby (BNPL),1
936,825,2025-01-25,In-Store,Credit Card,1
937,57,2025-10-08,Website,Apple Pay,1
938,2741,2025-08-22,Website,Tabby (BNPL),1
939,342,2025-12-07,Online App,Apple Pay,1
940,1733,2025-11-01,Online App,Credit Card,1
941,831,2025-11-18,Online App,Cash on Delivery,1
942,1668,2025-08-05,Online App,Tabby (BNPL),1
943,1964,2025-11-19,Online App,Cash on Delivery,6
944,2498,2025-08-10,In-Store,Apple Pay,2
945,635,2025-01-13,Website,Tabby (BNPL),3
946,31,2025-12-05,In-Store,Credit Card,4
947,409,2025-08-13,Online App,Tabby (BNPL),1
948,2701,2025-10-19,Online App,Apple Pay,1
949,2631,2024-08-06,In-Store,Apple Pay,1
950,1799,2025-11-28,In-Store,Cash on Delivery,4
951,1809,2025-04-13,Website,Apple Pay,3
952,2008,2025-09-23,Online App,Apple Pay,7
953,532,2024-10-08,Website,Credit Card,2
954,2741,2025-01-28,Website,Apple Pay,1
955,1267,2025-02-19,Online App,Tabby (BNPL),1
956,1172,2025-05-29,Website,Apple Pay,1
957,1557,2025-12-10,Website,Apple Pay,2
958,136,2024-12-25,Website,Cash on Delivery,4
959,510,2025-12-13,Online App,Tabby (BNPL),1
960,2221,2025-03-18,Online App,Apple Pay,6
961,241,2025-12-20,Online App,Tabby (BNPL),3
962,1816,2025-09-02,Website,Apple Pay,2
963,754,2025-11-21,Online App,Cash on Delivery,1
964,1192,2025-11-24,Online App,Cash on Delivery,1
965,880,2025-10-21,Online App,Apple Pay,4
966,1092,2025-11-04,In-Store,Credit Card,1
967,2155,2025-12-08,Online App,Tabby (BNPL),5
968,904,2025-08-23,Online App,Tabby (BNPL),1
969,1706,2025-05-04,Website,Credit Card,1
970,1443,2025-08-04,Website,Cash on Delivery,1
971,2002,2025-08-06,Online App,Tabby (BNPL),4
972,2809,2025-05-14,Online App,Cash on Delivery,1
973,2200,2024-10-25,In-Store,Apple Pay,1
974,662,2025-11-11,Website,Credit Card,2
975,104,2025-03-02,In-Store,Cash on Delivery,1
976,800,2025-09-11,Online App,Apple Pay,1
977,1794,2025-12-15,Website,Tabby (BNPL),1
978,147,2024-10-01,Online App,Apple Pay,1
979,1493,2025-07-02,Online App,Apple Pay,2
980,1798,2025-03-05,Website,Credit Card,1
981,1022,2025-11-25,In-Store,Apple Pay,2
982,2328,2025-11-12,In-Store,Apple Pay,4
983,316,2025-12-26,Website,Tabby (BNPL),2
984,221,2025-11-29,Online App,Credit Card,1
985,2188,2025-10-14,In-Store,Cash on Delivery,4
986,1491,2025-10-29,Website,Credit Card,1
987,2075,2025-07-03,Online App,Credit Card,1
988,1317,2025-05-12,In-Store,Cash on Delivery,1
989,759,2025-11-19,In-Store,Cash on Delivery,1
990,2468,2025-11-18,Website,Apple Pay,1
991,2411,2025-01-14,Online App,Cash on Delivery,5
992,2095,2025-07-01,Website,Cash on Delivery,5
993,825,2025-11-11,Online App,Cash on Delivery,1
994,1774,2025-04-16,Website,Cash on Delivery,1
995,1105,2025-12-15,Online App,Credit Card,1
996,265,2025-03-25,Website,Cash on Delivery,2
997,2752,2025-05-08,Website,Apple Pay,1
998,409,2025-06-11,Online App,Tabby (BNPL),1
999,2848,2025-11-25,Website,Credit Card,2
1000,1354,2025-10-26,Online App,Apple Pay,3
1001,567,2024-10-17,Website,Apple Pay,2
1002,1636,2025-02-10,Online App,Tabby (BNPL),1
1003,2627,2025-02-09,Website,Apple Pay,2
1004,2200,2025-05-07,Website,Tabby (BNPL),1
1005,2433,2025-07-21,Online App,Apple Pay,1
1006,1988,2024-11-15,In-Store,Apple Pay,1
1007,2088,2025-10-26,Online App,Apple Pay,3
1008,2552,2025-11-23,Online App,Apple Pay,1
1009,767,2025-02-10,Online App,Credit Card,2
1010,1473,2025-06-12,Website,Tabby (BNPL),2
1011,683,2025-11-23,In-Store,Credit Card,1
1012,2964,2025-12-25,Online App,Tabby (BNPL),1
1013,2832,2025-12-22,Online App,Cash on Delivery,1
1014,120,2025-12-26,Online App,Tabby (BNPL),2
1015,2122,2024-08-26,In-Store,Tabby (BNPL),1
1016,2773,2024-12-22,Online App,Tabby (BNPL),7
1017,551,2025-10-30,Online App,Apple Pay,1
1018,1711,2025-11-05,Online App,Tabby (BNPL),1
1019,2745,2024-11-12,Website,Credit Card,6
1020,109,2025-02-20,Online App,Credit Card,2
1021,2103,2025-10-03,Online App,Tabby (BNPL),3
1022,904,2024-10-10,In-Store,Tabby (BNPL),1
1023,2770,2025-09-26,In-Store,Apple Pay,1
1024,2917,2025-01-25,Website,Tabby (BNPL),2
1025,2833,2025-11-07,In-Store,Credit Card,1
1026,1435,2025-09-28,Website,Apple Pay,1
1027,2590,2025-01-29,Website,Cash on Delivery,1
1028,2538,2024-04-02,Online App,Credit Card,1
1029,975,2025-04-05,Website,Tabby (BNPL),6
1030,2495,2024-12-04,Website,Cash on Delivery,1
1031,116,2024-10-24,Online App,Cash on Delivery,1
1032,1796,2025-06-08,Online App,Credit Card,1
1033,710,2025-12-12,Online App,Cash on Delivery,1
1034,350,2025-08-28,Online App,Apple Pay,2
1035,226,2025-12-06,Online App,Apple Pay,6
1036,2099,2025-06-24,Online App,Cash on Delivery,1
1037,1042,2024-07-18,Website,Apple Pay,2
1038,2178,2025-12-16,Online App,Tabby (BNPL),1
1039,189,2025-08-23,Online App,Credit Card,2
1040,961,2024-09-27,Online App,Apple Pay,2
1041,1627,2025-10-23,Online App,Apple Pay,2
1042,2384,2025-06-16,Website,Cash on Delivery,2
1043,973,2025-11-15,Website,Credit Card,2
1044,1887,2025-02-22,In-Store,Apple Pay,2
1045,2666,2025-11-16,Website,Cash on Delivery,1
1046,1853,2024-10-26,Online App,Apple Pay,2
1047,718,2025-08-24,Online App,Credit Card,1
1048,82,2025-10-17,In-Store,Cash on Delivery,1
1049,2617,2025-12-10,Website,Credit Card,2
1050,70,2025-08-17,Online App,Apple Pay,2
1051,2633,2025-05-26,Website,Tabby (BNPL),2
1052,1590,2025-09-22,Website,Tabby (BNPL),2
1053,2815,2025-11-04,In-Store,Tabby (BNPL),4
1054,2410,2025-11-19,Website,Cash on Delivery,3
1055,2996,2025-09-19,Website,Cash on Delivery,5
1056,1076,2025-10-30,Website,Cash on Delivery,1
1057,2313,2025-11-26,Website,Credit Card,7
1058,1223,2025-12-25,Online App,Apple Pay,7
1059,1449,2024-04-19,Online App,Apple Pay,1
1060,1891,2025-03-05,Website,Cash on Delivery,4
1061,2630,2025-10-30,Online App,Cash on Delivery,5
1062,2954,2025-12-08,Online App,Tabby (BNPL),2
1063,2317,2025-05-06,Website,Tabby (BNPL),7
1064,1264,2025-03-25,Website,Tabby (BNPL),1
1065,1272,2024-06-07,Online App,Tabby (BNPL),1
1066,2218,2025-11-21,Online App,Cash on Delivery,1
1067,736,2024-10-10,In-Store,Tabby (BNPL),1
1068,325,2025-01-23,Online App,Apple Pay,3
1069,1088,2025-11-14,Online App,Cash on Delivery,5
1070,875,2025-06-13,Website,Apple Pay,2
1071,901,2025-09-14,Online App,Cash on Delivery,7
1072,721,2025-12-14,Website,Cash on Delivery,1
1073,124,2025-11-09,Website,Cash on Delivery,7
1074,56,2025-10-23,Website,Cash on Delivery,1
1075,2964,2025-04-09,Website,Tabby (BNPL),1
1076,1293,2025-12-25,Online App,Tabby (BNPL),2
1077,1176,2025-08-01,Online App,Cash on Delivery,2
1078,2046,2025-12-01,In-Store,Cash on Delivery,1
1079,671,2025-05-23,Website,Apple Pay,5
1080,2847,2025-09-29,Online App,Cash on Delivery,1
1081,2372,2025-12-31,Website,Credit Card,1
1082,258,2025-12-21,Online App,Tabby (BNPL),7
1083,1263,2024-10-01,Website,Credit Card,1
1084,2647,2025-10-16,Website,Tabby (BNPL),1
1085,2834,2025-12-20,Online App,Apple Pay,3
1086,1416,2025-11-08,Online App,Tabby (BNPL),1
1087,1848,2025-12-31,Online App,Credit Card,2
1088,513,2025-10-26,Online App,Cash on Delivery,7
1089,2974,2025-11-23,Online App,Tabby (BNPL),3
1090,713,2025-05-13,Online App,Tabby (BNPL),7
1091,2828,2025-06-21,Website,Credit Card,1
1092,1961,2024-06-24,In-Store,Tabby (BNPL),6
1093,1829,2025-08-13,Online App,Apple Pay,1
1094,1533,2025-06-03,Online App,Credit Card,1
1095,711,2025-09-13,Online App,Cash on Delivery,1
1096,536,2025-11-30,Website,Tabby (BNPL),2
1097,680,2025-03-12,Online App,Credit Card,1
1098,569,2024-01-29,Online App,Credit Card,1
1099,2354,2024-02-26,Online App,Cash on Delivery,2
1100,1075,2025-04-16,Website,Cash on Delivery,1
1101,165,2025-11-22,Website,Cash on Delivery,1
1102,2912,2025-08-17,Online App,Tabby (BNPL),1
1103,2661,2025-10-04,Online App,Credit Card,1
1104,2782,2025-01-02,Website,Tabby (BNPL),2
1105,2987,2025-12-31,Website,Credit Card,3
1106,528,2025-02-06,Online App,Apple Pay,2
1107,1207,2025-02-28,Website,Cash on Delivery,1
1108,2279,2025-11-18,Website,Credit Card,1
1109,2098,2025-08-16,Website,Apple Pay,2
1110,464,2025-07-18,In-Store,Tabby (BNPL),3
1111,2461,2025-10-02,Online App,Tabby (BNPL),1
1112,690,2025-08-10,Website,Apple Pay,2
1113,689,2025-04-30,In-Store,Cash on Delivery,2
1114,1615,2025-10-03,Online App,Cash on Delivery,2
1115,1784,2025-08-07,Online App,Tabby (BNPL),7
1116,1742,2025-02-06,Online App,Apple Pay,1
1117,265,2025-03-20,Website,Apple Pay,2
1118,2644,2025-10-06,Online App,Credit Card,5
1119,809,2025-10-27,Website,Tabby (BNPL),1
1120,381,2024-10-15,Online App,Credit Card,1
1121,2673,2025-01-12,Online App,Tabby (BNPL),3
1122,2868,2024-04-19,Website,Cash on Delivery,2
1123,2590,2025-09-15,Online App,Credit Card,1
1124,2441,2025-09-11,Online App,Tabby (BNPL),1
1125,1976,2025-07-30,Online App,Credit Card,2
1126,1659,2025-04-16,Online App,Apple Pay,1
1127,253,2025-04-15,Website,Credit Card,2
1128,1240,2025-06-14,Online App,Cash on Delivery,3
1129,1142,2025-02-23,Online App,Tabby (BNPL),5
1130,794,2024-08-30,Online App,Credit Card,4
1131,2171,2025-01-01,In-Store,Credit Card,3
1132,1492,2025-09-06,Online App,Credit Card,1
1133,235,2024-09-13,In-Store,Credit Card,2
1134,678,2025-02-03,Online App,Cash on Delivery,1
1135,2061,2025-10-13,Website,Credit Card,2
1136,224,2025-10-18,Online App,Tabby (BNPL),2
1137,2557,2025-12-26,Online App,Cash on Delivery,3
1138,1490,2025-11-09,Online App,Cash on Delivery,1
1139,1451,2025-05-13,In-Store,Cash on Delivery,2
1140,1782,2025-02-18,Website,Tabby (BNPL),5
1141,2486,2024-10-09,Website,Credit Card,1
1142,1068,2025-02-24,Online App,Cash on Delivery,2
1143,2042,2024-11-27,Online App,Credit Card,2
1144,1703,2024-10-22,Website,Cash on Delivery,1
1145,813,2025-09-15,Online App,Tabby (BNPL),2
1146,2645,2025-12-24,Online App,Apple Pay,1
1147,2406,2024-11-24,Online App,Apple Pay,2
1148,1987,2025-08-16,In-Store,Apple Pay,4
1149,2556,2025-02-26,Online App,Tabby (BNPL),3
1150,2609,2025-09-22,Website,Apple Pay,2
1151,2127,2025-12-18,Online App,Apple Pay,1
1152,2516,2024-05-15,Website,Cash on Delivery,2
1153,2103,2025-06-21,Online App,Cash on Delivery,3
1154,2048,2025-12-10,Online App,Apple Pay,7
1155,1863,2025-06-04,Online App,Tabby (BNPL),3
1156,2264,2025-09-08,Website,Tabby (BNPL),1
1157,478,2024-09-06,Online App,Credit Card,1
1158,2650,2025-11-25,Website,Cash on Delivery,6
1159,2622,2025-02-28,In-Store,Apple Pay,2
1160,96,2025-09-03,Online App,Apple Pay,2
1161,2490,2025-10-19,Online App,Cash on Delivery,1
1162,378,2025-12-05,Online App,Apple Pay,2
1163,1027,2025-10-05,Online App,Apple Pay,3
1164,2239,2025-02-12,Online App,Tabby (BNPL),1
1165,486,2025-12-20,Website,Credit Card,1
1166,2467,2025-09-28,Website,Credit Card,4
1167,2507,2025-11-24,Website,Apple Pay,3
1168,1521,2025-12-07,Online App,Tabby (BNPL),1
1169,21,2025-09-12,Online App,Credit Card,4
1170,874,2025-12-05,In-Store,Apple Pay,1
1171,1858,2025-10-31,Online App,Tabby (BNPL),1
1172,2948,2024-11-23,Website,Apple Pay,2
1173,1905,2025-07-31,Online App,Cash on Delivery,2
1174,794,2025-08-29,In-Store,Tabby (BNPL),4
1175,1914,2025-12-30,Website,Tabby (BNPL),1
1176,1629,2024-12-18,Online App,Cash on Delivery,5
1177,2355,2025-05-16,In-Store,Apple Pay,2
1178,318,2025-10-28,In-Store,Tabby (BNPL),1
1179,2291,2025-07-08,Online App,Credit Card,3
1180,1635,2025-12-28,In-Store,Tabby (BNPL),3
1181,2895,2025-11-01,Website,Tabby (BNPL),7
1182,1049,2025-08-31,Website,Apple Pay,1
1183,1908,2025-12-28,Website,Apple Pay,2
1184,2795,2025-06-12,Website,Cash on Delivery,1
1185,305,2024-06-19,Online App,Apple Pay,1
1186,2811,2025-12-29,Online App,Tabby (BNPL),4
1187,2073,2025-10-23,Website,Cash on Delivery,1
1188,198,2025-08-06,In-Store,Credit Card,1
1189,916,2025-09-27,In-Store,Tabby (BNPL),3
1190,2127,2025-10-09,Website,Cash on Delivery,1
1191,197,2024-11-20,Online App,Tabby (BNPL),1
1192,1749,2025-11-05,Online App,Cash on Delivery,2
1193,1065,2025-10-18,In-Store,Tabby (BNPL),2
1194,1872,2025-07-13,Website,Credit Card,2
1195,133,2025-08-03,Website,Apple Pay,6
1196,2620,2025-11-02,In-Store,Credit Card,1
1197,2924,2025-07-29,In-Store,Credit Card,1
1198,2912,2025-09-08,Website,Apple Pay,1
1199,2253,2025-12-26,Online App,Apple Pay,2
1200,384,2024-08-05,Online App,Credit Card,1
1201,2279,2025-03-09,Online App,Cash on Delivery,1
1202,83,2024-11-29,In-Store,Tabby (BNPL),3
1203,74,2025-10-04,Online App,Apple Pay,6
1204,989,2025-12-12,In-Store,Credit Card,5
1205,1472,2024-05-11,Online App,Tabby (BNPL),2
1206,2325,2025-04-17,Website,Cash on Delivery,1
1207,2061,2025-12-04,Online App,Tabby (BNPL),2
1208,1354,2025-11-24,Online App,Cash on Delivery,3
1209,829,2024-08-22,Website,Credit Card,1
1210,2994,2025-11-26,Website,Credit Card,1
1211,1290,2025-12-18,Website,Apple Pay,5
1212,1370,2025-07-06,Online App,Cash on Delivery,7
1213,497,2025-11-26,Online App,Apple Pay,1
1214,2398,2025-04-03,Online App,Tabby (BNPL),3
1215,2092,2025-03-12,In-Store,Credit Card,1
1216,681,2025-11-28,Online App,Credit Card,6
1217,241,2025-12-12,Online App,Tabby (BNPL),3
1218,2049,2025-06-29,Website,Credit Card,1
1219,1974,2024-12-20,Website,Cash on Delivery,2
1220,827,2025-11-18,Website,Credit Card,1
1221,2848,2025-11-14,In-Store,Tabby (BNPL),2
1222,453,2025-08-31,Online App,Credit Card,1
1223,1309,2025-04-25,Website,Credit Card,3
1224,2831,2025-10-26,Online App,Tabby (BNPL),7
1225,1268,2025-02-17,Online App,Credit Card,1
1226,1927,2025-10-27,Online App,Tabby (BNPL),2
1227,1211,2025-11-20,Website,Apple Pay,1
1228,832,2025-03-20,Website,Credit Card,6
1229,2954,2025-12-07,In-Store,Tabby (BNPL),2
1230,1242,2025-10-27,Online App,Cash on Delivery,2
1231,2689,2025-12-24,Online App,Cash on Delivery,5
1232,710,2025-12-16,Online App,Credit Card,1
1233,655,2025-06-30,Website,Apple Pay,1
1234,104,2025-12-30,Online App,Apple Pay,1
1235,1965,2025-06-29,In-Store,Tabby (BNPL),2
1236,1129,2025-04-26,Online App,Cash on Delivery,1
1237,2599,2025-11-30,In-Store,Cash on Delivery,2
1238,1431,2025-05-09,Online App,Apple Pay,2
1239,2910,2025-06-24,Website,Apple Pay,1
1240,568,2025-12-08,Online App,Cash on Delivery,1
1241,2614,2025-10-30,Online App,Apple Pay,1
1242,2345,2025-10-24,Online App,Tabby (BNPL),1
1243,2328,2025-07-25,Website,Credit Card,4
1244,2540,2025-06-09,Online App,Cash on Delivery,1
1245,2291,2025-07-07,Online App,Tabby (BNPL),3
1246,1889,2025-10-10,In-Store,Credit Card,7
1247,386,2025-12-11,Online App,Apple Pay,3
1248,106,2025-04-14,Online App,Cash on Delivery,7
1249,2760,2025-06-14,Online App,Tabby (BNPL),1
1250,1857,2025-12-02,Online App,Tabby (BNPL),3
1251,2404,2025-03-28,Website,Apple Pay,2
1252,1455,2024-12-17,Website,Apple Pay,1
1253,341,2025-07-11,Website,Cash on Delivery,5
1254,362,2025-12-17,In-Store,Apple Pay,1
1255,2067,2024-10-24,In-Store,Tabby (BNPL),3
1256,1303,2025-12-19,In-Store,Credit Card,1
1257,614,2025-12-28,Website,Apple Pay,1
1258,1479,2025-08-06,Online App,Apple Pay,4
1259,186,2025-09-19,In-Store,Apple Pay,6
1260,1749,2025-12-19,In-Store,Apple Pay,2
1261,818,2025-09-15,Website,Apple Pay,4
1262,2407,2024-10-20,Online App,Credit Card,4
1263,944,2025-07-25,Website,Apple Pay,1
1264,1380,2025-11-12,Online App,Cash on Delivery,1
1265,34,2024-08-08,Online App,Apple Pay,3
1266,212,2025-12-15,Online App,Apple Pay,2
1267,1200,2025-12-05,Online App,Tabby (BNPL),2
1268,1449,2024-11-30,Online App,Apple Pay,1
1269,1806,2024-10-18,In-Store,Cash on Delivery,7
1270,889,2025-12-30,Online App,Cash on Delivery,4
1271,2095,2025-04-20,In-Store,Credit Card,5
1272,2584,2025-10-16,Website,Tabby (BNPL),2
1273,2355,2025-07-18,Website,Cash on Delivery,2
1274,120,2025-12-29,Website,Apple Pay,2
1275,1451,2024-07-25,Website,Cash on Delivery,2
1276,310,2025-11-16,Website,Tabby (BNPL),1
1277,745,2025-12-21,Website,Apple Pay,6
1278,2960,2024-04-04,Online App,Apple Pay,1
1279,428,2024-07-23,Online App,Credit Card,2
1280,1498,2025-10-26,Website,Apple Pay,1
1281,1862,2025-11-04,Website,Cash on Delivery,1
1282,2114,2024-07-23,In-Store,Credit Card,2
1283,1683,2025-12-30,Online App,Credit Card,1
1284,29,2025-08-30,Online App,Credit Card,1
1285,999,2024-07-30,Website,Cash on Delivery,3
1286,1551,2025-06-09,Website,Apple Pay,1
1287,255,2025-07-22,In-Store,Tabby (BNPL),3
1288,1076,2024-12-07,Website,Cash on Delivery,1
1289,107,2025-02-21,Online App,Credit Card,3
1290,229,2025-05-06,Website,Credit Card,6
1291,1209,2024-07-16,Website,Credit Card,3
1292,391,2025-09-13,Website,Apple Pay,1
1293,1709,2025-08-29,Online App,Cash on Delivery,1
1294,2077,2025-02-04,Online App,Apple Pay,4
1295,2416,2025-08-14,Online App,Cash on Delivery,1
1296,612,2025-12-11,Website,Apple Pay,1
1297,515,2025-07-20,Website,Tabby (BNPL),5
1298,308,2025-02-27,Website,Apple Pay,5
1299,1922,2025-10-21,Website,Credit Card,2
1300,2123,2024-12-03,In-Store,Tabby (BNPL),2
1301,105,2025-01-23,Website,Credit Card,1
1302,2805,2025-12-14,Website,Cash on Delivery,1
1303,150,2025-06-26,In-Store,Apple Pay,2
1304,1635,2025-12-29,Online App,Apple Pay,3
1305,2129,2025-09-25,Online App,Tabby (BNPL),1
1306,2619,2025-10-07,In-Store,Apple Pay,1
1307,2146,2024-11-16,Online App,Cash on Delivery,2
1308,2419,2025-05-18,Website,Cash on Delivery,1
1309,1040,2025-08-06,Website,Cash on Delivery,2
1310,2458,2025-11-11,In-Store,Tabby (BNPL),1
1311,232,2025-12-25,Online App,Credit Card,1
1312,2689,2025-05-01,In-Store,Credit Card,5
1313,1651,2025-06-06,Online App,Tabby (BNPL),2
1314,2466,2024-09-04,Online App,Cash on Delivery,6
1315,1373,2025-05-09,Online App,Apple Pay,1
1316,1938,2024-12-10,Website,Cash on Delivery,7
1317,1586,2025-11-14,Online App,Cash on Delivery,3
1318,2198,2025-10-03,Online App,Cash on Delivery,1
1319,237,2025-05-30,In-Store,Tabby (BNPL),1
1320,173,2024-06-14,Online App,Credit Card,2
1321,759,2025-11-18,Online App,Cash on Delivery,1
1322,483,2025-06-02,Website,Tabby (BNPL),1
1323,2622,2025-11-12,Website,Credit Card,2
1324,676,2025-11-25,Website,Tabby (BNPL),1
1325,2929,2024-04-22,In-Store,Cash on Delivery,2
1326,1031,2025-11-27,Online App,Credit Card,1
1327,555,2025-11-24,Online App,Credit Card,2
1328,2380,2025-11-15,Website,Tabby (BNPL),3
1329,1988,2025-07-28,Online App,Apple Pay,1
1330,1496,2025-12-29,In-Store,Tabby (BNPL),3
1331,1673,2025-12-01,Online App,Apple Pay,1
1332,2156,2025-10-30,Online App,Credit Card,3
1333,703,2025-10-22,In-Store,Apple Pay,1
1334,2991,2025-10-05,Online App,Apple Pay,1
1335,2926,2025-04-24,Online App,Cash on Delivery,2
1336,1962,2024-04-07,Online App,Apple Pay,1
1337,610,2024-10-31,Online App,Tabby (BNPL),6
1338,2049,2025-01-08,Online App,Apple Pay,1
1339,212,2025-08-04,Online App,Apple Pay,2
1340,101,2025-08-27,Online App,Apple Pay,2
1341,787,2025-08-09,Online App,Tabby (BNPL),3
1342,1405,2025-09-14,Online App,Credit Card,1
1343,2612,2025-11-18,Website,Apple Pay,3
1344,2185,2025-09-17,Online App,Cash on Delivery,3
1345,2234,2025-12-11,Online App,Apple Pay,2
1346,1286,2024-09-24,In-Store,Credit Card,2
1347,1065,2025-07-13,In-Store,Cash on Delivery,2
1348,1136,2025-08-24,Website,Cash on Delivery,7
1349,2964,2025-09-18,Website,Credit Card,1
1350,120,2025-12-21,Website,Tabby (BNPL),2
1351,2607,2025-07-30,Online App,Tabby (BNPL),1
1352,1737,2025-10-04,Online App,Cash on Delivery,1
1353,1331,2025-04-28,Online App,Tabby (BNPL),3
1354,2179,2025-06-10,Online App,Apple Pay,2
1355,1466,2025-10-30,Website,Cash on Delivery,1
1356,2629,2024-08-11,Website,Cash on Delivery,3
1357,2705,2025-01-08,Website,Cash on Delivery,1
1358,1273,2025-02-26,Online App,Tabby (BNPL),3
1359,840,2025-02-02,Website,Apple Pay,1
1360,1782,2025-12-10,Online App,Credit Card,5
1361,2735,2024-10-18,Website,Credit Card,4
1362,650,2025-10-26,Website,Apple Pay,3
1363,1878,2025-09-01,Online App,Cash on Delivery,2
1364,1904,2025-02-25,Website,Credit Card,2
1365,2202,2025-09-11,Online App,Tabby (BNPL),1
1366,388,2025-11-08,Online App,Credit Card,2
1367,2149,2025-10-16,Website,Credit Card,2
1368,2725,2025-06-29,Online App,Credit Card,1
1369,546,2025-12-29,Online App,Tabby (BNPL),1
1370,734,2024-06-28,Online App,Tabby (BNPL),1
1371,2919,2025-10-12,Online App,Cash on Delivery,2
1372,552,2025-09-15,In-Store,Credit Card,3
1373,2567,2025-05-20,Online App,Credit Card,1
1374,1480,2025-12-30,Online App,Apple Pay,3
1375,760,2025-05-24,In-Store,Apple Pay,3
1376,2619,2025-04-20,In-Store,Tabby (BNPL),1
1377,1352,2024-09-29,Online App,Tabby (BNPL),1
1378,1537,2025-11-03,In-Store,Cash on Delivery,1
1379,1101,2025-11-18,Online App,Credit Card,1
1380,1784,2025-07-11,Website,Tabby (BNPL),7
1381,497,2025-05-13,Website,Cash on Delivery,1
1382,1197,2025-11-17,Website,Cash on Delivery,2
1383,2913,2024-08-18,Online App,Apple Pay,2
1384,788,2025-05-07,Online App,Cash on Delivery,4
1385,1981,2025-03-21,Website,Cash on Delivery,2
1386,996,2025-01-08,Website,Credit Card,3
1387,2334,2025-09-30,Online App,Credit Card,1
1388,384,2024-11-11,Website,Apple Pay,1
1389,2915,2025-10-02,In-Store,Tabby (BNPL),2
1390,1376,2025-12-21,Website,Cash on Delivery,5
1391,728,2025-12-20,Online App,Tabby (BNPL),1
1392,215,2025-06-12,Website,Credit Card,3
1393,519,2025-06-18,Online App,Credit Card,2
1394,1558,2025-10-02,In-Store,Cash on Delivery,1
1395,1031,2025-12-09,Online App,Cash on Delivery,1
1396,2495,2025-06-24,In-Store,Cash on Delivery,1
1397,1306,2025-11-26,Online App,Credit Card,1
1398,765,2024-09-23,Online App,Tabby (BNPL),3
1399,1859,2025-11-14,Online App,Tabby (BNPL),7
1400,2123,2025-06-26,Website,Cash on Delivery,2
1401,513,2025-08-21,Online App,Cash on Delivery,7
1402,515,2025-12-14,Online App,Apple Pay,5
1403,116,2024-11-09,Online App,Tabby (BNPL),1
1404,2216,2025-06-19,Online App,Tabby (BNPL),1
1405,2003,2025-06-26,Online App,Tabby (BNPL),2
1406,1437,2025-02-09,Website,Apple Pay,3
1407,2538,2025-12-15,In-Store,Credit Card,1
1408,2430,2025-12-11,Online App,Credit Card,1
1409,1759,2025-04-12,Online App,Apple Pay,6
1410,2612,2025-11-02,Website,Tabby (BNPL),3
1411,634,2025-08-22,Online App,Tabby (BNPL),2
1412,328,2025-07-27,Website,Apple Pay,2
1413,820,2025-07-08,Online App,Apple Pay,5
1414,164,2024-10-27,Online App,Apple Pay,2
1415,1596,2025-04-23,Online App,Tabby (BNPL),5
1416,2807,2025-09-03,Website,Tabby (BNPL),5
1417,119,2025-12-31,In-Store,Credit Card,1
1418,353,2024-10-12,Online App,Tabby (BNPL),3
1419,1372,2024-12-19,Online App,Cash on Delivery,7
1420,2800,2025-12-14,In-Store,Tabby (BNPL),1
1421,964,2024-12-20,In-Store,Credit Card,7
1422,1520,2025-10-02,Online App,Tabby (BNPL),1
1423,123,2025-06-29,Online App,Tabby (BNPL),2
1424,446,2024-12-23,In-Store,Cash on Delivery,1
1425,2960,2024-06-13,Online App,Tabby (BNPL),1
1426,2902,2025-11-13,Online App,Credit Card,5
1427,18,2025-12-11,Online App,Tabby (BNPL),2
1428,2851,2025-06-30,Website,Apple Pay,2
1429,1928,2025-01-04,Online App,Cash on Delivery,1
1430,2611,2025-04-10,Website,Apple Pay,1
1431,1379,2025-09-22,In-Store,Cash on Delivery,7
1432,1541,2024-09-15,Online App,Credit Card,7
1433,1473,2025-06-26,Website,Cash on Delivery,2
1434,2012,2025-12-07,Website,Credit Card,2
1435,418,2024-03-05,Online App,Credit Card,1
1436,99,2025-12-21,Online App,Credit Card,1
1437,937,2025-04-29,Website,Credit Card,2
1438,2117,2025-09-16,Online App,Tabby (BNPL),7
1439,617,2025-07-31,Website,Cash on Delivery,3
1440,2032,2024-11-17,In-Store,Cash on Delivery,3
1441,2915,2025-01-12,Online App,Credit Card,2
1442,274,2025-07-19,Website,Credit Card,3
1443,2028,2025-10-14,Website,Tabby (BNPL),1
1444,1350,2025-09-28,Website,Apple Pay,1
1445,2612,2025-12-27,Online App,Credit Card,3
1446,538,2025-05-23,Online App,Tabby (BNPL),2
1447,2088,2024-05-12,Online App,Tabby (BNPL),3
1448,2520,2025-11-13,Website,Apple Pay,4
1449,2834,2025-12-29,Online App,Credit Card,3
1450,2060,2025-11-08,Online App,Apple Pay,1
1451,1495,2025-11-01,Online App,Cash on Delivery,4
1452,1861,2025-03-17,Website,Tabby (BNPL),2
1453,2614,2024-12-19,In-Store,Tabby (BNPL),1
1454,1715,2025-02-17,Website,Tabby (BNPL),3
1455,100,2025-08-23,Online App,Tabby (BNPL),1
1456,2793,2025-09-26,Online App,Apple Pay,2
1457,2077,2025-11-23,In-Store,Apple Pay,4
1458,2038,2025-10-16,Online App,Apple Pay,3
1459,663,2025-06-05,Website,Cash on Delivery,2
1460,1988,2025-04-29,In-Store,Apple Pay,1
1461,1204,2025-12-20,Website,Credit Card,1
1462,1963,2025-12-03,Website,Cash on Delivery,1
1463,316,2025-12-14,In-Store,Tabby (BNPL),2
1464,1984,2025-10-12,Website,Apple Pay,1
1465,2999,2025-11-09,Website,Apple Pay,1
1466,140,2025-10-26,Online App,Tabby (BNPL),2
1467,2932,2025-08-10,In-Store,Credit Card,3
1468,1236,2025-10-01,Website,Credit Card,1
1469,2619,2025-01-11,Online App,Credit Card,1
1470,2362,2025-07-11,Website,Apple Pay,6
1471,1708,2025-02-16,Online App,Cash on Delivery,2
1472,2222,2024-11-08,Online App,Cash on Delivery,2
1473,2645,2025-11-02,In-Store,Credit Card,1
1474,1226,2025-01-19,Website,Cash on Delivery,1
1475,1001,2024-12-27,Online App,Credit Card,1
1476,2013,2025-11-07,In-Store,Tabby (BNPL),1
1477,2437,2025-06-02,Online App,Tabby (BNPL),3
1478,2294,2025-10-30,Online App,Apple Pay,1
1479,2408,2025-12-21,Online App,Tabby (BNPL),1
1480,1320,2024-09-28,Online App,Tabby (BNPL),2
1481,2466,2025-03-15,In-Store,Cash on Delivery,6
1482,350,2025-03-13,Online App,Apple Pay,2
1483,1646,2025-03-05,In-Store,Cash on Delivery,3
1484,18,2025-08-01,Online App,Apple Pay,2
1485,993,2025-11-12,Online App,Tabby (BNPL),5
1486,1118,2024-06-28,In-Store,Credit Card,2
1487,1207,2025-04-30,Website,Cash on Delivery,1
1488,2096,2025-11-25,Website,Tabby (BNPL),1
1489,1192,2025-03-07,Website,Apple Pay,1
1490,1360,2024-12-17,Online App,Cash on Delivery,1
1491,734,2024-06-05,In-Store,Tabby (BNPL),1
1492,1145,2025-08-16,Online App,Apple Pay,3
1493,699,2025-05-04,In-Store,Tabby (BNPL),2
1494,214,2025-10-03,Online App,Cash on Delivery,1
1495,1816,2025-09-04,Website,Cash on Delivery,2
1496,2014,2025-06-22,Online App,Credit Card,5
1497,1866,2024-10-31,Website,Tabby (BNPL),5
1498,1407,2025-08-14,In-Store,Tabby (BNPL),1
1499,1162,2025-12-01,In-Store,Credit Card,3
1500,2595,2025-02-05,In-Store,Tabby (BNPL),1
1501,1557,2024-10-30,Website,Credit Card,2
1502,1448,2025-12-21,Website,Credit Card,5
1503,87,2025-10-13,Online App,Credit Card,7
1504,1047,2025-03-26,In-Store,Apple Pay,3
1505,1164,2025-09-12,Website,Apple Pay,1
1506,1214,2025-10-22,Website,Apple Pay,2
1507,1742,2025-11-29,In-Store,Tabby (BNPL),1
1508,1605,2024-10-23,Online App,Credit Card,1
1509,1830,2025-03-07,Online App,Cash on Delivery,2
1510,2301,2025-12-11,Online App,Credit Card,4
1511,2452,2025-03-31,Website,Credit Card,2
1512,2154,2025-06-16,Online App,Apple Pay,3
1513,2867,2025-11-13,In-Store,Credit Card,1
1514,57,2024-12-13,Online App,Credit Card,1
1515,599,2025-05-27,In-Store,Apple Pay,7
1516,23,2025-01-29,Online App,Apple Pay,1
1517,1953,2025-11-01,Online App,Credit Card,3
1518,2696,2025-12-10,Website,Credit Card,2
1519,750,2025-01-08,Website,Tabby (BNPL),3
1520,2778,2024-12-10,Online App,Apple Pay,1
1521,172,2024-10-16,Online App,Credit Card,3
1522,2801,2025-09-24,In-Store,Apple Pay,2
1523,1078,2025-11-14,Website,Tabby (BNPL),1
1524,300,2025-12-16,Website,Cash on Delivery,1
1525,1463,2025-06-22,Online App,Credit Card,1
1526,785,2025-03-06,Online App,Credit Card,2
1527,865,2025-12-12,Website,Tabby (BNPL),1
1528,935,2025-08-13,Online App,Cash on Delivery,1
1529,2422,2025-11-23,Online App,Tabby (BNPL),1
1530,1625,2025-12-27,Online App,Credit Card,1
1531,948,2025-12-15,Website,Credit Card,1
1532,1838,2025-12-31,Website,Credit Card,2
1533,2149,2025-07-20,Website,Apple Pay,2
1534,825,2025-03-11,Website,Apple Pay,1
1535,1250,2025-08-13,Online App,Tabby (BNPL),3
1536,352,2025-07-20,Online App,Cash on Delivery,5
1537,552,2025-09-08,Online App,Apple Pay,3
1538,2052,2025-09-14,Online App,Tabby (BNPL),5
1539,552,2025-07-02,Online App,Tabby (BNPL),3
1540,1582,2025-04-27,Online App,Apple Pay,1
1541,2129,2024-09-05,Online App,Cash on Delivery,1
1542,317,2025-06-27,Online App,Cash on Delivery,2
1543,1709,2025-09-09,Website,Cash on Delivery,1
1544,785,2025-11-30,Online App,Tabby (BNPL),2
1545,2895,2025-10-11,In-Store,Apple Pay,7
1546,1457,2025-11-18,Website,Cash on Delivery,1
1547,2432,2025-02-02,Online App,Apple Pay,1
1548,1659,2025-03-13,Online App,Tabby (BNPL),1
1549,126,2025-11-22,In-Store,Apple Pay,2
1550,1911,2025-12-13,Website,Tabby (BNPL),3
1551,2850,2025-12-23,Online App,Credit Card,7
1552,1812,2025-07-23,In-Store,Cash on Delivery,2
1553,2468,2025-09-15,Website,Apple Pay,1
1554,2663,2025-05-27,Online App,Credit Card,7
1555,701,2025-12-16,Online App,Cash on Delivery,4
1556,652,2025-09-19,Online App,Credit Card,1
1557,1841,2024-07-23,In-Store,Apple Pay,1
1558,1246,2025-08-09,In-Store,Apple Pay,1
1559,2526,2024-09-25,Website,Tabby (BNPL),2
1560,2701,2025-11-24,Online App,Credit Card,1
1561,1082,2025-09-30,Website,Apple Pay,2
1562,731,2025-12-06,Online App,Cash on Delivery,4
1563,2357,2025-12-18,Online App,Credit Card,1
1564,833,2025-07-11,Online App,Credit Card,5
1565,2479,2025-12-08,In-Store,Tabby (BNPL),3
1566,1281,2025-06-17,Online App,Cash on Delivery,1
1567,2013,2024-07-20,In-Store,Apple Pay,1
1568,282,2025-04-16,In-Store,Apple Pay,2
1569,1879,2025-07-06,Website,Tabby (BNPL),3
1570,1372,2025-12-04,Online App,Tabby (BNPL),7
1571,1764,2024-12-07,Website,Credit Card,1
1572,515,2025-08-22,Website,Apple Pay,5
1573,2218,2025-11-10,Website,Tabby (BNPL),1
1574,2592,2025-08-01,Website,Apple Pay,1
1575,667,2025-12-05,Website,Cash on Delivery,1
1576,283,2025-12-20,Website,Apple Pay,3
1577,79,2025-09-15,Website,Apple Pay,1
1578,1935,2025-01-19,Website,Credit Card,2
1579,1828,2025-04-07,In-Store,Tabby (BNPL),2
1580,1650,2025-06-25,Online App,Tabby (BNPL),1
1581,715,2025-04-02,Online App,Apple Pay,2
1582,1197,2025-11-17,Online App,Tabby (BNPL),2
1583,1791,2025-11-17,Website,Apple Pay,1
1584,1495,2025-08-06,In-Store,Cash on Delivery,4
1585,2965,2025-11-17,Website,Apple Pay,3
1586,408,2025-08-26,Website,Cash on Delivery,1
1587,2095,2025-05-12,In-Store,Tabby (BNPL),5
1588,1227,2025-04-06,Website,Apple Pay,6
1589,1295,2025-09-21,Online App,Tabby (BNPL),1
1590,2153,2025-12-15,Website,Credit Card,1
1591,2088,2024-05-27,In-Store,Tabby (BNPL),3
1592,2974,2025-11-16,Website,Credit Card,3
1593,377,2025-10-18,In-Store,Apple Pay,1
1594,308,2024-12-10,In-Store,Tabby (BNPL),5
1595,2176,2025-11-05,Online App,Apple Pay,1
1596,1737,2025-12-18,Online App,Apple Pay,1
1597,831,2025-11-15,Online App,Cash on Delivery,1
1598,230,2025-06-12,Website,Apple Pay,1
1599,251,2025-12-31,Website,Cash on Delivery,6
1600,2689,2025-10-08,In-Store,Credit Card,5
1601,586,2024-08-18,Online App,Tabby (BNPL),2
1602,988,2025-08-28,Online App,Credit Card,3
1603,697,2025-12-27,Website,Cash on Delivery,5
1604,1089,2025-10-18,Online App,Cash on Delivery,1
1605,203,2025-03-03,Website,Tabby (BNPL),2
1606,1557,2025-02-05,Website,Tabby (BNPL),2
1607,197,2025-03-04,In-Store,Apple Pay,1
1608,2415,2025-09-16,Website,Tabby (BNPL),2
1609,721,2025-06-21,Website,Credit Card,1
1610,1629,2025-07-04,In-Store,Tabby (BNPL),5
1611,2648,2025-03-28,Online App,Credit Card,1
1612,1963,2025-11-30,Online App,Cash on Delivery,1
1613,1603,2025-11-18,In-Store,Cash on Delivery,2
1614,993,2025-09-25,Website,Credit Card,5
1615,1019,2024-08-31,Website,Cash on Delivery,5
1616,2018,2025-07-21,In-Store,Credit Card,2
1617,2985,2025-11-27,Online App,Credit Card,2
1618,1996,2025-05-29,Online App,Cash on Delivery,1
1619,1679,2025-03-28,Online App,Cash on Delivery,2
1620,2194,2025-07-30,Online App,Cash on Delivery,1
1621,1412,2025-01-31,In-Store,Apple Pay,2
1622,172,2024-03-27,Online App,Apple Pay,3
1623,1693,2025-08-09,Online App,Apple Pay,2
1624,2876,2025-09-22,Website,Tabby (BNPL),2
1625,531,2025-12-28,In-Store,Apple Pay,4
1626,2079,2025-06-20,In-Store,Apple Pay,4
1627,616,2025-06-22,In-Store,Cash on Delivery,1
1628,1611,2025-09-05,Online App,Credit Card,1
1629,285,2025-08-21,In-Store,Cash on Delivery,2
1630,1367,2024-07-31,Website,Credit Card,2
1631,2272,2024-10-16,Website,Tabby (BNPL),3
1632,1068,2025-03-08,Website,Credit Card,2
1633,2008,2025-08-18,Online App,Tabby (BNPL),7
1634,2400,2025-11-20,Online App,Tabby (BNPL),2
1635,2779,2025-03-15,Online App,Apple Pay,5
1636,725,2025-12-27,Online App,Apple Pay,2
1637,1214,2024-03-01,Online App,Cash on Delivery,2
1638,460,2025-11-16,Online App,Credit Card,7
1639,2979,2025-09-26,Online App,Tabby (BNPL),2
1640,2778,2025-01-25,Online App,Credit Card,1
1641,1629,2025-07-10,In-Store,Credit Card,5
1642,2530,2025-12-21,Website,Credit Card,3
1643,1564,2025-11-24,Website,Credit Card,2
1644,1879,2025-10-05,In-Store,Tabby (BNPL),3
1645,256,2025-04-03,In-Store,Tabby (BNPL),3
1646,2270,2025-10-03,Online App,Credit Card,1
1647,373,2025-09-08,Online App,Apple Pay,6
1648,2490,2025-10-25,Website,Apple Pay,1
1649,2360,2024-10-02,In-Store,Apple Pay,2
1650,2129,2025-02-13,Website,Tabby (BNPL),1
1651,113,2025-07-09,In-Store,Credit Card,4
1652,921,2025-08-31,Online App,Credit Card,2
1653,801,2024-10-26,Website,Cash on Delivery,1
1654,1102,2025-06-10,Website,Tabby (BNPL),3
1655,255,2025-12-21,Online App,Tabby (BNPL),3
1656,2809,2025-05-26,Website,Tabby (BNPL),1
1657,1666,2025-10-01,Website,Apple Pay,2
1658,929,2024-11-12,Online App,Credit Card,3
1659,1209,2024-09-22,Website,Credit Card,3
1660,1356,2025-12-11,In-Store,Apple Pay,5
1661,1809,2025-07-04,Online App,Credit Card,3
1662,1541,2024-11-07,In-Store,Cash on Delivery,7
1663,2756,2025-05-23,Website,Credit Card,2
1664,1495,2025-12-09,In-Store,Cash on Delivery,4
1665,2978,2025-03-26,In-Store,Cash on Delivery,4
1666,2558,2025-08-01,Online App,Tabby (BNPL),7
1667,640,2025-10-07,Online App,Credit Card,2
1668,2792,2025-03-28,Online App,Tabby (BNPL),1
1669,339,2025-12-28,Online App,Cash on Delivery,4
1670,2466,2024-12-16,Website,Apple Pay,6
1671,1165,2025-03-21,Online App,Cash on Delivery,2
1672,2644,2025-12-30,Online App,Apple Pay,5
1673,2611,2025-04-19,Online App,Apple Pay,1
1674,2432,2025-07-16,In-Store,Credit Card,1
1675,2382,2025-05-14,Website,Cash on Delivery,1
1676,926,2025-03-28,Online App,Credit Card,1
1677,234,2025-12-21,Online App,Cash on Delivery,1
1678,1225,2025-09-23,In-Store,Tabby (BNPL),2
1679,527,2025-12-23,Online App,Tabby (BNPL),1
1680,2095,2025-05-31,Online App,Apple Pay,5
1681,1065,2025-05-11,Website,Tabby (BNPL),2
1682,2929,2024-07-04,Website,Tabby (BNPL),2
1683,1934,2025-09-02,Online App,Apple Pay,3
1684,2478,2024-10-10,In-Store,Cash on Delivery,5
1685,391,2025-11-20,In-Store,Tabby (BNPL),1
1686,2590,2025-05-25,Online App,Tabby (BNPL),1
1687,2765,2025-06-07,In-Store,Apple Pay,2
1688,1468,2025-11-23,Website,Apple Pay,1
1689,1827,2025-09-25,In-Store,Credit Card,2
1690,2301,2025-09-14,Online App,Tabby (BNPL),4
1691,530,2025-07-04,Online App,Cash on Delivery,1
1692,1507,2025-10-23,In-Store,Apple Pay,2
1693,1213,2025-09-16,Website,Apple Pay,3
1694,440,2025-07-09,Online App,Cash on Delivery,1
1695,1124,2025-06-05,Online App,Apple Pay,1
1696,199,2025-03-31,Website,Tabby (BNPL),2
1697,88,2025-04-03,In-Store,Credit Card,3
1698,403,2025-12-28,Website,Tabby (BNPL),3
1699,2896,2025-12-02,Online App,Apple Pay,1
1700,1658,2025-10-11,Online App,Cash on Delivery,6
1701,2904,2025-09-09,Website,Tabby (BNPL),6
1702,1309,2024-08-18,Website,Cash on Delivery,3
1703,951,2025-12-23,Website,Apple Pay,3
1704,1515,2024-11-06,Online App,Cash on Delivery,1
1705,1336,2025-07-31,Online App,Tabby (BNPL),2
1706,312,2025-01-31,Online App,Tabby (BNPL),4
1707,1933,2025-08-23,Website,Apple Pay,2
1708,665,2025-03-18,Online App,Cash on Delivery,5
1709,1867,2025-11-05,Website,Apple Pay,2
1710,1962,2025-07-11,In-Store,Tabby (BNPL),1
1711,458,2025-06-21,Online App,Credit Card,3
1712,176,2025-10-06,Online App,Cash on Delivery,2
1713,2358,2024-09-05,Website,Credit Card,1
1714,1396,2025-03-29,Website,Tabby (BNPL),1
1715,167,2025-07-31,Website,Apple Pay,6
1716,2987,2025-12-30,Online App,Credit Card,3
1717,164,2025-01-15,Online App,Cash on Delivery,2
1718,2095,2025-11-13,Online App,Tabby (BNPL),5
1719,2953,2025-04-03,Online App,Tabby (BNPL),1
1720,737,2025-12-04,Online App,Tabby (BNPL),3
1721,427,2025-12-03,Website,Apple Pay,7
1722,351,2025-09-25,Online App,Tabby (BNPL),2
1723,921,2025-03-18,Website,Cash on Delivery,2
1724,299,2025-12-19,Website,Credit Card,6
1725,2087,2025-08-16,In-Store,Apple Pay,1
1726,179,2025-11-17,Website,Apple Pay,1
1727,1524,2025-11-13,Online App,Apple Pay,1
1728,2992,2025-03-24,Online App,Credit Card,1
1729,2456,2025-12-19,Website,Tabby (BNPL),2
1730,1851,2025-07-04,Website,Credit Card,3
1731,931,2025-11-03,Website,Cash on Delivery,6
1732,1880,2025-10-21,Website,Credit Card,1
1733,1587,2025-03-10,Website,Tabby (BNPL),5
1734,1289,2025-11-19,Website,Credit Card,2
1735,384,2025-04-27,In-Store,Cash on Delivery,1
1736,2667,2025-07-15,Online App,Credit Card,2
1737,1364,2024-11-19,Online App,Cash on Delivery,6
1738,596,2025-09-19,Website,Cash on Delivery,6
1739,1125,2025-02-19,Online App,Apple Pay,1
1740,1252,2025-12-15,In-Store,Cash on Delivery,1
1741,2493,2024-11-08,In-Store,Cash on Delivery,3
1742,2204,2025-08-20,Online App,Tabby (BNPL),1
1743,2320,2025-07-16,Online App,Apple Pay,2
1744,32,2025-02-17,Online App,Credit Card,1
1745,1257,2025-08-17,In-Store,Tabby (BNPL),1
1746,1454,2025-12-14,Online App,Tabby (BNPL),1
1747,61,2025-12-24,Online App,Apple Pay,1
1748,794,2025-01-28,In-Store,Cash on Delivery,4
1749,2287,2025-12-26,Website,Apple Pay,1
1750,410,2025-04-19,Website,Tabby (BNPL),1
1751,1611,2025-12-03,Online App,Apple Pay,1
1752,662,2025-12-10,Online App,Apple Pay,2
1753,36,2025-06-28,Online App,Cash on Delivery,5
1754,743,2025-11-30,Website,Credit Card,1
1755,2929,2025-01-25,Online App,Apple Pay,2
1756,2418,2025-01-23,Online App,Credit Card,1
1757,2883,2025-08-08,Online App,Cash on Delivery,1
1758,1469,2024-04-08,Online App,Cash on Delivery,1
1759,324,2024-11-24,Online App,Tabby (BNPL),1
1760,1652,2025-05-21,Online App,Cash on Delivery,1
1761,1379,2025-09-19,Online App,Credit Card,7
1762,2538,2025-02-23,In-Store,Cash on Delivery,1
1763,288,2025-09-30,In-Store,Apple Pay,3
1764,1470,2025-04-29,Online App,Apple Pay,4
1765,450,2025-02-04,Website,Tabby (BNPL),1
1766,993,2025-10-28,Website,Cash on Delivery,5
1767,2218,2025-11-13,In-Store,Credit Card,1
1768,1443,2024-11-18,Website,Credit Card,1
1769,1152,2025-10-27,Website,Cash on Delivery,3
1770,1205,2025-10-01,Online App,Cash on Delivery,4
1771,1394,2025-06-06,Online App,Cash on Delivery,1
1772,2368,2025-01-07,Online App,Apple Pay,3
1773,2683,2024-08-23,Online App,Credit Card,7
1774,2866,2025-10-10,Online App,Tabby (BNPL),1
1775,2374,2025-08-31,In-Store,Tabby (BNPL),1
1776,961,2025-08-24,Website,Tabby (BNPL),2
1777,2074,2025-04-29,Website,Apple Pay,2
1778,1330,2025-11-28,Website,Apple Pay,1
1779,780,2025-12-24,Online App,Credit Card,1
1780,2529,2025-10-25,Website,Tabby (BNPL),2
1781,118,2025-11-30,Online App,Tabby (BNPL),1
1782,2709,2025-06-08,Website,Cash on Delivery,1
1783,1401,2025-01-10,Website,Tabby (BNPL),1
1784,1923,2025-11-03,Website,Credit Card,1
1785,1989,2025-06-23,In-Store,Cash on Delivery,1
1786,2690,2024-12-30,In-Store,Apple Pay,2
1787,1922,2025-11-22,In-Store,Apple Pay,2
1788,1848,2025-07-05,Website,Credit Card,2
1789,193,2025-08-26,Online App,Tabby (BNPL),5
1790,1555,2025-10-03,Website,Tabby (BNPL),1
1791,450,2024-11-16,Online App,Credit Card,1
1792,2218,2025-10-20,Online App,Credit Card,1
1793,1531,2025-07-12,Online App,Tabby (BNPL),1
1794,2049,2025-12-10,Website,Cash on Delivery,1
1795,123,2025-12-01,Online App,Credit Card,2
1796,247,2025-11-21,Website,Tabby (BNPL),3
1797,2150,2025-10-28,In-Store,Tabby (BNPL),2
1798,212,2025-05-01,Online App,Credit Card,2
1799,209,2024-07-26,Online App,Cash on Delivery,3
1800,36,2025-10-27,Website,Tabby (BNPL),5
1801,2871,2025-04-14,Online App,Credit Card,3
1802,2218,2025-12-01,Online App,Cash on Delivery,1
1803,1082,2024-12-08,In-Store,Cash on Delivery,2
1804,901,2025-10-23,Website,Cash on Delivery,7
1805,1074,2024-07-05,Online App,Cash on Delivery,2
1806,2339,2025-02-23,Online App,Credit Card,6
1807,1994,2025-01-29,Online App,Credit Card,2
1808,567,2025-04-02,Online App,Credit Card,2
1809,528,2025-04-18,Online App,Credit Card,2
1810,290,2025-03-19,Online App,Tabby (BNPL),6
1811,1993,2024-12-14,Online App,Cash on Delivery,1
1812,2298,2025-10-29,Online App,Credit Card,2
1813,806,2024-06-20,In-Store,Tabby (BNPL),1
1814,69,2024-10-18,Website,Cash on Delivery,2
1815,240,2025-12-16,In-Store,Apple Pay,3
1816,2910,2025-08-08,In-Store,Credit Card,1
1817,898,2025-05-05,Website,Tabby (BNPL),1
1818,2320,2025-06-30,Online App,Tabby (BNPL),2
1819,1882,2025-09-17,In-Store,Cash on Delivery,2
1820,1168,2025-06-05,In-Store,Cash on Delivery,2
1821,634,2025-12-27,Online App,Apple Pay,2
1822,351,2025-11-29,Online App,Credit Card,2
1823,1850,2025-12-30,Website,Apple Pay,2
1824,2339,2025-06-05,Website,Cash on Delivery,6
1825,1940,2025-12-09,Website,Credit Card,2
1826,1595,2025-12-27,Online App,Apple Pay,3
1827,124,2025-11-14,In-Store,Tabby (BNPL),7
1828,2912,2025-12-23,Website,Tabby (BNPL),1
1829,2410,2024-12-13,In-Store,Apple Pay,3
1830,891,2025-04-08,Online App,Cash on Delivery,6
1831,2942,2025-06-03,Online App,Apple Pay,2
1832,1813,2025-08-27,Online App,Cash on Delivery,3
1833,1749,2025-07-01,Website,Credit Card,2
1834,2251,2025-09-19,In-Store,Credit Card,1
1835,2447,2024-02-20,Website,Apple Pay,1
1836,1980,2024-09-11,Online App,Apple Pay,1
1837,375,2025-12-06,In-Store,Cash on Delivery,2
1838,1035,2025-12-28,In-Store,Tabby (BNPL),1
1839,2784,2025-08-31,Online App,Tabby (BNPL),2
1840,691,2025-05-30,Online App,Tabby (BNPL),2
1841,1141,2025-06-07,Online App,Tabby (BNPL),1
1842,1309,2024-12-19,Online App,Credit Card,3
1843,1335,2025-11-19,Online App,Apple Pay,1
1844,1846,2025-09-21,Online App,Credit Card,1
1845,2830,2025-10-25,Online App,Cash on Delivery,3
1846,742,2025-08-25,Website,Credit Card,1
1847,351,2025-06-25,Website,Cash on Delivery,2
1848,602,2025-12-23,Online App,Credit Card,2
1849,2669,2025-05-01,Website,Credit Card,2
1850,1947,2025-04-17,Online App,Apple Pay,2
1851,870,2025-10-09,Online App,Cash on Delivery,2
1852,2461,2025-07-06,Online App,Tabby (BNPL),1
1853,2589,2025-11-07,Online App,Cash on Delivery,1
1854,2544,2025-04-24,Online App,Tabby (BNPL),1
1855,2755,2025-07-29,In-Store,Cash on Delivery,2
1856,771,2025-12-25,In-Store,Cash on Delivery,1
1857,2269,2025-10-05,Online App,Tabby (BNPL),1
1858,1399,2024-11-26,In-Store,Apple Pay,1
1859,2530,2025-03-25,Online App,Tabby (BNPL),3
1860,2188,2025-06-15,Website,Credit Card,4
1861,2345,2025-01-26,Online App,Credit Card,1
1862,1979,2025-11-08,Website,Credit Card,3
1863,540,2025-12-05,In-Store,Credit Card,1
1864,1647,2025-12-01,Online App,Credit Card,2
1865,2956,2025-11-10,In-Store,Cash on Delivery,2
1866,2812,2025-05-26,Website,Tabby (BNPL),3
1867,125,2025-11-17,Online App,Tabby (BNPL),1
1868,502,2024-12-01,Online App,Cash on Delivery,1
1869,388,2025-10-29,Online App,Credit Card,2
1870,2182,2025-02-11,Online App,Cash on Delivery,2
1871,2466,2024-06-28,Online App,Tabby (BNPL),6
1872,656,2024-01-23,Website,Credit Card,3
1873,1515,2025-05-17,Online App,Tabby (BNPL),1
1874,2529,2024-04-13,Online App,Cash on Delivery,2
1875,2201,2025-12-28,Website,Tabby (BNPL),4
1876,1637,2024-05-22,Online App,Cash on Delivery,4
1877,1774,2025-11-27,Online App,Cash on Delivery,1
1878,1522,2025-12-09,In-Store,Cash on Delivery,1
1879,905,2025-07-22,Online App,Apple Pay,1
1880,1700,2025-04-08,In-Store,Tabby (BNPL),3
1881,2075,2025-01-18,Online App,Apple Pay,1
1882,2629,2024-11-10,Website,Credit Card,3
1883,1921,2025-03-15,Website,Credit Card,2
1884,2291,2025-11-09,Online App,Credit Card,3
1885,486,2025-12-20,Website,Cash on Delivery,1
1886,1401,2025-07-31,Website,Credit Card,1
1887,26,2025-08-21,Online App,Cash on Delivery,2
1888,759,2025-12-03,Website,Apple Pay,1
1889,2183,2025-10-27,Website,Cash on Delivery,1
1890,2976,2025-11-23,Online App,Credit Card,2
1891,291,2024-05-26,Website,Cash on Delivery,1
1892,1221,2025-12-23,Online App,Credit Card,1
1893,2413,2025-11-06,Website,Cash on Delivery,2
1894,626,2025-09-15,Website,Credit Card,1
1895,1671,2025-10-14,Online App,Cash on Delivery,1
1896,2201,2025-09-14,Online App,Tabby (BNPL),4
1897,1853,2025-02-10,Online App,Credit Card,2
1898,573,2024-03-16,Online App,Credit Card,4
1899,1091,2024-08-18,Website,Credit Card,1
1900,2365,2024-10-13,Online App,Credit Card,1
1901,1668,2024-11-03,Website,Cash on Delivery,1
1902,18,2025-08-07,Online App,Tabby (BNPL),2
1903,2290,2025-10-25,Online App,Apple Pay,1
1904,111,2025-08-28,Online App,Tabby (BNPL),1
1905,2246,2025-09-30,Online App,Tabby (BNPL),3
1906,620,2025-03-18,Website,Cash on Delivery,2
1907,2878,2025-03-29,Online App,Credit Card,7
1908,1126,2025-12-24,Website,Apple Pay,1
1909,1000,2025-12-26,Website,Credit Card,1
1910,447,2024-09-02,Website,Apple Pay,1
1911,930,2024-12-13,Website,Cash on Delivery,1
1912,2642,2025-10-20,Online App,Credit Card,2
1913,2991,2025-04-20,Website,Cash on Delivery,1
1914,1128,2025-03-26,Online App,Credit Card,4
1915,1359,2025-12-08,In-Store,Credit Card,6
1916,2167,2025-10-05,Online App,Cash on Delivery,1
1917,2666,2025-09-07,Online App,Apple Pay,1
1918,1784,2025-11-19,Website,Credit Card,7
1919,1198,2025-09-29,Online App,Apple Pay,2
1920,1249,2025-08-25,In-Store,Apple Pay,1
1921,2097,2025-06-03,Website,Apple Pay,2
1922,12,2025-12-09,Online App,Apple Pay,7
1923,1867,2025-08-02,Online App,Cash on Delivery,2
1924,1092,2025-10-17,Website,Credit Card,1
1925,2397,2025-10-25,Online App,Tabby (BNPL),6
1926,271,2025-09-24,Online App,Tabby (BNPL),2
1927,1770,2024-12-22,In-Store,Credit Card,1
1928,1452,2025-03-31,Online App,Tabby (BNPL),1
1929,1935,2025-02-26,In-Store,Credit Card,2
1930,188,2025-04-01,Online App,Apple Pay,3
1931,1741,2025-01-28,In-Store,Cash on Delivery,7
1932,1690,2025-07-09,Website,Tabby (BNPL),1
1933,1685,2024-10-26,Online App,Cash on Delivery,2
1934,1816,2025-05-19,Website,Credit Card,2
1935,2038,2025-10-18,Online App,Credit Card,3
1936,2428,2024-11-28,Online App,Apple Pay,1
1937,821,2025-07-29,Online App,Tabby (BNPL),3
1938,2488,2025-05-14,In-Store,Tabby (BNPL),6
1939,1496,2024-09-30,Online App,Tabby (BNPL),3
1940,226,2025-09-16,Online App,Cash on Delivery,6
1941,169,2024-10-23,Online App,Cash on Delivery,1
1942,1022,2025-05-13,Website,Tabby (BNPL),2
1943,2367,2025-12-29,Online App,Tabby (BNPL),2
1944,2126,2024-09-03,Website,Cash on Delivery,4
1945,2377,2025-07-14,Online App,Tabby (BNPL),2
1946,1548,2025-06-19,In-Store,Apple Pay,1
1947,1337,2025-10-08,Online App,Apple Pay,2
1948,445,2025-02-06,Online App,Apple Pay,1
1949,1004,2025-12-30,Website,Credit Card,2
1950,1315,2025-11-23,Online App,Credit Card,2
1951,256,2025-07-18,Online App,Apple Pay,3
1952,681,2025-09-27,In-Store,Tabby (BNPL),6
1953,1802,2025-11-08,Website,Cash on Delivery,1
1954,2213,2025-02-28,Online App,Apple Pay,4
1955,2997,2024-07-13,Website,Tabby (BNPL),5
1956,2798,2024-09-21,In-Store,Apple Pay,1
1957,1935,2024-10-02,Website,Apple Pay,2
1958,1272,2024-10-20,Online App,Tabby (BNPL),1
1959,1920,2025-01-30,Online App,Cash on Delivery,4
1960,2370,2025-06-30,Online App,Tabby (BNPL),2
1961,344,2024-12-06,In-Store,Apple Pay,3
1962,1242,2025-06-30,In-Store,Apple Pay,2
1963,2525,2025-11-26,Website,Cash on Delivery,1
1964,1175,2025-12-23,In-Store,Credit Card,3
1965,1717,2025-11-09,Online App,Apple Pay,1
1966,1769,2024-11-05,Website,Credit Card,1
1967,567,2025-12-03,Online App,Tabby (BNPL),2
1968,1108,2025-11-07,Website,Credit Card,2
1969,1024,2025-07-21,Website,Tabby (BNPL),5
1970,90,2024-09-15,Online App,Tabby (BNPL),1
1971,81,2025-09-26,Online App,Credit Card,3
1972,2507,2025-09-08,In-Store,Tabby (BNPL),3
1973,826,2025-12-18,In-Store,Cash on Delivery,1
1974,1553,2025-09-20,Website,Apple Pay,1
1975,908,2025-03-30,Website,Cash on Delivery,3
1976,2821,2025-06-02,Website,Tabby (BNPL),1
1977,793,2025-12-03,Website,Cash on Delivery,1
1978,1301,2025-12-09,Website,Tabby (BNPL),1
1979,2627,2025-12-07,Online App,Cash on Delivery,2
1980,2530,2025-10-29,Website,Cash on Delivery,3
1981,568,2025-11-26,Website,Apple Pay,1
1982,2420,2025-04-11,Online App,Credit Card,1
1983,1393,2025-12-13,Online App,Tabby (BNPL),2
1984,1457,2025-10-31,Online App,Tabby (BNPL),1
1985,394,2025-01-16,Online App,Credit Card,4
1986,233,2024-12-25,Website,Tabby (BNPL),2
1987,2188,2025-11-14,Website,Cash on Delivery,4
1988,1494,2025-09-20,In-Store,Credit Card,1
1989,1327,2025-10-21,Website,Tabby (BNPL),2
1990,2189,2025-12-06,Online App,Tabby (BNPL),2
1991,2305,2025-09-26,In-Store,Cash on Delivery,1
1992,480,2025-11-15,Website,Credit Card,1
1993,1838,2025-12-24,Online App,Cash on Delivery,2
1994,404,2025-05-28,Online App,Tabby (BNPL),1
1995,2259,2025-10-20,Online App,Apple Pay,1
1996,1981,2025-02-22,Online App,Tabby (BNPL),2
1997,2872,2025-12-30,In-Store,Apple Pay,3
1998,202,2025-01-22,Website,Cash on Delivery,4
1999,164,2024-10-30,Online App,Apple Pay,2
2000,855,2025-11-23,Online App,Cash on Delivery,5
2001,799,2025-05-10,Website,Cash on Delivery,6
2002,759,2025-11-09,Online App,Cash on Delivery,1
2003,2717,2025-11-16,Online App,Credit Card,2
2004,767,2025-04-13,Online App,Apple Pay,2
2005,825,2025-11-05,In-Store,Apple Pay,1
2006,2285,2025-07-08,Online App,Apple Pay,4
2007,1364,2025-08-03,Online App,Credit Card,6
2008,2346,2025-10-30,Website,Credit Card,1
2009,189,2024-10-14,In-Store,Credit Card,2
2010,1469,2025-07-28,Website,Tabby (BNPL),1
2011,108,2025-12-14,Online App,Apple Pay,2
2012,181,2025-08-26,Online App,Credit Card,4
2013,2717,2025-09-06,Online App,Apple Pay,2
2014,416,2025-01-29,Website,Apple Pay,1
2015,1600,2025-11-15,Website,Apple Pay,1
2016,1246,2025-06-19,Online App,Credit Card,1
2017,1067,2024-08-07,Website,Tabby (BNPL),6
2018,2701,2025-12-07,Online App,Credit Card,1
2019,72,2025-05-26,Online App,Credit Card,5
2020,2003,2025-05-29,In-Store,Tabby (BNPL),2
2021,2897,2025-11-13,In-Store,Cash on Delivery,1
2022,1684,2025-11-18,Online App,Apple Pay,2
2023,2809,2025-05-02,Website,Tabby (BNPL),1
2024,151,2025-11-22,Online App,Credit Card,7
2025,1267,2025-09-08,Website,Credit Card,1
2026,796,2024-12-09,In-Store,Apple Pay,2
2027,2195,2025-02-13,Website,Tabby (BNPL),5
2028,2948,2025-09-26,Website,Cash on Delivery,2
2029,785,2025-12-11,Online App,Apple Pay,2
2030,1973,2025-12-28,Online App,Credit Card,7
2031,604,2025-12-07,Website,Credit Card,2
2032,1702,2025-05-11,In-Store,Credit Card,1
2033,1407,2025-03-30,Online App,Credit Card,1
2034,2919,2025-02-12,Online App,Cash on Delivery,2
2035,1832,2025-11-07,Online App,Apple Pay,2
2036,1073,2025-12-31,Online App,Cash on Delivery,2
2037,332,2025-09-09,In-Store,Tabby (BNPL),1
2038,454,2025-12-11,Website,Cash on Delivery,1
2039,692,2024-12-07,Website,Credit Card,2
2040,769,2025-08-28,Online App,Apple Pay,6
2041,2556,2025-09-05,Website,Cash on Delivery,3
2042,1688,2024-12-16,Online App,Credit Card,5
2043,1574,2025-06-12,Website,Credit Card,1
2044,335,2025-11-29,In-Store,Tabby (BNPL),1
2045,2584,2025-08-11,In-Store,Cash on Delivery,2
2046,2168,2025-07-11,In-Store,Credit Card,4
2047,197,2024-09-01,Online App,Tabby (BNPL),1
2048,2126,2024-07-22,Online App,Apple Pay,4
2049,1641,2025-02-25,Website,Credit Card,1
2050,237,2025-02-02,Website,Credit Card,1
2051,1393,2025-12-21,Website,Tabby (BNPL),2
2052,1460,2025-09-17,Website,Credit Card,1
2053,507,2025-10-30,In-Store,Tabby (BNPL),1
2054,2836,2024-11-08,In-Store,Cash on Delivery,4
2055,2553,2025-08-27,Online App,Apple Pay,1
2056,2017,2025-09-01,In-Store,Cash on Delivery,3
2057,1405,2025-08-18,Online App,Tabby (BNPL),1
2058,1248,2025-04-01,In-Store,Tabby (BNPL),1
2059,1963,2025-12-06,Online App,Cash on Delivery,1
2060,1647,2025-01-29,Website,Tabby (BNPL),2
2061,179,2025-10-20,Website,Credit Card,1
2062,1533,2024-12-09,Website,Tabby (BNPL),1
2063,2433,2025-07-04,Online App,Tabby (BNPL),1
2064,1394,2025-10-24,Website,Tabby (BNPL),1
2065,150,2025-08-25,Online App,Apple Pay,2
2066,2372,2025-10-28,In-Store,Apple Pay,1
2067,616,2025-10-26,Online App,Cash on Delivery,1
2068,789,2025-07-09,Online App,Cash on Delivery,2
2069,501,2025-09-01,Online App,Cash on Delivery,4
2070,1012,2025-12-07,In-Store,Cash on Delivery,3
2071,2274,2025-10-22,Website,Tabby (BNPL),2
2072,1557,2024-08-17,Online App,Tabby (BNPL),2
2073,630,2025-11-13,Online App,Credit Card,1
2074,2644,2025-08-25,Online App,Apple Pay,5
2075,2648,2025-07-16,Website,Tabby (BNPL),1
2076,2619,2025-11-04,Online App,Tabby (BNPL),1
2077,736,2025-06-29,Online App,Cash on Delivery,1
2078,1370,2024-11-01,Online App,Apple Pay,7
2079,2957,2025-05-21,In-Store,Apple Pay,2
2080,2332,2025-02-26,Online App,Apple Pay,2
2081,91,2025-06-06,Online App,Credit Card,5
2082,188,2024-09-25,Online App,Credit Card,3
2083,1407,2025-09-06,Online App,Cash on Delivery,1
2084,2726,2025-10-30,In-Store,Cash on Delivery,4
2085,1622,2025-08-21,Online App,Cash on Delivery,1
2086,1496,2025-04-08,Website,Credit Card,3
2087,311,2025-12-06,Online App,Credit Card,3
2088,1981,2024-09-12,Online App,Tabby (BNPL),2
2089,2478,2024-03-30,Website,Apple Pay,5
2090,1165,2024-08-26,Website,Credit Card,2
2091,2342,2025-03-12,Website,Credit Card,1
2092,2900,2025-07-17,Online App,Apple Pay,1
2093,626,2025-07-28,Online App,Credit Card,1
2094,1574,2024-12-25,Website,Tabby (BNPL),1
2095,875,2025-11-10,Website,Credit Card,2
2096,2390,2025-10-15,Website,Cash on Delivery,2
2097,1736,2025-11-16,In-Store,Apple Pay,6
2098,1917,2025-06-01,Website,Tabby (BNPL),2
2099,2409,2025-09-01,Online App,Cash on Delivery,1
2100,1207,2024-12-14,Online App,Apple Pay,1
2101,2743,2025-08-18,Online App,Apple Pay,1
2102,1603,2025-10-08,Website,Apple Pay,2
2103,475,2025-01-25,In-Store,Cash on Delivery,5
2104,2097,2025-08-25,Online App,Cash on Delivery,2
2105,2392,2025-12-27,Online App,Cash on Delivery,2
2106,966,2025-06-14,Online App,Credit Card,2
2107,2574,2025-06-03,Website,Cash on Delivery,2
2108,2717,2025-12-26,In-Store,Tabby (BNPL),2
2109,840,2025-03-15,In-Store,Credit Card,1
2110,2953,2025-06-18,In-Store,Credit Card,1
2111,422,2025-08-25,In-Store,Apple Pay,2
2112,618,2025-11-20,Online App,Credit Card,1
2113,566,2025-12-25,Website,Cash on Delivery,1
2114,2688,2024-11-17,Online App,Apple Pay,5
2115,1973,2024-07-07,Online App,Credit Card,7
2116,458,2025-07-02,Online App,Apple Pay,3
2117,1337,2025-09-16,Online App,Tabby (BNPL),2
2118,1851,2025-10-30,Online App,Cash on Delivery,3
2119,243,2024-12-14,Website,Cash on Delivery,5
2120,2655,2025-01-03,Online App,Credit Card,1
2121,2423,2025-08-28,Online App,Credit Card,2
2122,1513,2025-02-22,Website,Credit Card,2
2123,2908,2025-09-26,Website,Credit Card,3
2124,1264,2025-02-02,Online App,Cash on Delivery,1
2125,2954,2025-11-03,Online App,Credit Card,2
2126,2013,2025-03-02,Online App,Cash on Delivery,1
2127,1918,2025-06-08,Online App,Tabby (BNPL),7
2128,508,2025-01-07,Website,Credit Card,1
2129,2652,2025-12-18,In-Store,Apple Pay,1
2130,1291,2025-09-03,Website,Apple Pay,5
2131,492,2025-08-26,Website,Credit Card,2
2132,36,2025-10-07,Website,Credit Card,5
2133,1683,2025-11-22,Online App,Apple Pay,1
2134,1587,2025-11-27,Website,Tabby (BNPL),5
2135,2156,2025-05-19,Online App,Credit Card,3
2136,2677,2025-11-09,In-Store,Tabby (BNPL),3
2137,230,2024-08-30,In-Store,Credit Card,1
2138,2197,2025-12-18,Online App,Tabby (BNPL),3
2139,570,2025-11-26,Online App,Credit Card,1
2140,2575,2025-03-19,Website,Tabby (BNPL),1
2141,2468,2025-10-14,In-Store,Tabby (BNPL),1
2142,1633,2025-10-23,Website,Credit Card,2
2143,2133,2025-03-23,Online App,Cash on Delivery,3
2144,957,2024-11-12,Website,Cash on Delivery,4
2145,1426,2025-06-09,Online App,Cash on Delivery,1
2146,2478,2025-07-25,Website,Tabby (BNPL),5
2147,1394,2025-07-16,In-Store,Apple Pay,1
2148,1097,2025-07-02,Website,Tabby (BNPL),1
2149,1487,2025-10-14,Website,Credit Card,2
2150,2495,2025-02-18,Website,Apple Pay,1
2151,1027,2025-02-17,Online App,Credit Card,3
2152,528,2024-03-22,In-Store,Tabby (BNPL),2
2153,2139,2025-09-05,In-Store,Credit Card,3
2154,2490,2025-06-29,Online App,Tabby (BNPL),1
2155,297,2025-04-15,In-Store,Tabby (BNPL),3
2156,739,2025-07-11,Website,Credit Card,1
2157,426,2025-10-13,In-Store,Tabby (BNPL),1
2158,1069,2025-10-29,In-Store,Cash on Delivery,6
2159,1367,2025-01-14,In-Store,Credit Card,2
2160,2252,2025-12-21,Online App,Cash on Delivery,1
2161,1963,2025-11-16,Website,Cash on Delivery,1
2162,1872,2025-04-20,Online App,Apple Pay,2
2163,1080,2025-05-05,Website,Credit Card,3
2164,2530,2025-07-30,In-Store,Credit Card,3
2165,1427,2024-02-03,Online App,Tabby (BNPL),2
2166,2939,2025-12-15,Online App,Tabby (BNPL),1
2167,1915,2025-03-31,Website,Apple Pay,3
2168,367,2025-02-17,Website,Apple Pay,3
2169,2038,2025-05-04,Website,Tabby (BNPL),3
2170,996,2024-05-31,Online App,Credit Card,3
2171,2068,2025-09-11,Online App,Apple Pay,1
2172,203,2025-09-16,Online App,Tabby (BNPL),2
2173,531,2025-12-25,Website,Credit Card,4
2174,2572,2025-08-21,Online App,Credit Card,2
2175,699,2025-05-06,Online App,Credit Card,2
2176,2516,2024-09-05,Online App,Apple Pay,2
2177,847,2024-05-08,Online App,Cash on Delivery,6
2178,1936,2025-11-25,Online App,Credit Card,1
2179,2093,2025-10-01,Online App,Apple Pay,2
2180,1533,2025-07-27,Online App,Cash on Delivery,1
2181,928,2024-11-22,Website,Tabby (BNPL),1
2182,654,2025-07-05,Website,Tabby (BNPL),1
2183,107,2025-05-10,Online App,Cash on Delivery,3
2184,924,2025-03-22,In-Store,Apple Pay,1
2185,1970,2025-08-16,In-Store,Cash on Delivery,1
2186,2813,2024-08-04,Website,Credit Card,4
2187,2619,2025-01-13,Website,Cash on Delivery,1
2188,2308,2025-01-27,Website,Cash on Delivery,1
2189,2377,2025-12-12,Online App,Credit Card,2
2190,2008,2025-10-14,Online App,Tabby (BNPL),7
2191,796,2025-05-22,Online App,Cash on Delivery,2
2192,2720,2025-06-29,Online App,Tabby (BNPL),5
2193,2023,2025-12-21,Website,Apple Pay,1
2194,1685,2025-03-31,Website,Tabby (BNPL),2
2195,326,2025-08-12,In-Store,Credit Card,1
2196,1355,2025-02-23,In-Store,Credit Card,1
2197,1398,2025-04-09,Website,Cash on Delivery,7
2198,2599,2025-08-09,In-Store,Credit Card,2
2199,1650,2025-11-25,Online App,Cash on Delivery,1
2200,1165,2024-02-25,Online App,Tabby (BNPL),2
2201,2932,2025-04-21,Online App,Credit Card,3
2202,326,2025-11-06,Website,Credit Card,1
2203,1277,2025-11-01,Online App,Credit Card,1
2204,124,2025-10-14,Online App,Tabby (BNPL),7
2205,2225,2025-07-09,Website,Apple Pay,2
2206,2753,2025-05-06,Online App,Tabby (BNPL),4
2207,847,2024-02-11,In-Store,Tabby (BNPL),6
2208,2576,2025-12-24,Website,Apple Pay,1
2209,891,2024-08-22,Website,Tabby (BNPL),6
2210,2731,2025-06-24,Online App,Tabby (BNPL),2
2211,2267,2025-12-23,Website,Cash on Delivery,1
2212,2428,2025-07-09,Website,Cash on Delivery,1
2213,56,2025-05-26,Online App,Credit Card,1
2214,2895,2025-12-01,Website,Credit Card,7
2215,2183,2025-08-11,Website,Cash on Delivery,1
2216,927,2025-11-15,Online App,Credit Card,2
2217,2497,2025-06-18,Online App,Cash on Delivery,2
2218,854,2025-12-30,Website,Cash on Delivery,1
2219,2627,2025-10-20,Online App,Tabby (BNPL),2
2220,328,2024-05-08,Website,Tabby (BNPL),2
2221,2116,2024-08-30,Online App,Tabby (BNPL),2
2222,1633,2025-10-08,In-Store,Apple Pay,2
2223,285,2024-05-24,Online App,Credit Card,2
2224,744,2025-02-01,Online App,Apple Pay,1
2225,36,2025-07-18,Online App,Credit Card,5
2226,1418,2025-01-18,Online App,Tabby (BNPL),1
2227,916,2025-07-19,In-Store,Apple Pay,3
2228,1802,2025-12-09,Website,Apple Pay,1
2229,904,2025-04-30,Website,Apple Pay,1
2230,913,2025-07-22,Website,Cash on Delivery,4
2231,2237,2025-11-02,Online App,Credit Card,2
2232,140,2024-06-07,In-Store,Apple Pay,2
2233,2711,2025-05-28,In-Store,Tabby (BNPL),1
2234,2563,2025-05-25,In-Store,Credit Card,3
2235,2013,2024-11-20,Online App,Cash on Delivery,1
2236,1785,2025-12-12,In-Store,Credit Card,1
2237,2683,2024-06-22,Online App,Credit Card,7
2238,568,2025-10-26,Website,Apple Pay,1
2239,230,2024-12-13,Online App,Credit Card,1
2240,738,2025-03-07,Website,Credit Card,1
2241,2398,2025-10-15,Online App,Tabby (BNPL),3
2242,109,2025-12-09,Online App,Cash on Delivery,2
2243,1751,2024-04-26,In-Store,Credit Card,1
2244,2990,2025-10-27,Website,Apple Pay,3
2245,2572,2025-03-10,Online App,Credit Card,2
2246,1566,2025-12-29,Website,Apple Pay,6
2247,184,2024-09-30,In-Store,Credit Card,2
2248,2505,2025-07-08,Website,Tabby (BNPL),1
2249,1804,2025-02-23,Website,Cash on Delivery,1
2250,336,2025-12-04,Website,Tabby (BNPL),1
2251,274,2025-11-29,Website,Cash on Delivery,3
2252,2728,2025-12-02,Online App,Tabby (BNPL),2
2253,2017,2025-02-22,Online App,Credit Card,3
2254,2497,2025-10-06,Online App,Cash on Delivery,2
2255,2646,2025-11-14,Website,Tabby (BNPL),3
2256,1717,2025-10-07,Online App,Cash on Delivery,1
2257,1549,2025-08-30,Online App,Credit Card,2
2258,1304,2025-12-27,In-Store,Tabby (BNPL),2
2259,967,2025-12-04,Website,Tabby (BNPL),3
2260,1316,2025-11-17,Online App,Cash on Delivery,1
2261,2336,2024-06-26,Online App,Cash on Delivery,4
2262,1813,2025-04-29,Online App,Tabby (BNPL),3
2263,2684,2025-11-03,Website,Tabby (BNPL),5
2264,1349,2025-05-18,In-Store,Credit Card,4
2265,1828,2025-08-21,In-Store,Cash on Delivery,2
2266,1903,2025-10-03,Online App,Credit Card,2
2267,1779,2025-08-24,Online App,Cash on Delivery,1
2268,2115,2025-04-11,Online App,Tabby (BNPL),3
2269,734,2025-11-29,Online App,Apple Pay,1
2270,1532,2025-12-09,Online App,Cash on Delivery,1
2271,308,2025-05-27,Website,Cash on Delivery,5
2272,1177,2025-11-05,Online App,Credit Card,1
2273,1469,2024-07-08,Website,Apple Pay,1
2274,1967,2025-06-29,Online App,Credit Card,1
2275,2848,2025-08-08,Online App,Apple Pay,2
2276,1810,2024-12-14,Online App,Credit Card,2
2277,2239,2025-07-25,Website,Apple Pay,1
2278,1516,2024-02-29,Website,Tabby (BNPL),7
2279,1915,2025-03-08,Online App,Tabby (BNPL),3
2280,207,2025-11-22,Online App,Apple Pay,1
2281,778,2024-08-11,In-Store,Apple Pay,1
2282,1106,2025-11-03,Website,Apple Pay,2
2283,1430,2025-08-04,In-Store,Apple Pay,1
2284,132,2025-11-09,Online App,Tabby (BNPL),7
2285,418,2024-09-05,Website,Tabby (BNPL),1
2286,840,2025-01-15,Website,Apple Pay,1
2287,2919,2025-10-31,Website,Apple Pay,2
2288,1013,2025-05-06,Online App,Credit Card,1
2289,1456,2025-12-29,Website,Credit Card,1
2290,600,2025-05-11,Online App,Cash on Delivery,3
2291,1841,2024-10-08,Online App,Cash on Delivery,1
2292,851,2024-07-23,In-Store,Credit Card,3
2293,638,2025-10-11,In-Store,Apple Pay,1
2294,1546,2025-12-21,Website,Apple Pay,1
2295,18,2025-09-07,Online App,Apple Pay,2
2296,23,2024-08-28,Online App,Credit Card,1
2297,675,2025-10-06,In-Store,Cash on Delivery,3
2298,116,2025-07-20,Online App,Tabby (BNPL),1
2299,320,2024-10-03,Website,Tabby (BNPL),5
2300,1037,2025-07-09,Website,Credit Card,1
2301,2420,2025-07-21,In-Store,Credit Card,1
2302,1718,2024-09-22,Website,Apple Pay,3
2303,1533,2025-01-09,Online App,Credit Card,1
2304,893,2025-12-07,Website,Apple Pay,2
2305,2794,2025-06-21,Online App,Apple Pay,5
2306,1209,2024-05-06,Online App,Credit Card,3
2307,253,2025-05-25,Online App,Credit Card,2
2308,1859,2025-12-07,Online App,Apple Pay,7
2309,330,2025-11-16,Website,Cash on Delivery,2
2310,1063,2024-12-25,Online App,Cash on Delivery,4
2311,1521,2025-12-11,Online App,Credit Card,1
2312,2632,2025-12-14,Online App,Apple Pay,3
2313,1485,2025-04-15,Online App,Credit Card,2
2314,2114,2024-10-22,Online App,Apple Pay,2
2315,2979,2025-11-28,Website,Tabby (BNPL),2
2316,388,2025-10-27,Online App,Tabby (BNPL),2
2317,833,2025-04-27,Online App,Apple Pay,5
2318,1205,2025-12-22,Website,Cash on Delivery,4
2319,1273,2025-03-10,In-Store,Cash on Delivery,3
2320,1246,2025-01-12,Online App,Credit Card,1
2321,2722,2024-12-23,Website,Apple Pay,2
2322,2145,2025-06-25,Online App,Cash on Delivery,1
2323,1830,2025-12-14,In-Store,Credit Card,2
2324,941,2025-12-13,Online App,Apple Pay,2
2325,2483,2025-10-29,Website,Cash on Delivery,1
2326,2865,2024-06-24,In-Store,Credit Card,5
2327,2475,2025-12-10,Website,Apple Pay,1
2328,6,2025-10-26,Online App,Cash on Delivery,1
2329,1922,2025-12-12,Online App,Apple Pay,2
2330,145,2025-11-13,Online App,Apple Pay,7
2331,787,2025-02-10,Online App,Credit Card,3
2332,170,2024-09-28,Online App,Credit Card,2
2333,1817,2025-10-27,Website,Apple Pay,1
2334,2069,2025-01-26,Online App,Tabby (BNPL),2
2335,334,2025-07-13,Online App,Credit Card,1
2336,1175,2025-12-26,Online App,Cash on Delivery,3
2337,1386,2025-09-22,Online App,Credit Card,1
2338,1130,2025-11-22,Website,Tabby (BNPL),1
2339,350,2025-02-01,Website,Credit Card,2
2340,1267,2025-03-13,Online App,Credit Card,1
2341,2258,2025-11-01,Online App,Apple Pay,3
2342,207,2025-06-27,Online App,Cash on Delivery,1
2343,232,2025-12-27,In-Store,Cash on Delivery,1
2344,1088,2025-10-04,Website,Cash on Delivery,5
2345,2825,2025-01-02,Website,Credit Card,6
2346,2015,2025-07-21,Online App,Credit Card,1
2347,2042,2024-10-25,Website,Tabby (BNPL),2
2348,1106,2025-05-27,Website,Apple Pay,2
2349,1786,2025-09-13,Website,Tabby (BNPL),2
2350,31,2025-12-04,Online App,Credit Card,4
2351,1920,2025-04-15,In-Store,Tabby (BNPL),4
2352,2739,2025-12-17,In-Store,Apple Pay,2
2353,1845,2025-04-21,Online App,Tabby (BNPL),1
2354,2631,2025-09-23,Website,Cash on Delivery,1
2355,2174,2025-12-23,Online App,Cash on Delivery,2
2356,350,2025-07-05,Website,Apple Pay,2
2357,2710,2025-12-20,Website,Cash on Delivery,1
2358,192,2025-04-17,Website,Tabby (BNPL),1
2359,1607,2025-12-29,In-Store,Tabby (BNPL),1
2360,427,2025-12-22,Online App,Tabby (BNPL),7
2361,34,2024-07-18,Online App,Credit Card,3
2362,1274,2025-09-22,Website,Tabby (BNPL),3
2363,896,2025-12-17,Online App,Tabby (BNPL),2
2364,1464,2024-11-28,In-Store,Tabby (BNPL),2
2365,1735,2025-09-30,Website,Cash on Delivery,1
2366,126,2025-12-26,Website,Cash on Delivery,2
2367,358,2025-07-09,Online App,Credit Card,2
2368,1681,2025-12-28,Online App,Cash on Delivery,1
2369,1052,2025-08-23,Online App,Tabby (BNPL),7
2370,2189,2025-10-08,Website,Cash on Delivery,2
2371,1967,2025-10-11,Online App,Tabby (BNPL),1
2372,2541,2024-11-03,Online App,Apple Pay,1
2373,2088,2025-05-20,Online App,Apple Pay,3
2374,1303,2025-12-30,In-Store,Cash on Delivery,1
2375,2030,2025-12-28,In-Store,Credit Card,3
2376,836,2025-12-27,Online App,Credit Card,3
2377,931,2025-10-11,Online App,Credit Card,6
2378,2379,2025-12-08,Website,Apple Pay,1
2379,1355,2025-08-08,In-Store,Tabby (BNPL),1
2380,2410,2024-08-14,Website,Tabby (BNPL),3
2381,2478,2025-10-07,Website,Credit Card,5
2382,2575,2025-03-30,Website,Apple Pay,1
2383,2750,2025-12-12,In-Store,Apple Pay,1
2384,1307,2025-12-12,Online App,Credit Card,2
2385,974,2024-09-28,Website,Apple Pay,1
2386,1749,2025-11-10,Website,Tabby (BNPL),2
2387,1137,2025-11-22,Website,Credit Card,2
2388,1810,2025-07-13,Online App,Tabby (BNPL),2
2389,2122,2025-01-02,In-Store,Tabby (BNPL),1
2390,2075,2025-01-19,In-Store,Apple Pay,1
2391,1149,2025-12-24,Online App,Apple Pay,5
2392,513,2025-09-30,Online App,Credit Card,7
2393,1304,2025-04-19,Online App,Tabby (BNPL),2
2394,428,2025-07-16,Website,Apple Pay,2
2395,2677,2025-11-28,In-Store,Tabby (BNPL),3
2396,1065,2025-10-27,In-Store,Credit Card,2
2397,466,2025-06-30,Website,Tabby (BNPL),1
2398,86,2025-05-07,Online App,Apple Pay,3
2399,1947,2025-10-21,Website,Tabby (BNPL),2
2400,1923,2025-01-09,Online App,Cash on Delivery,1
2401,1044,2025-11-01,Online App,Tabby (BNPL),2
2402,211,2025-10-13,Online App,Tabby (BNPL),2
2403,1242,2025-06-06,Online App,Tabby (BNPL),2
2404,947,2025-02-14,Online App,Credit Card,1
2405,2039,2025-02-18,Online App,Credit Card,1
2406,1824,2025-05-11,Website,Cash on Delivery,1
2407,1115,2024-08-10,Online App,Cash on Delivery,1
2408,671,2024-11-25,Online App,Cash on Delivery,5
2409,2966,2025-09-08,Online App,Credit Card,1
2410,1378,2025-12-03,Online App,Apple Pay,5
2411,2075,2025-08-06,Online App,Credit Card,1
2412,421,2025-12-24,Website,Credit Card,2
2413,1461,2025-05-10,Online App,Apple Pay,3
2414,92,2025-12-15,Online App,Apple Pay,1
2415,1513,2025-12-17,Website,Credit Card,2
2416,2899,2025-11-19,Online App,Cash on Delivery,5
2417,1176,2025-12-17,Website,Credit Card,2
2418,119,2025-10-16,Online App,Apple Pay,1
2419,103,2025-09-09,Website,Credit Card,2
2420,1189,2025-12-11,Website,Apple Pay,1
2421,486,2025-12-23,Online App,Credit Card,1
2422,78,2025-10-16,Online App,Apple Pay,1
2423,2272,2025-10-25,Website,Credit Card,3
2424,1393,2025-12-23,Online App,Cash on Delivery,2
2425,880,2024-10-17,Online App,Apple Pay,4
2426,2701,2025-11-22,In-Store,Apple Pay,1
2427,338,2025-09-11,Website,Tabby (BNPL),1
2428,2869,2025-07-25,Online App,Tabby (BNPL),3
2429,956,2025-09-30,In-Store,Tabby (BNPL),2
2430,2672,2025-03-01,Online App,Cash on Delivery,1
2431,1816,2024-11-05,Website,Apple Pay,2
2432,2491,2025-12-15,Website,Credit Card,3
2433,2954,2025-12-10,Online App,Cash on Delivery,2
2434,879,2025-12-01,Website,Cash on Delivery,5
2435,2890,2025-02-11,In-Store,Apple Pay,1
2436,1193,2025-01-08,Online App,Credit Card,1
2437,1181,2025-07-22,Online App,Cash on Delivery,1
2438,1044,2025-09-15,Online App,Cash on Delivery,2
2439,1635,2025-10-28,Website,Apple Pay,3
2440,465,2025-02-15,Website,Cash on Delivery,2
2441,1666,2025-11-28,Online App,Cash on Delivery,2
2442,1636,2025-04-03,Online App,Apple Pay,1
2443,2294,2025-06-14,Website,Tabby (BNPL),1
2444,2511,2025-06-29,Website,Credit Card,1
2445,1338,2025-07-13,Online App,Cash on Delivery,1
2446,920,2025-09-30,Website,Tabby (BNPL),3
2447,793,2025-12-09,Website,Credit Card,1
2448,596,2025-10-09,In-Store,Apple Pay,6
2449,164,2024-11-23,Online App,Tabby (BNPL),2
2450,1049,2025-11-01,Online App,Credit Card,1
2451,821,2024-12-11,Online App,Apple Pay,3
2452,2907,2025-06-20,Website,Apple Pay,1
2453,1679,2025-07-27,Website,Tabby (BNPL),2
2454,1067,2024-01-27,Website,Tabby (BNPL),6
2455,1744,2025-12-12,Website,Tabby (BNPL),1
2456,416,2024-08-07,Online App,Tabby (BNPL),1
2457,1350,2025-07-12,Website,Apple Pay,1
2458,1889,2025-11-22,Online App,Credit Card,7
2459,1473,2025-10-17,Website,Apple Pay,2
2460,1222,2025-01-18,In-Store,Tabby (BNPL),1
2461,2983,2025-05-07,Website,Cash on Delivery,2
2462,2648,2025-02-07,Online App,Tabby (BNPL),1
2463,1878,2025-04-27,Online App,Cash on Delivery,2
2464,1714,2025-11-26,In-Store,Tabby (BNPL),6
2465,1872,2025-07-03,Online App,Credit Card,2
2466,616,2025-12-21,Online App,Cash on Delivery,1
2467,1205,2025-12-23,Website,Cash on Delivery,4
2468,120,2025-12-28,Online App,Cash on Delivery,2
2469,1442,2025-05-05,Website,Cash on Delivery,2
2470,1639,2025-11-21,Online App,Tabby (BNPL),1
2471,701,2025-06-16,Online App,Cash on Delivery,4
2472,2899,2025-12-21,Online App,Cash on Delivery,5
2473,2728,2025-11-18,In-Store,Apple Pay,2
2474,2167,2024-09-10,Website,Tabby (BNPL),1
2475,1604,2024-10-25,Online App,Credit Card,6
2476,2616,2025-11-29,In-Store,Credit Card,2
2477,384,2025-09-22,In-Store,Apple Pay,1
2478,2383,2025-11-04,Online App,Cash on Delivery,1
2479,361,2025-10-08,Online App,Cash on Delivery,1
2480,2397,2025-10-09,In-Store,Credit Card,6
2481,838,2025-11-30,Website,Apple Pay,2
2482,2643,2025-07-14,In-Store,Cash on Delivery,1
2483,2832,2025-12-23,Online App,Cash on Delivery,1
2484,446,2025-02-19,Online App,Credit Card,1
2485,1406,2024-04-19,In-Store,Tabby (BNPL),2
2486,2947,2025-10-24,Online App,Cash on Delivery,1
2487,1457,2025-11-15,In-Store,Cash on Delivery,1
2488,2595,2024-06-22,Website,Credit Card,1
2489,1770,2024-12-30,Online App,Apple Pay,1
2490,1151,2025-11-29,Website,Cash on Delivery,2
2491,869,2025-11-11,Website,Apple Pay,2
2492,623,2025-06-30,Website,Apple Pay,1
2493,2293,2025-11-06,Website,Cash on Delivery,4
2494,1185,2024-07-11,In-Store,Credit Card,3
2495,1529,2025-08-17,Website,Credit Card,4
2496,1480,2025-12-25,Online App,Credit Card,3
2497,1735,2025-02-03,Website,Cash on Delivery,1
2498,2603,2025-04-09,Online App,Credit Card,5
2499,2945,2025-11-16,Online App,Apple Pay,6
2500,1237,2024-10-03,In-Store,Credit Card,2
2501,2493,2024-04-30,In-Store,Tabby (BNPL),3
2502,2299,2025-06-24,Online App,Credit Card,3
2503,1725,2024-04-09,Website,Cash on Delivery,3
2504,2870,2025-08-19,Online App,Cash on Delivery,3
2505,614,2025-12-28,Online App,Apple Pay,1
2506,323,2025-08-16,In-Store,Tabby (BNPL),2
2507,2566,2025-02-28,Online App,Cash on Delivery,2
2508,1334,2025-07-23,Online App,Apple Pay,6
2509,2546,2025-07-06,Online App,Cash on Delivery,2
2510,2687,2025-09-23,Website,Cash on Delivery,1
2511,180,2025-12-06,Website,Tabby (BNPL),7
2512,2659,2025-04-08,Website,Credit Card,2
2513,1359,2025-11-13,Website,Apple Pay,6
2514,1526,2025-07-19,Website,Cash on Delivery,7
2515,1890,2024-05-14,In-Store,Apple Pay,2
2516,2775,2025-09-11,In-Store,Tabby (BNPL),1
2517,61,2025-02-24,Online App,Cash on Delivery,1
2518,1444,2024-04-01,Website,Tabby (BNPL),2
2519,2072,2025-10-14,Website,Apple Pay,2
2520,2167,2025-07-20,Online App,Tabby (BNPL),1
2521,2088,2025-04-19,Online App,Cash on Delivery,3
2522,399,2025-12-26,Online App,Tabby (BNPL),1
2523,911,2025-08-22,In-Store,Cash on Delivery,3
2524,1098,2025-11-21,Online App,Cash on Delivery,1
2525,2425,2025-12-29,Website,Apple Pay,2
2526,846,2025-04-14,Online App,Credit Card,2
2527,651,2025-10-22,Website,Apple Pay,1
2528,2875,2024-08-08,Website,Cash on Delivery,7
2529,25,2025-04-11,Online App,Cash on Delivery,6
2530,2996,2025-11-25,Online App,Tabby (BNPL),5
2531,2038,2025-06-21,Online App,Cash on Delivery,3
2532,2495,2025-04-11,Online App,Credit Card,1
2533,895,2025-09-13,Online App,Apple Pay,1
2534,44,2025-07-31,Online App,Credit Card,1
2535,2220,2025-12-28,Online App,Credit Card,4
2536,2511,2025-07-13,In-Store,Apple Pay,1
2537,2227,2025-07-06,Online App,Cash on Delivery,2
2538,429,2025-12-20,Online App,Credit Card,1
2539,2264,2025-05-25,Online App,Apple Pay,1
2540,2319,2025-10-15,Online App,Tabby (BNPL),3
2541,1988,2025-06-21,Online App,Apple Pay,1
2542,2308,2025-11-16,Online App,Cash on Delivery,1
2543,2542,2025-05-25,Online App,Apple Pay,2
2544,1848,2025-07-05,Online App,Apple Pay,2
2545,256,2025-08-08,In-Store,Tabby (BNPL),3
2546,1469,2024-09-01,Online App,Cash on Delivery,1
2547,228,2025-04-17,Website,Cash on Delivery,3
2548,1237,2025-12-02,Website,Tabby (BNPL),2
2549,1236,2025-05-02,In-Store,Cash on Delivery,1
2550,191,2025-08-28,Online App,Cash on Delivery,3
2551,1071,2025-05-01,Website,Tabby (BNPL),1
2552,326,2025-09-13,Online App,Credit Card,1
2553,2438,2025-12-30,Online App,Cash on Delivery,2
2554,2842,2025-03-08,Online App,Credit Card,6
2555,212,2025-05-24,Online App,Apple Pay,2
2556,2865,2025-11-22,Online App,Credit Card,5
2557,1570,2025-01-21,Website,Credit Card,2
2558,911,2025-02-20,Online App,Credit Card,3
2559,226,2025-10-11,Online App,Credit Card,6
2560,1504,2025-01-23,Online App,Apple Pay,1
2561,2398,2025-09-20,Online App,Tabby (BNPL),3
2562,2124,2024-09-20,Website,Cash on Delivery,4
2563,143,2025-12-20,Online App,Apple Pay,2
2564,213,2025-05-20,Online App,Apple Pay,2
2565,1224,2024-05-23,Online App,Apple Pay,1
2566,898,2024-12-15,Website,Tabby (BNPL),1
2567,717,2025-02-07,Website,Credit Card,2
2568,852,2025-12-12,Website,Tabby (BNPL),1
2569,2423,2025-08-07,Online App,Tabby (BNPL),2
2570,2788,2025-02-04,In-Store,Cash on Delivery,2
2571,1229,2025-10-25,Online App,Credit Card,3
2572,2717,2025-12-24,Online App,Apple Pay,2
2573,984,2025-08-09,Website,Tabby (BNPL),1
2574,1444,2025-05-01,Online App,Tabby (BNPL),2
2575,695,2025-07-27,Online App,Apple Pay,1
2576,1931,2025-05-07,In-Store,Apple Pay,3
2577,2939,2025-12-27,Online App,Tabby (BNPL),1
2578,1816,2024-08-20,Online App,Credit Card,2
2579,1097,2025-11-11,Online App,Credit Card,1
2580,1955,2025-06-24,Online App,Apple Pay,6
2581,357,2024-10-19,In-Store,Apple Pay,3
2582,2673,2024-11-19,Online App,Apple Pay,3
2583,1509,2025-04-07,Website,Cash on Delivery,5
2584,1362,2025-12-24,Online App,Cash on Delivery,3
2585,1761,2025-11-15,In-Store,Cash on Delivery,2
2586,1883,2025-12-18,Online App,Cash on Delivery,1
2587,211,2025-11-03,Online App,Cash on Delivery,2
2588,2057,2025-12-23,Website,Cash on Delivery,1
2589,744,2025-05-29,Online App,Credit Card,1
2590,2145,2025-06-26,In-Store,Apple Pay,1
2591,2478,2024-09-11,In-Store,Apple Pay,5
2592,2424,2024-09-30,In-Store,Credit Card,5
2593,1663,2024-05-18,In-Store,Cash on Delivery,2
2594,1560,2025-08-30,Online App,Tabby (BNPL),1
2595,429,2025-12-25,In-Store,Credit Card,1
2596,2341,2024-10-03,Website,Cash on Delivery,3
2597,823,2025-03-08,In-Store,Cash on Delivery,1
2598,1495,2025-07-27,Online App,Credit Card,4
2599,863,2025-06-16,Website,Apple Pay,2
2600,396,2024-09-18,Online App,Apple Pay,3
2601,1897,2025-11-03,In-Store,Apple Pay,2
2602,158,2025-09-14,In-Store,Cash on Delivery,2
2603,2252,2025-12-31,Website,Apple Pay,1
2604,968,2025-10-25,In-Store,Cash on Delivery,5
2605,1,2025-05-21,In-Store,Apple Pay,2
2606,1529,2025-07-18,Online App,Apple Pay,4
2607,135,2025-05-28,Online App,Apple Pay,4
2608,839,2025-11-24,Website,Tabby (BNPL),1
2609,2124,2025-03-13,Website,Tabby (BNPL),4
2610,181,2025-09-19,Website,Cash on Delivery,4
2611,2523,2025-06-22,Online App,Cash on Delivery,2
2612,13,2025-07-11,In-Store,Credit Card,4
2613,759,2025-12-10,Online App,Tabby (BNPL),1
2614,2228,2025-06-15,Online App,Tabby (BNPL),1
2615,964,2024-09-04,Online App,Tabby (BNPL),7
2616,302,2024-09-22,Online App,Tabby (BNPL),1
2617,1102,2025-09-22,Online App,Apple Pay,3
2618,822,2025-10-06,In-Store,Cash on Delivery,1
2619,2531,2025-03-16,Online App,Tabby (BNPL),3
2620,955,2025-12-17,Website,Cash on Delivery,4
2621,2379,2025-01-13,Website,Apple Pay,1
2622,2682,2025-11-26,Website,Tabby (BNPL),1
2623,1314,2025-09-13,Online App,Apple Pay,1
2624,2729,2025-12-30,In-Store,Credit Card,3
2625,1157,2025-08-06,Online App,Cash on Delivery,5
2626,2899,2025-11-14,In-Store,Apple Pay,5
2627,257,2024-05-21,Website,Tabby (BNPL),1
2628,2070,2025-12-21,Online App,Apple Pay,1
2629,1486,2025-04-08,Online App,Credit Card,3
2630,1188,2025-10-04,In-Store,Cash on Delivery,6
2631,1909,2025-11-28,Online App,Tabby (BNPL),1
2632,2116,2025-12-25,Website,Tabby (BNPL),2
2633,15,2025-12-06,Online App,Credit Card,1
2634,513,2025-10-13,In-Store,Cash on Delivery,7
2635,2140,2025-11-07,In-Store,Credit Card,2
2636,2010,2025-02-12,Website,Credit Card,1
2637,2906,2025-10-14,Website,Credit Card,4
2638,2291,2025-12-24,Online App,Credit Card,3
2639,2848,2025-10-23,Website,Tabby (BNPL),2
2640,2115,2025-07-27,In-Store,Tabby (BNPL),3
2641,907,2025-09-28,Online App,Cash on Delivery,1
2642,311,2025-12-11,Online App,Cash on Delivery,3
2643,2360,2025-08-18,Online App,Credit Card,2
2644,1941,2025-12-18,Website,Credit Card,6
2645,140,2024-06-03,Online App,Credit Card,2
2646,1101,2025-11-25,Online App,Apple Pay,1
2647,2873,2025-12-02,Online App,Cash on Delivery,1
2648,1504,2024-12-09,Website,Apple Pay,1
2649,1311,2025-10-08,In-Store,Cash on Delivery,7
2650,1390,2025-03-24,Online App,Apple Pay,4
2651,642,2024-11-13,Online App,Tabby (BNPL),1
2652,1129,2025-10-13,Online App,Tabby (BNPL),1
2653,1131,2025-06-27,Website,Tabby (BNPL),1
2654,151,2025-12-23,Website,Tabby (BNPL),7
2655,2314,2024-05-11,Online App,Cash on Delivery,1
2656,1257,2025-08-28,Website,Credit Card,1
2657,2478,2024-09-22,Online App,Apple Pay,5
2658,2555,2025-09-23,Website,Tabby (BNPL),2
2659,652,2024-12-02,Website,Credit Card,1
2660,1983,2025-08-25,In-Store,Cash on Delivery,3
2661,1429,2025-07-23,Website,Cash on Delivery,1
2662,2648,2025-09-08,Online App,Apple Pay,1
2663,664,2025-12-11,Online App,Apple Pay,3
2664,2041,2025-10-10,In-Store,Tabby (BNPL),3
2665,1829,2025-10-12,Website,Tabby (BNPL),1
2666,898,2025-05-23,In-Store,Tabby (BNPL),1
2667,408,2025-10-11,Online App,Cash on Delivery,1
2668,1965,2025-10-03,Website,Cash on Delivery,2
2669,2222,2025-05-17,Website,Credit Card,2
2670,963,2024-10-30,Online App,Apple Pay,2
2671,1943,2025-08-24,Website,Credit Card,1
2672,1205,2025-11-12,In-Store,Tabby (BNPL),4
2673,2141,2025-12-26,Website,Tabby (BNPL),2
2674,608,2025-07-08,Online App,Tabby (BNPL),3
2675,2677,2025-11-28,Website,Cash on Delivery,3
2676,876,2025-09-19,In-Store,Cash on Delivery,1
2677,1125,2025-10-07,Online App,Cash on Delivery,1
2678,166,2025-10-24,Online App,Tabby (BNPL),2
2679,326,2024-05-24,In-Store,Credit Card,1
2680,1542,2025-11-14,Website,Tabby (BNPL),2
2681,814,2025-06-01,Online App,Apple Pay,2
2682,2513,2025-12-31,Website,Cash on Delivery,5
2683,46,2025-11-17,Website,Credit Card,2
2684,1160,2025-12-31,Online App,Credit Card,5
2685,1033,2025-05-01,In-Store,Credit Card,1
2686,62,2025-02-02,Website,Cash on Delivery,2
2687,360,2025-12-23,Online App,Tabby (BNPL),2
2688,1250,2024-10-16,In-Store,Tabby (BNPL),3
2689,1482,2025-03-26,Website,Credit Card,1
2690,1226,2024-12-26,Online App,Credit Card,1
2691,1596,2025-04-28,Website,Cash on Delivery,5
2692,1794,2025-10-26,Online App,Credit Card,1
2693,30,2025-12-05,Online App,Credit Card,1
2694,1408,2025-12-31,Online App,Tabby (BNPL),3
2695,2898,2024-10-30,Online App,Apple Pay,1
2696,1557,2025-06-27,Website,Cash on Delivery,2
2697,2041,2025-09-30,Online App,Cash on Delivery,3
2698,951,2025-11-29,Online App,Tabby (BNPL),3
2699,2337,2025-12-02,In-Store,Tabby (BNPL),2
2700,2333,2025-11-15,Online App,Apple Pay,2
2701,1566,2025-12-28,In-Store,Cash on Delivery,6
2702,2929,2025-05-14,Online App,Apple Pay,2
2703,364,2024-08-23,Website,Cash on Delivery,5
2704,54,2025-02-16,Online App,Apple Pay,7
2705,2323,2024-11-08,In-Store,Cash on Delivery,3
2706,2435,2025-02-17,In-Store,Cash on Delivery,2
2707,350,2025-04-11,Online App,Credit Card,2
2708,808,2025-12-28,Online App,Apple Pay,2
2709,54,2025-06-16,In-Store,Tabby (BNPL),7
2710,892,2025-04-08,Online App,Cash on Delivery,2
2711,2333,2025-07-31,Online App,Cash on Delivery,2
2712,1552,2025-03-28,Online App,Credit Card,4
2713,1069,2025-05-06,Website,Cash on Delivery,6
2714,1139,2025-12-14,Online App,Credit Card,1
2715,6,2025-11-14,Website,Credit Card,1
2716,913,2025-11-05,In-Store,Credit Card,4
2717,1949,2024-12-03,Online App,Apple Pay,2
2718,2924,2025-01-05,Online App,Apple Pay,1
2719,2546,2025-05-15,In-Store,Cash on Delivery,2
2720,79,2025-10-03,Online App,Apple Pay,1
2721,2698,2025-10-05,Online App,Apple Pay,1
2722,2362,2024-12-09,Online App,Credit Card,6
2723,2357,2025-08-06,In-Store,Tabby (BNPL),1
2724,1392,2025-03-22,In-Store,Credit Card,2
2725,1213,2025-01-25,Online App,Cash on Delivery,3
2726,921,2025-04-13,Online App,Cash on Delivery,2
2727,190,2024-12-08,Website,Cash on Delivery,1
2728,702,2025-11-28,Online App,Tabby (BNPL),2
2729,759,2025-11-27,In-Store,Apple Pay,1
2730,1459,2025-10-19,Online App,Credit Card,7
2731,2251,2025-12-21,In-Store,Tabby (BNPL),1
2732,1433,2025-11-04,Website,Apple Pay,1
2733,165,2025-09-06,Online App,Tabby (BNPL),1
2734,2876,2025-11-01,Website,Tabby (BNPL),2
2735,2828,2025-02-22,Website,Tabby (BNPL),1
2736,2368,2024-12-10,Website,Credit Card,3
2737,2974,2025-10-07,Website,Credit Card,3
2738,1646,2025-06-17,Online App,Credit Card,3
2739,2895,2025-12-09,Website,Credit Card,7
2740,223,2025-04-07,Online App,Apple Pay,3
2741,1116,2025-08-13,In-Store,Credit Card,1
2742,692,2025-06-12,In-Store,Credit Card,2
2743,599,2025-05-17,Online App,Apple Pay,7
2744,422,2025-08-22,Website,Credit Card,2
2745,1877,2025-06-10,In-Store,Tabby (BNPL),1
2746,2360,2025-08-10,Online App,Apple Pay,2
2747,1737,2025-10-18,Website,Tabby (BNPL),1
2748,442,2025-10-16,Online App,Tabby (BNPL),1
2749,2447,2024-03-25,Website,Credit Card,1
2750,1920,2025-11-28,Online App,Apple Pay,4
2751,1190,2025-04-28,Online App,Credit Card,4
2752,2033,2025-11-12,Online App,Tabby (BNPL),2
2753,795,2025-10-18,Online App,Apple Pay,5
2754,1062,2025-08-16,Online App,Cash on Delivery,1
2755,2753,2024-07-14,In-Store,Credit Card,4
2756,883,2025-12-27,Online App,Cash on Delivery,2
2757,1421,2025-01-02,Online App,Credit Card,1
2758,2677,2025-10-28,Online App,Cash on Delivery,3
2759,2126,2025-03-07,Website,Tabby (BNPL),4
2760,178,2024-04-14,Online App,Cash on Delivery,2
2761,444,2025-02-23,Online App,Apple Pay,2
2762,23,2025-03-30,Website,Tabby (BNPL),1
2763,1901,2025-07-24,Website,Tabby (BNPL),3
2764,1358,2025-04-17,In-Store,Credit Card,1
2765,398,2025-08-29,Website,Tabby (BNPL),6
2766,2877,2024-05-22,Website,Cash on Delivery,2
2767,1592,2025-12-20,Website,Credit Card,1
2768,744,2025-01-03,Online App,Cash on Delivery,1
2769,1504,2025-03-16,In-Store,Credit Card,1
2770,2046,2025-10-01,In-Store,Credit Card,1
2771,225,2025-04-24,Website,Tabby (BNPL),1
2772,833,2025-07-02,Website,Apple Pay,5
2773,2434,2025-10-28,Online App,Cash on Delivery,5
2774,1395,2024-12-29,Website,Apple Pay,2
2775,1650,2025-05-04,In-Store,Cash on Delivery,1
2776,1311,2024-07-02,In-Store,Tabby (BNPL),7
2777,127,2025-06-18,In-Store,Tabby (BNPL),2
2778,507,2024-11-05,In-Store,Credit Card,1
2779,1352,2025-11-27,Online App,Tabby (BNPL),1
2780,642,2025-04-22,Online App,Credit Card,1
2781,142,2024-08-10,Online App,Tabby (BNPL),1
2782,2535,2024-10-16,Website,Credit Card,1
2783,2948,2025-06-28,Online App,Tabby (BNPL),2
2784,2392,2025-06-12,Online App,Credit Card,2
2785,2565,2024-09-03,Online App,Cash on Delivery,1
2786,745,2025-12-19,Website,Credit Card,6
2787,2887,2025-04-16,Website,Apple Pay,7
2788,602,2025-12-12,In-Store,Cash on Delivery,2
2789,2850,2025-12-28,Website,Tabby (BNPL),7
2790,2987,2025-12-30,Website,Apple Pay,3
2791,2138,2025-12-24,Online App,Cash on Delivery,1
2792,2948,2025-02-24,Online App,Apple Pay,2
2793,1714,2025-12-09,Online App,Cash on Delivery,6
2794,793,2025-11-15,Website,Credit Card,1
2795,1328,2025-11-30,In-Store,Cash on Delivery,3
2796,1786,2025-05-15,In-Store,Tabby (BNPL),2
2797,214,2025-03-10,Online App,Apple Pay,1
2798,1877,2025-01-06,Online App,Cash on Delivery,1
2799,2948,2025-03-07,Online App,Tabby (BNPL),2
2800,580,2025-12-16,Website,Credit Card,1
2801,2389,2025-11-09,Online App,Tabby (BNPL),1
2802,2723,2025-07-07,Online App,Cash on Delivery,1
2803,2831,2025-06-26,In-Store,Tabby (BNPL),7
2804,2886,2024-11-03,Website,Apple Pay,2
2805,1566,2025-12-31,Website,Apple Pay,6
2806,2933,2025-06-13,Website,Cash on Delivery,2
2807,2276,2025-08-07,Online App,Credit Card,4
2808,489,2025-03-22,Website,Cash on Delivery,2
2809,1444,2024-10-18,Online App,Cash on Delivery,2
2810,2155,2025-11-05,Website,Credit Card,5
2811,760,2025-04-03,Online App,Tabby (BNPL),3
2812,1932,2025-01-15,Website,Cash on Delivery,1
2813,2011,2024-10-03,Website,Tabby (BNPL),3
2814,494,2025-08-30,Online App,Apple Pay,1
2815,1701,2025-07-01,In-Store,Tabby (BNPL),4
2816,2330,2025-05-21,Online App,Apple Pay,4
2817,1498,2025-09-12,Website,Apple Pay,1
2818,36,2025-08-06,Online App,Apple Pay,5
2819,25,2024-11-28,Online App,Tabby (BNPL),6
2820,1095,2025-08-11,Online App,Tabby (BNPL),1
2821,2774,2025-12-31,In-Store,Credit Card,7
2822,704,2025-10-21,Online App,Tabby (BNPL),6
2823,1916,2025-09-17,Website,Cash on Delivery,1
2824,687,2025-05-21,Online App,Apple Pay,1
2825,984,2025-09-11,Online App,Credit Card,1
2826,2549,2025-07-10,Online App,Tabby (BNPL),1
2827,2189,2025-12-11,Online App,Credit Card,2
2828,281,2025-10-27,Online App,Credit Card,1
2829,1296,2025-06-19,Online App,Credit Card,3
2830,96,2025-08-23,Online App,Cash on Delivery,2
2831,1451,2025-06-07,Website,Tabby (BNPL),2
2832,1998,2025-08-24,Online App,Credit Card,5
2833,345,2025-07-29,Website,Credit Card,2
2834,880,2024-09-12,Online App,Apple Pay,4
2835,1212,2025-05-18,Website,Credit Card,1
2836,2757,2025-12-05,Website,Credit Card,3
2837,2980,2025-04-26,Online App,Apple Pay,2
2838,130,2024-12-20,Online App,Apple Pay,5
2839,2290,2025-12-02,In-Store,Cash on Delivery,1
2840,1138,2025-08-24,Online App,Tabby (BNPL),1
2841,1200,2025-04-10,Online App,Apple Pay,2
2842,2269,2025-09-26,Website,Tabby (BNPL),1
2843,2754,2025-10-03,Online App,Tabby (BNPL),1
2844,2849,2025-05-30,Online App,Tabby (BNPL),1
2845,1735,2024-10-08,Website,Apple Pay,1
2846,1095,2025-10-03,Website,Tabby (BNPL),1
2847,2376,2024-10-31,Online App,Cash on Delivery,6
2848,769,2025-02-24,Website,Credit Card,6
2849,1697,2025-06-30,Website,Apple Pay,1
2850,1098,2025-11-06,Online App,Cash on Delivery,1
2851,1980,2024-12-29,Website,Tabby (BNPL),1
2852,741,2025-06-14,Website,Apple Pay,2
2853,585,2025-10-15,In-Store,Apple Pay,1
2854,2753,2024-05-02,Website,Credit Card,4
2855,301,2025-10-30,Online App,Tabby (BNPL),4
2856,1515,2025-12-11,Online App,Tabby (BNPL),1
2857,682,2025-10-25,Online App,Cash on Delivery,6
2858,119,2025-10-07,Online App,Apple Pay,1
2859,112,2025-12-25,Online App,Cash on Delivery,2
2860,531,2025-12-03,Website,Tabby (BNPL),4
2861,2606,2024-10-24,Website,Credit Card,1
2862,856,2025-03-17,Online App,Tabby (BNPL),2
2863,2848,2025-10-17,Website,Credit Card,2
2864,1749,2025-12-19,Online App,Apple Pay,2
2865,1326,2025-09-07,Website,Credit Card,2
2866,1742,2025-08-12,Website,Credit Card,1
2867,1547,2025-02-22,In-Store,Tabby (BNPL),1
2868,2282,2025-02-06,Online App,Tabby (BNPL),2
2869,856,2025-04-11,In-Store,Apple Pay,2
2870,1081,2025-08-29,In-Store,Credit Card,2
2871,2689,2024-12-29,Online App,Tabby (BNPL),5
2872,2838,2025-08-31,Online App,Credit Card,6
2873,2685,2025-05-07,In-Store,Cash on Delivery,3
2874,1268,2025-11-06,Website,Cash on Delivery,1
2875,2357,2025-07-02,Online App,Cash on Delivery,1
2876,1444,2025-12-19,Online App,Tabby (BNPL),2
2877,1495,2025-10-01,Website,Credit Card,4
2878,629,2024-11-03,Website,Tabby (BNPL),3
2879,1777,2025-12-26,Website,Apple Pay,1
2880,568,2025-08-21,Website,Cash on Delivery,1
2881,1014,2024-06-19,Online App,Tabby (BNPL),1
2882,2569,2024-11-01,In-Store,Apple Pay,1
2883,638,2025-10-18,Online App,Credit Card,1
2884,208,2025-05-30,Online App,Apple Pay,4
2885,202,2024-10-19,Website,Tabby (BNPL),4
2886,2821,2024-11-30,Online App,Cash on Delivery,1
2887,1518,2025-07-12,Website,Apple Pay,1
2888,1242,2025-11-12,Online App,Tabby (BNPL),2
2889,2447,2024-04-22,Website,Cash on Delivery,1
2890,2514,2025-11-10,Online App,Credit Card,5
2891,1016,2025-05-12,In-Store,Tabby (BNPL),2
2892,2092,2025-12-31,Online App,Tabby (BNPL),1
2893,2329,2025-04-03,Online App,Credit Card,1
2894,1974,2024-12-13,Online App,Credit Card,2
2895,455,2025-11-03,In-Store,Tabby (BNPL),1
2896,2639,2025-06-07,In-Store,Apple Pay,1
2897,1624,2024-11-19,Online App,Apple Pay,2
2898,856,2025-10-17,Online App,Tabby (BNPL),2
2899,1285,2025-11-26,Online App,Cash on Delivery,1
2900,118,2025-11-25,Website,Cash on Delivery,1
2901,374,2025-05-25,In-Store,Credit Card,2
2902,2305,2025-10-01,Online App,Credit Card,1
2903,1,2025-03-18,Online App,Credit Card,2
2904,1258,2025-12-07,Online App,Cash on Delivery,1
2905,1570,2025-11-14,Online App,Tabby (BNPL),2
2906,158,2025-07-02,Online App,Credit Card,2
2907,2923,2025-05-28,Online App,Credit Card,5
2908,695,2025-07-01,Online App,Tabby (BNPL),1
2909,925,2025-07-08,Online App,Tabby (BNPL),1
2910,924,2025-11-11,Website,Apple Pay,1
2911,711,2025-08-25,Online App,Cash on Delivery,1
2912,6,2025-10-07,Online App,Apple Pay,1
2913,2189,2025-11-30,Online App,Cash on Delivery,2
2914,2908,2025-12-16,Online App,Apple Pay,3
2915,690,2025-12-11,In-Store,Apple Pay,2
2916,2000,2025-08-31,Online App,Apple Pay,3
2917,2232,2025-12-24,Online App,Tabby (BNPL),3
2918,2551,2025-05-26,Online App,Apple Pay,1
2919,1277,2025-10-11,Website,Apple Pay,1
2920,921,2025-06-19,Online App,Credit Card,2
2921,997,2025-04-18,Online App,Cash on Delivery,1
2922,2140,2025-05-14,Online App,Cash on Delivery,2
2923,2465,2024-04-20,Online App,Credit Card,6
2924,552,2025-02-13,Online App,Apple Pay,3
2925,1136,2025-09-22,Website,Apple Pay,7
2926,2710,2025-10-29,Online App,Credit Card,1
2927,2434,2025-11-11,Website,Credit Card,5
2928,2957,2025-07-08,Website,Tabby (BNPL),2
2929,2269,2025-12-14,Online App,Apple Pay,1
2930,1201,2025-10-10,Online App,Apple Pay,1
2931,1776,2025-02-14,In-Store,Apple Pay,1
2932,1993,2025-10-22,Online App,Apple Pay,1
2933,229,2025-07-05,Website,Tabby (BNPL),6
2934,1646,2025-01-13,Online App,Apple Pay,3
2935,2130,2025-05-30,Website,Cash on Delivery,2
2936,514,2025-12-29,In-Store,Apple Pay,6
2937,2358,2025-05-01,Website,Apple Pay,1
2938,1755,2024-11-10,In-Store,Apple Pay,1
2939,2853,2025-10-01,Online App,Tabby (BNPL),1
2940,124,2025-11-13,Website,Credit Card,7
2941,807,2025-10-14,Website,Apple Pay,3
2942,1811,2025-02-19,In-Store,Credit Card,2
2943,901,2025-10-19,Website,Apple Pay,7
2944,2147,2025-07-07,Online App,Cash on Delivery,2
2945,2283,2025-10-21,Website,Cash on Delivery,5
2946,305,2025-07-27,Website,Tabby (BNPL),1
2947,1536,2024-11-19,In-Store,Tabby (BNPL),1
2948,1523,2025-06-15,Online App,Cash on Delivery,1
2949,1130,2025-08-28,Online App,Tabby (BNPL),1
2950,2797,2025-01-09,Online App,Cash on Delivery,2
2951,2493,2025-02-06,Online App,Tabby (BNPL),3
2952,2103,2025-09-10,Online App,Credit Card,3
2953,2147,2025-07-21,Online App,Cash on Delivery,2
2954,1402,2025-01-25,In-Store,Apple Pay,1
2955,2760,2025-01-24,Online App,Apple Pay,1
2956,2095,2025-06-05,Online App,Cash on Delivery,5
2957,2189,2025-09-16,Online App,Apple Pay,2
2958,2589,2025-10-01,In-Store,Tabby (BNPL),1
2959,831,2025-11-25,Website,Apple Pay,1
2960,2435,2025-08-13,Website,Apple Pay,2
2961,599,2025-10-13,Online App,Cash on Delivery,7
2962,1063,2025-12-22,In-Store,Cash on Delivery,4
2963,1028,2024-11-07,Online App,Tabby (BNPL),2
2964,2936,2025-10-28,Website,Credit Card,1
2965,2574,2025-10-12,In-Store,Apple Pay,2
2966,2112,2025-07-30,Online App,Cash on Delivery,2
2967,2185,2025-03-19,Online App,Apple Pay,3
2968,1693,2025-11-19,Online App,Cash on Delivery,2
2969,2839,2025-06-28,Online App,Cash on Delivery,2
2970,1493,2025-03-30,In-Store,Cash on Delivery,2
2971,1165,2024-11-26,Online App,Cash on Delivery,2
2972,496,2025-11-09,Online App,Apple Pay,1
2973,2371,2025-10-06,Online App,Apple Pay,3
2974,2209,2025-06-16,Online App,Tabby (BNPL),7
2975,1177,2025-12-14,Website,Tabby (BNPL),1
2976,85,2025-07-22,Website,Credit Card,1
2977,2523,2025-12-21,Website,Apple Pay,2
2978,34,2025-04-22,Online App,Cash on Delivery,3
2979,2116,2025-12-07,Online App,Credit Card,2
2980,2917,2025-04-05,Online App,Apple Pay,2
2981,1330,2024-06-16,Website,Cash on Delivery,1
2982,727,2024-03-26,In-Store,Cash on Delivery,1
2983,2118,2025-09-25,Website,Credit Card,3
2984,2466,2025-06-22,Online App,Apple Pay,6
2985,1650,2025-06-11,Website,Cash on Delivery,1
2986,2908,2025-11-12,In-Store,Apple Pay,3
2987,148,2025-11-29,In-Store,Cash on Delivery,1
2988,1513,2025-06-23,Website,Tabby (BNPL),2
2989,2155,2025-10-17,In-Store,Credit Card,5
2990,2592,2024-10-26,Website,Cash on Delivery,1
2991,545,2025-11-18,Website,Cash on Delivery,5
2992,2413,2025-08-11,Website,Cash on Delivery,2
2993,1664,2024-05-30,Online App,Credit Card,1
2994,1207,2025-09-28,Online App,Tabby (BNPL),1
2995,388,2025-11-11,Online App,Tabby (BNPL),2
2996,2601,2025-10-09,Online App,Apple Pay,1
2997,474,2025-09-14,Website,Apple Pay,1
2998,943,2024-09-24,Online App,Apple Pay,3
2999,882,2025-11-12,Website,Tabby (BNPL),3
3000,2620,2025-11-05,Website,Tabby (BNPL),1
3001,2029,2025-12-10,Website,Apple Pay,1
3002,2404,2025-12-15,In-Store,Cash on Delivery,2
3003,768,2025-04-29,In-Store,Tabby (BNPL),2
3004,1883,2025-12-03,In-Store,Tabby (BNPL),1
3005,1717,2025-12-18,Website,Credit Card,1
3006,2510,2025-04-19,In-Store,Apple Pay,1
3007,2717,2025-09-07,Online App,Apple Pay,2
3008,36,2025-11-14,Online App,Apple Pay,5
3009,2032,2024-08-22,Online App,Cash on Delivery,3
3010,149,2024-09-18,Online App,Credit Card,5
3011,1656,2025-11-21,Website,Tabby (BNPL),1
3012,876,2025-12-16,Website,Tabby (BNPL),1
3013,932,2025-12-01,Website,Apple Pay,2
3014,1081,2025-06-06,In-Store,Apple Pay,2
3015,1873,2024-09-01,Online App,Apple Pay,2
3016,1022,2024-06-14,Online App,Cash on Delivery,2
3017,2201,2025-11-11,Online App,Apple Pay,4
3018,1228,2025-03-16,Online App,Tabby (BNPL),7
3019,199,2024-04-15,In-Store,Tabby (BNPL),2
3020,2365,2024-10-08,In-Store,Credit Card,1
3021,869,2025-11-01,Website,Tabby (BNPL),2
3022,1311,2025-04-09,In-Store,Apple Pay,7
3023,2067,2025-11-06,Online App,Credit Card,3
3024,1017,2025-01-07,Online App,Credit Card,2
3025,162,2024-05-05,In-Store,Apple Pay,2
3026,1148,2025-08-13,In-Store,Credit Card,2
3027,2834,2025-12-25,Online App,Apple Pay,3
3028,1934,2025-10-30,Website,Tabby (BNPL),3
3029,2025,2025-09-22,In-Store,Credit Card,2
3030,1908,2025-08-21,Website,Credit Card,2
3031,607,2024-03-11,Website,Tabby (BNPL),1
3032,1266,2025-07-24,Website,Tabby (BNPL),1
3033,2258,2024-12-29,Online App,Tabby (BNPL),3
3034,300,2025-11-06,In-Store,Apple Pay,1
3035,843,2025-08-11,In-Store,Tabby (BNPL),4
3036,839,2025-10-27,Online App,Apple Pay,1
3037,1309,2025-05-04,Online App,Credit Card,3
3038,2943,2025-09-07,Website,Apple Pay,1
3039,197,2025-01-03,Online App,Credit Card,1
3040,1556,2024-11-09,Website,Tabby (BNPL),3
3041,546,2025-07-30,Online App,Cash on Delivery,1
3042,2917,2025-12-01,Online App,Tabby (BNPL),2
3043,329,2025-03-03,Online App,Credit Card,3
3044,1225,2025-10-23,In-Store,Credit Card,2
3045,2220,2025-11-26,In-Store,Tabby (BNPL),4
3046,2117,2025-08-21,Online App,Credit Card,7
3047,1277,2025-06-27,Website,Cash on Delivery,1
3048,1065,2025-05-19,Online App,Cash on Delivery,2
3049,1211,2025-06-22,Online App,Credit Card,1
3050,803,2025-12-21,Online App,Apple Pay,4
3051,633,2025-08-11,In-Store,Credit Card,6
3052,1457,2025-12-23,Website,Credit Card,1
3053,817,2025-12-03,Online App,Apple Pay,1
3054,876,2025-10-09,Website,Credit Card,1
3055,1981,2025-03-09,Online App,Apple Pay,2
3056,2912,2025-08-23,Website,Credit Card,1
3057,1817,2025-10-25,Online App,Apple Pay,1
3058,226,2025-09-17,Online App,Apple Pay,6
3059,223,2025-12-05,In-Store,Cash on Delivery,3
3060,2850,2025-12-29,In-Store,Credit Card,7
3061,904,2025-05-16,Website,Tabby (BNPL),1
3062,266,2025-10-11,Website,Tabby (BNPL),1
3063,1804,2025-01-18,Website,Credit Card,1
3064,1879,2024-05-31,Online App,Credit Card,3
3065,1957,2025-05-11,In-Store,Tabby (BNPL),1
3066,814,2025-04-12,Online App,Cash on Delivery,2
3067,47,2025-05-21,Website,Tabby (BNPL),6
3068,2902,2025-11-29,Online App,Cash on Delivery,5
3069,769,2025-06-11,In-Store,Apple Pay,6
3070,2037,2025-09-28,Website,Credit Card,6
3071,2123,2025-04-03,Online App,Credit Card,2
3072,1838,2025-11-15,Online App,Credit Card,2
3073,952,2024-06-28,Online App,Tabby (BNPL),1
3074,822,2025-12-23,Website,Credit Card,1
3075,1800,2025-12-30,Website,Cash on Delivery,6
3076,2605,2024-04-11,Online App,Apple Pay,2
3077,2839,2025-11-15,Website,Apple Pay,2
3078,312,2024-12-22,Online App,Cash on Delivery,4
3079,467,2025-02-02,Website,Tabby (BNPL),1
3080,2834,2025-12-23,In-Store,Credit Card,3
3081,2217,2025-01-19,Website,Credit Card,6
3082,2656,2025-02-20,Online App,Cash on Delivery,2
3083,621,2024-07-03,In-Store,Tabby (BNPL),1
3084,1768,2024-11-21,Website,Cash on Delivery,1
3085,2112,2025-04-20,In-Store,Cash on Delivery,2
3086,2048,2025-12-10,Online App,Apple Pay,7
3087,1239,2025-08-16,Online App,Cash on Delivery,1
3088,48,2025-03-12,Online App,Tabby (BNPL),1
3089,1752,2025-09-08,Website,Tabby (BNPL),1
3090,774,2025-09-19,In-Store,Credit Card,3
3091,1367,2024-07-22,Online App,Cash on Delivery,2
3092,2875,2024-08-02,Website,Apple Pay,7
3093,1214,2025-07-29,Online App,Tabby (BNPL),2
3094,2525,2025-04-20,Online App,Tabby (BNPL),1
3095,574,2025-12-02,Online App,Cash on Delivery,1
3096,2028,2025-10-24,In-Store,Credit Card,1
3097,2932,2025-09-30,Online App,Cash on Delivery,3
3098,302,2024-09-16,Online App,Cash on Delivery,1
3099,25,2025-07-12,Website,Credit Card,6
3100,1313,2025-03-18,Online App,Apple Pay,1
3101,269,2025-02-19,Online App,Tabby (BNPL),4
3102,2252,2025-12-22,Website,Apple Pay,1
3103,2742,2024-03-10,Online App,Apple Pay,2
3104,1315,2025-11-15,Website,Apple Pay,2
3105,790,2025-08-25,In-Store,Tabby (BNPL),2
3106,1315,2025-09-17,Online App,Credit Card,2
3107,2171,2025-10-15,In-Store,Apple Pay,3
3108,25,2025-06-25,Online App,Credit Card,6
3109,1771,2025-10-18,In-Store,Apple Pay,2
3110,1847,2025-02-11,In-Store,Apple Pay,2
3111,1925,2025-10-16,Website,Credit Card,5
3112,745,2025-12-20,Online App,Apple Pay,6
3113,2145,2025-06-02,In-Store,Credit Card,1
3114,264,2025-11-01,In-Store,Cash on Delivery,1
3115,609,2025-04-06,Online App,Tabby (BNPL),2
3116,2644,2025-12-22,Online App,Tabby (BNPL),5
3117,2223,2025-01-17,In-Store,Apple Pay,2
3118,41,2025-12-29,Website,Apple Pay,1
3119,763,2025-08-28,Online App,Cash on Delivery,2
3120,660,2025-09-23,In-Store,Tabby (BNPL),1
3121,822,2025-06-17,Online App,Apple Pay,1
3122,760,2025-08-17,Online App,Cash on Delivery,3
3123,180,2025-12-13,Website,Tabby (BNPL),7
3124,1394,2025-04-18,Online App,Cash on Delivery,1
3125,2201,2025-11-23,In-Store,Credit Card,4
3126,1828,2025-05-09,In-Store,Tabby (BNPL),2
3127,2030,2024-12-23,Website,Apple Pay,3
3128,235,2024-10-05,Website,Tabby (BNPL),2
3129,2850,2025-12-22,Website,Cash on Delivery,7
3130,2522,2025-10-24,Online App,Cash on Delivery,1
3131,2429,2024-11-11,Online App,Cash on Delivery,1
3132,2481,2025-11-03,In-Store,Tabby (BNPL),4
3133,2797,2025-05-21,Online App,Apple Pay,2
3134,1645,2025-05-26,Website,Credit Card,4
3135,613,2025-08-26,Website,Apple Pay,1
3136,1857,2025-02-26,Online App,Apple Pay,3
3137,2235,2025-11-14,Online App,Cash on Delivery,1
3138,2220,2025-11-01,Online App,Tabby (BNPL),4
3139,1566,2025-12-31,Online App,Apple Pay,6
3140,200,2025-11-04,Online App,Cash on Delivery,1
3141,1137,2025-06-27,Website,Credit Card,2
3142,2760,2025-02-20,Online App,Apple Pay,1
3143,1757,2025-03-07,In-Store,Cash on Delivery,1
3144,1620,2025-09-07,Website,Apple Pay,6
3145,817,2025-12-22,Online App,Cash on Delivery,1
3146,1128,2025-07-14,Online App,Apple Pay,4
3147,2690,2025-07-23,In-Store,Credit Card,2
3148,2010,2025-06-23,Website,Apple Pay,1
3149,2376,2024-12-07,Website,Tabby (BNPL),6
3150,1379,2025-11-12,Online App,Tabby (BNPL),7
3151,1899,2024-12-04,Online App,Credit Card,2
3152,763,2025-02-03,In-Store,Tabby (BNPL),2
3153,2121,2025-12-25,Online App,Cash on Delivery,1
3154,1292,2025-08-10,Online App,Tabby (BNPL),2
3155,1345,2025-09-30,Online App,Apple Pay,2
3156,1960,2025-06-05,Online App,Cash on Delivery,1
3157,2806,2024-12-28,Website,Credit Card,4
3158,185,2025-09-07,Website,Tabby (BNPL),2
3159,2486,2025-08-13,Online App,Cash on Delivery,1
3160,891,2024-11-27,Online App,Tabby (BNPL),6
3161,1350,2025-11-27,In-Store,Tabby (BNPL),1
3162,73,2025-11-20,In-Store,Apple Pay,1
3163,916,2025-08-02,Online App,Apple Pay,3
3164,1507,2025-08-26,Online App,Credit Card,2
3165,161,2025-08-22,In-Store,Credit Card,1
3166,1477,2024-03-03,Online App,Apple Pay,5
3167,2779,2024-12-01,Online App,Credit Card,5
3168,311,2025-12-31,In-Store,Tabby (BNPL),3
3169,2299,2025-09-03,In-Store,Credit Card,3
3170,1242,2025-11-27,Online App,Apple Pay,2
3171,1976,2025-06-28,Website,Credit Card,2
3172,796,2025-08-24,Online App,Apple Pay,2
3173,483,2025-01-09,In-Store,Tabby (BNPL),1
3174,486,2025-12-21,Online App,Credit Card,1
3175,206,2025-01-02,Website,Cash on Delivery,1
3176,568,2025-07-28,In-Store,Apple Pay,1
3177,2005,2025-03-01,Online App,Credit Card,4
3178,2651,2024-12-17,Online App,Cash on Delivery,1
3179,2457,2025-10-07,In-Store,Tabby (BNPL),1
3180,2065,2025-08-16,Online App,Tabby (BNPL),1
3181,325,2024-06-01,Online App,Cash on Delivery,3
3182,880,2024-12-17,In-Store,Cash on Delivery,4
3183,943,2025-05-20,Online App,Cash on Delivery,3
3184,768,2025-04-01,Online App,Credit Card,2
3185,1538,2025-09-11,Website,Credit Card,1
3186,1611,2025-09-15,Online App,Apple Pay,1
3187,1094,2025-12-05,Website,Apple Pay,2
3188,1084,2025-10-01,Online App,Tabby (BNPL),2
3189,2495,2025-11-01,Website,Credit Card,1
3190,2379,2025-06-28,Website,Credit Card,1
3191,936,2025-10-21,Website,Credit Card,1
3192,2741,2025-11-17,Online App,Cash on Delivery,1
3193,2856,2025-12-11,Website,Tabby (BNPL),2
3194,999,2024-11-11,Website,Cash on Delivery,3
3195,1088,2024-09-06,Website,Credit Card,5
3196,1514,2025-12-02,Online App,Cash on Delivery,1
3197,2823,2025-08-17,In-Store,Credit Card,4
3198,2640,2025-12-17,Website,Cash on Delivery,6
3199,305,2025-08-16,Online App,Cash on Delivery,1
3200,1200,2025-12-26,Online App,Credit Card,2
3201,1665,2025-10-18,Online App,Apple Pay,1
3202,1509,2025-09-22,Website,Tabby (BNPL),5
3203,594,2025-11-23,Website,Tabby (BNPL),2
3204,2578,2025-08-01,Online App,Tabby (BNPL),2
3205,2038,2025-12-21,Online App,Credit Card,3
3206,2520,2025-12-22,Online App,Cash on Delivery,4
3207,2578,2025-08-29,Online App,Credit Card,2
3208,2252,2025-12-31,Website,Tabby (BNPL),1
3209,1334,2025-06-28,Website,Cash on Delivery,6
3210,1840,2025-12-11,Online App,Apple Pay,3
3211,486,2025-12-29,Website,Cash on Delivery,1
3212,2032,2024-09-05,Online App,Apple Pay,3
3213,545,2025-11-04,Website,Apple Pay,5
3214,2092,2025-04-15,In-Store,Credit Card,1
3215,708,2025-10-25,Website,Apple Pay,2
3216,342,2025-12-18,Website,Cash on Delivery,1
3217,504,2025-11-11,Online App,Apple Pay,3
3218,8,2025-11-21,In-Store,Credit Card,2
3219,2155,2025-12-10,Online App,Tabby (BNPL),5
3220,2200,2024-10-12,Online App,Apple Pay,1
3221,1537,2025-08-24,Website,Cash on Delivery,1
3222,487,2025-09-27,In-Store,Credit Card,6
3223,243,2025-12-31,Online App,Apple Pay,5
3224,61,2025-05-05,Online App,Tabby (BNPL),1
3225,507,2025-06-18,In-Store,Apple Pay,1
3226,2679,2025-12-18,Website,Tabby (BNPL),3
3227,743,2025-11-30,Online App,Credit Card,1
3228,1087,2025-12-16,Website,Tabby (BNPL),1
3229,311,2025-11-23,Online App,Credit Card,3
3230,687,2024-08-26,Website,Credit Card,1
3231,1557,2025-01-31,Online App,Tabby (BNPL),2
3232,1829,2025-12-22,In-Store,Cash on Delivery,1
3233,754,2025-12-03,Online App,Credit Card,1
3234,164,2025-08-22,In-Store,Credit Card,2
3235,1197,2025-11-09,Online App,Credit Card,2
3236,722,2025-12-29,Online App,Credit Card,1
3237,676,2025-11-28,Online App,Tabby (BNPL),1
3238,2885,2025-12-25,Online App,Tabby (BNPL),6
3239,1855,2025-12-08,Online App,Apple Pay,3
3240,1678,2025-10-22,Website,Credit Card,2
3241,1255,2025-12-17,Online App,Credit Card,3
3242,1297,2024-09-09,Online App,Tabby (BNPL),4
3243,1634,2025-08-31,Online App,Apple Pay,2
3244,2100,2025-02-25,In-Store,Apple Pay,2
3245,2114,2025-09-01,Online App,Cash on Delivery,2
3246,524,2024-12-16,Website,Tabby (BNPL),1
3247,1504,2025-09-22,Website,Tabby (BNPL),1
3248,1248,2025-02-05,Online App,Cash on Delivery,1
3249,2619,2025-10-27,Website,Cash on Delivery,1
3250,1903,2025-09-09,Website,Cash on Delivery,2
3251,1601,2025-09-17,Online App,Cash on Delivery,1
3252,337,2025-12-01,Website,Apple Pay,1
3253,1824,2025-03-26,Online App,Cash on Delivery,1
3254,341,2024-05-20,Online App,Apple Pay,5
3255,1033,2024-09-29,Online App,Cash on Delivery,1
3256,429,2025-12-22,Website,Credit Card,1
3257,2087,2024-06-24,Online App,Apple Pay,1
3258,634,2025-12-12,Online App,Cash on Delivery,2
3259,1198,2025-09-03,In-Store,Tabby (BNPL),2
3260,2690,2025-04-21,Website,Apple Pay,2
3261,627,2025-04-29,In-Store,Credit Card,2
3262,1521,2025-11-19,In-Store,Credit Card,1
3263,1267,2024-10-31,Online App,Credit Card,1
3264,57,2024-12-15,Online App,Credit Card,1
3265,2390,2025-12-08,Online App,Tabby (BNPL),2
3266,202,2025-03-04,Website,Apple Pay,4
3267,1435,2025-09-24,Website,Cash on Delivery,1
3268,1685,2025-01-14,Website,Credit Card,2
3269,1893,2025-12-31,Website,Tabby (BNPL),4
3270,2075,2025-04-26,In-Store,Tabby (BNPL),1
3271,775,2025-03-10,Online App,Tabby (BNPL),2
3272,30,2025-12-07,Website,Apple Pay,1
3273,2171,2024-10-06,Website,Apple Pay,3
3274,1611,2025-12-16,In-Store,Apple Pay,1
3275,2514,2025-11-28,Online App,Tabby (BNPL),5
3276,2476,2025-03-16,Online App,Credit Card,2
3277,2533,2025-09-26,In-Store,Cash on Delivery,6
3278,1460,2025-12-05,In-Store,Apple Pay,1
3279,1020,2025-10-22,Online App,Apple Pay,5
3280,2386,2025-10-17,Website,Tabby (BNPL),1
3281,1370,2025-09-29,Website,Tabby (BNPL),7
3282,562,2025-11-26,Website,Cash on Delivery,1
3283,2569,2025-04-07,Website,Credit Card,1
3284,2655,2024-09-26,Online App,Apple Pay,1
3285,1415,2025-11-29,Website,Credit Card,2
3286,223,2025-02-24,Website,Apple Pay,3
3287,1188,2024-12-19,Website,Cash on Delivery,6
3288,2423,2025-07-20,Website,Apple Pay,2
3289,2709,2024-07-06,Online App,Credit Card,1
3290,624,2025-02-09,Website,Apple Pay,4
3291,195,2025-02-18,Online App,Apple Pay,3
3292,2644,2025-10-09,In-Store,Apple Pay,5
3293,1192,2025-09-27,In-Store,Apple Pay,1
3294,1636,2024-10-27,Website,Tabby (BNPL),1
3295,2910,2025-09-02,In-Store,Credit Card,1
3296,193,2024-09-20,Online App,Cash on Delivery,5
3297,1956,2024-04-28,Online App,Cash on Delivery,4
3298,218,2025-12-05,In-Store,Apple Pay,1
3299,1151,2025-12-09,Online App,Credit Card,2
3300,2423,2025-12-12,Online App,Cash on Delivery,2
3301,1313,2025-10-19,Website,Tabby (BNPL),1
3302,2994,2025-11-25,Website,Cash on Delivery,1
3303,1682,2025-12-01,In-Store,Apple Pay,3
3304,983,2024-05-25,Website,Credit Card,1
3305,678,2025-01-17,Online App,Credit Card,1
3306,1076,2025-11-21,Website,Credit Card,1
3307,1142,2024-07-08,In-Store,Tabby (BNPL),5
3308,201,2025-01-09,Online App,Credit Card,1
3309,1131,2025-07-05,Website,Tabby (BNPL),1
3310,1408,2025-12-13,Online App,Apple Pay,3
3311,2167,2024-07-17,In-Store,Credit Card,1
3312,1981,2025-08-02,In-Store,Cash on Delivery,2
3313,2129,2024-09-30,Online App,Credit Card,1
3314,25,2025-01-17,Online App,Apple Pay,6
3315,669,2024-03-24,In-Store,Apple Pay,2
3316,1996,2025-01-10,Website,Credit Card,1
3317,1458,2025-05-28,Online App,Cash on Delivery,6
3318,18,2025-09-17,In-Store,Tabby (BNPL),2
3319,2425,2025-11-01,Website,Cash on Delivery,2
3320,2332,2024-10-18,Website,Tabby (BNPL),2
3321,1653,2024-12-24,In-Store,Apple Pay,1
3322,192,2025-01-24,Online App,Tabby (BNPL),1
3323,2310,2025-11-05,In-Store,Credit Card,2
3324,1754,2024-05-10,Online App,Credit Card,2
3325,2360,2025-07-24,Website,Tabby (BNPL),2
3326,2261,2025-08-10,Website,Apple Pay,6
3327,2422,2025-11-30,Online App,Tabby (BNPL),1
3328,1552,2025-11-30,In-Store,Credit Card,4
3329,420,2025-08-20,In-Store,Credit Card,2
3330,2024,2025-08-25,In-Store,Apple Pay,2
3331,1871,2025-06-27,Online App,Tabby (BNPL),4
3332,2234,2025-05-21,Website,Apple Pay,2
3333,519,2025-11-24,Website,Credit Card,2
3334,598,2025-11-26,In-Store,Tabby (BNPL),1
3335,2678,2025-03-05,Website,Cash on Delivery,2
3336,2253,2025-12-22,In-Store,Cash on Delivery,2
3337,2724,2025-12-22,Website,Cash on Delivery,7
3338,2281,2025-11-28,Online App,Tabby (BNPL),2
3339,1799,2025-07-01,Online App,Apple Pay,4
3340,1973,2024-12-19,In-Store,Credit Card,7
3341,2674,2024-05-24,Online App,Apple Pay,1
3342,1738,2024-11-07,Online App,Credit Card,6
3343,1908,2025-10-05,Online App,Credit Card,2
3344,472,2024-03-01,Website,Tabby (BNPL),1
3345,1433,2025-05-11,Online App,Credit Card,1
3346,2150,2025-11-09,Online App,Cash on Delivery,2
3347,822,2025-07-23,Website,Tabby (BNPL),1
3348,619,2025-12-19,Website,Apple Pay,6
3349,956,2025-10-14,In-Store,Tabby (BNPL),2
3350,743,2025-12-17,Website,Credit Card,1
3351,662,2025-12-31,Website,Tabby (BNPL),2
3352,1283,2025-08-13,Online App,Cash on Delivery,2
3353,2723,2024-11-18,Online App,Credit Card,1
3354,1519,2025-02-23,In-Store,Tabby (BNPL),2
3355,573,2024-08-19,Online App,Tabby (BNPL),4
3356,226,2025-12-05,In-Store,Tabby (BNPL),6
3357,2099,2025-05-25,Website,Cash on Delivery,1
3358,1171,2025-12-30,Online App,Tabby (BNPL),2
3359,2478,2025-08-05,Online App,Tabby (BNPL),5
3360,1990,2025-07-29,Online App,Tabby (BNPL),3
3361,2403,2025-06-02,Online App,Credit Card,1
3362,825,2025-12-17,Online App,Cash on Delivery,1
3363,2088,2024-11-25,Online App,Cash on Delivery,3
3364,803,2025-12-09,Online App,Cash on Delivery,4
3365,2815,2025-12-23,Online App,Apple Pay,4
3366,1921,2025-04-02,Online App,Credit Card,2
3367,993,2025-11-27,Online App,Credit Card,5
3368,820,2024-12-31,Website,Cash on Delivery,5
3369,582,2025-06-18,Website,Tabby (BNPL),2
3370,2095,2025-11-27,In-Store,Cash on Delivery,5
3371,673,2025-07-26,Online App,Apple Pay,2
3372,1794,2025-12-15,Online App,Tabby (BNPL),1
3373,805,2024-09-01,Online App,Apple Pay,1
3374,1996,2025-02-15,Online App,Credit Card,1
3375,2458,2025-01-07,Website,Tabby (BNPL),1
3376,2347,2025-12-30,Online App,Tabby (BNPL),2
3377,2290,2025-12-25,In-Store,Cash on Delivery,1
3378,571,2025-09-13,Website,Cash on Delivery,2
3379,256,2025-07-06,Online App,Cash on Delivery,3
3380,2107,2024-11-29,In-Store,Cash on Delivery,1
3381,1128,2025-08-06,Online App,Tabby (BNPL),4
3382,1309,2025-10-21,Website,Tabby (BNPL),3
3383,104,2025-09-08,Website,Tabby (BNPL),1
3384,793,2025-11-15,Website,Credit Card,1
3385,108,2025-10-29,In-Store,Apple Pay,2
3386,2647,2025-06-23,In-Store,Apple Pay,1
3387,749,2025-10-16,In-Store,Cash on Delivery,1
3388,1679,2025-06-09,Website,Tabby (BNPL),2
3389,119,2025-10-28,Website,Cash on Delivery,1
3390,2012,2025-03-11,Online App,Credit Card,2
3391,988,2025-12-20,In-Store,Cash on Delivery,3
3392,2696,2025-10-04,Online App,Cash on Delivery,2
3393,2672,2025-03-25,Online App,Tabby (BNPL),1
3394,997,2025-05-14,Online App,Cash on Delivery,1
3395,2706,2025-07-11,Website,Credit Card,1
3396,2991,2024-06-10,In-Store,Cash on Delivery,1
3397,2489,2025-01-11,Website,Credit Card,1
3398,2540,2025-11-13,Online App,Apple Pay,1
3399,765,2024-08-25,Online App,Cash on Delivery,3
3400,1733,2025-12-15,In-Store,Credit Card,1
3401,196,2025-06-11,Online App,Credit Card,2
3402,278,2025-10-27,Online App,Cash on Delivery,2
3403,2999,2025-10-10,Website,Tabby (BNPL),1
3404,999,2025-02-02,Online App,Apple Pay,3
3405,2251,2025-11-23,Website,Credit Card,1
3406,2434,2025-10-16,Online App,Tabby (BNPL),5
3407,2575,2025-07-02,Website,Credit Card,1
3408,2995,2025-01-13,Website,Apple Pay,1
3409,743,2025-11-27,Website,Credit Card,1
3410,121,2025-04-21,In-Store,Cash on Delivery,2
3411,1246,2025-10-07,Website,Credit Card,1
3412,384,2025-05-05,Online App,Apple Pay,1
3413,75,2025-05-05,Online App,Credit Card,5
3414,1103,2025-03-27,Website,Tabby (BNPL),2
3415,2365,2025-01-17,In-Store,Apple Pay,1
3416,1705,2025-12-02,Website,Apple Pay,1
3417,952,2025-02-18,In-Store,Tabby (BNPL),1
3418,1973,2025-06-09,Website,Apple Pay,7
3419,715,2025-12-18,Online App,Apple Pay,2
3420,44,2025-10-31,Website,Apple Pay,1
3421,2298,2025-11-16,Website,Tabby (BNPL),2
3422,1879,2025-11-09,Online App,Cash on Delivery,3
3423,2294,2025-09-19,Website,Tabby (BNPL),1
3424,119,2025-09-18,In-Store,Apple Pay,1
3425,2517,2024-10-13,Online App,Cash on Delivery,1
3426,1866,2025-07-23,Online App,Apple Pay,5
3427,1695,2025-11-28,Website,Apple Pay,4
3428,1882,2025-03-30,Online App,Credit Card,2
3429,2599,2025-11-20,Online App,Credit Card,2
3430,1766,2025-08-01,In-Store,Apple Pay,4
3431,1745,2025-05-17,Online App,Tabby (BNPL),1
3432,2973,2025-07-06,Online App,Credit Card,3
3433,2274,2025-09-30,Website,Tabby (BNPL),2
3434,1343,2025-10-16,Website,Tabby (BNPL),2
3435,2124,2025-06-27,Online App,Apple Pay,4
3436,1192,2025-05-07,Website,Apple Pay,1
3437,705,2025-06-15,Online App,Apple Pay,3
3438,1798,2025-12-27,In-Store,Cash on Delivery,1
3439,2784,2025-07-27,Online App,Apple Pay,2
3440,2788,2024-11-14,Online App,Credit Card,2
3441,1049,2025-11-20,Online App,Tabby (BNPL),1
3442,1588,2025-11-24,Website,Tabby (BNPL),1
3443,652,2024-06-30,In-Store,Credit Card,1
3444,2991,2025-05-31,In-Store,Apple Pay,1
3445,2947,2025-12-09,In-Store,Cash on Delivery,1
3446,1961,2025-09-11,Online App,Credit Card,6
3447,2425,2025-09-21,Website,Credit Card,2
3448,2147,2025-05-30,Website,Cash on Delivery,2
3449,1785,2025-12-14,Online App,Cash on Delivery,1
3450,155,2025-12-23,Online App,Cash on Delivery,2
3451,1379,2025-10-12,Online App,Tabby (BNPL),7
3452,2035,2025-03-26,In-Store,Tabby (BNPL),1
3453,2041,2025-09-13,In-Store,Credit Card,3
3454,1144,2025-01-14,Online App,Apple Pay,2
3455,2825,2025-01-04,Online App,Apple Pay,6
3456,514,2025-11-04,Website,Tabby (BNPL),6
3457,1504,2025-09-17,In-Store,Credit Card,1
3458,2082,2025-06-03,Website,Credit Card,4
3459,2102,2025-07-29,Website,Apple Pay,2
3460,1958,2025-09-17,In-Store,Tabby (BNPL),1
3461,836,2025-12-27,Online App,Tabby (BNPL),3
3462,471,2025-01-18,Online App,Tabby (BNPL),1
3463,1920,2025-11-12,In-Store,Credit Card,4
3464,1804,2025-10-19,Website,Cash on Delivery,1
3465,546,2025-08-14,In-Store,Credit Card,1
3466,2119,2025-12-24,Website,Apple Pay,2
3467,1380,2025-09-15,In-Store,Apple Pay,1
3468,2013,2025-06-24,Online App,Apple Pay,1
3469,2518,2025-01-21,Website,Credit Card,2
3470,519,2025-08-03,Website,Cash on Delivery,2
3471,61,2025-02-27,In-Store,Apple Pay,1
3472,2352,2025-12-24,Online App,Apple Pay,1
3473,1837,2025-03-21,Website,Tabby (BNPL),1
3474,2109,2025-11-14,Website,Tabby (BNPL),1
3475,2521,2025-03-18,In-Store,Tabby (BNPL),3
3476,2421,2024-10-22,Website,Tabby (BNPL),7
3477,2889,2025-12-16,Online App,Credit Card,1
3478,1612,2025-07-19,Website,Tabby (BNPL),2
3479,1471,2025-07-25,Online App,Cash on Delivery,3
3480,1223,2025-12-10,Website,Tabby (BNPL),7
3481,463,2024-09-07,Website,Apple Pay,2
3482,1721,2025-12-08,Online App,Tabby (BNPL),2
3483,841,2024-11-29,Website,Credit Card,2
3484,2761,2025-12-16,Online App,Tabby (BNPL),4
3485,1753,2025-12-30,Online App,Tabby (BNPL),1
3486,1783,2025-11-28,Online App,Apple Pay,3
3487,1089,2025-12-16,Online App,Credit Card,1
3488,150,2025-04-13,Website,Apple Pay,2
3489,105,2025-12-25,Online App,Tabby (BNPL),1
3490,1278,2025-11-22,Online App,Tabby (BNPL),1
3491,245,2025-12-09,In-Store,Tabby (BNPL),1
3492,1828,2025-11-15,Website,Cash on Delivery,2
3493,2650,2024-11-21,In-Store,Tabby (BNPL),6
3494,2656,2025-11-14,In-Store,Tabby (BNPL),2
3495,1989,2025-12-04,Online App,Credit Card,1
3496,652,2024-08-22,In-Store,Cash on Delivery,1
3497,2593,2025-08-29,Website,Apple Pay,7
3498,2666,2025-03-05,Website,Apple Pay,1
3499,602,2025-12-22,Online App,Credit Card,2
3500,2218,2025-11-29,Online App,Apple Pay,1
3501,873,2025-12-31,Online App,Apple Pay,2
3502,2420,2025-01-25,Online App,Tabby (BNPL),1
3503,2994,2025-11-26,Website,Cash on Delivery,1
3504,99,2025-12-21,Online App,Apple Pay,1
3505,2694,2025-12-17,Website,Cash on Delivery,2
3506,1878,2024-08-12,Online App,Tabby (BNPL),2
3507,2923,2025-06-15,Online App,Apple Pay,5
3508,1411,2025-12-04,Website,Tabby (BNPL),1
3509,2548,2025-06-19,Website,Credit Card,1
3510,179,2025-12-25,Website,Credit Card,1
3511,1027,2024-10-30,Online App,Apple Pay,3
3512,195,2024-12-23,Online App,Apple Pay,3
3513,2928,2025-11-03,Online App,Credit Card,3
3514,2465,2025-04-12,Online App,Credit Card,6
3515,2564,2025-09-12,Online App,Tabby (BNPL),2
3516,2812,2025-03-31,Online App,Cash on Delivery,3
3517,248,2025-06-21,Online App,Apple Pay,1
3518,1182,2025-06-23,Online App,Tabby (BNPL),2
3519,207,2025-10-26,Website,Credit Card,1
3520,651,2024-12-03,Website,Apple Pay,1
3521,706,2024-07-31,In-Store,Apple Pay,7
3522,1419,2025-10-31,In-Store,Tabby (BNPL),1
3523,817,2025-11-22,In-Store,Credit Card,1
3524,298,2025-12-10,Online App,Credit Card,1
3525,515,2025-10-14,In-Store,Credit Card,5
3526,444,2024-06-26,Online App,Tabby (BNPL),2
3527,2923,2025-03-23,Online App,Apple Pay,5
3528,2284,2025-06-08,Online App,Credit Card,5
3529,2910,2025-06-12,Website,Apple Pay,1
3530,1336,2025-04-03,Website,Credit Card,2
3531,844,2025-01-12,Online App,Cash on Delivery,3
3532,2409,2025-08-28,Online App,Cash on Delivery,1
3533,998,2025-12-16,Website,Cash on Delivery,1
3534,910,2025-10-02,Online App,Cash on Delivery,1
3535,717,2025-05-24,Online App,Cash on Delivery,2
3536,382,2025-05-04,Online App,Apple Pay,2
3537,785,2025-01-17,In-Store,Credit Card,2
3538,1091,2024-11-02,Online App,Tabby (BNPL),1
3539,2032,2025-06-02,Online App,Credit Card,3
3540,180,2025-11-04,Online App,Cash on Delivery,7
3541,649,2025-07-28,Online App,Tabby (BNPL),2
3542,2439,2025-07-25,Website,Apple Pay,2
3543,442,2025-10-11,Online App,Credit Card,1
3544,1050,2025-09-13,Website,Cash on Delivery,1
3545,2599,2025-12-08,Website,Tabby (BNPL),2
3546,467,2025-12-24,Website,Cash on Delivery,1
3547,241,2025-12-14,Online App,Apple Pay,3
3548,1460,2025-07-05,In-Store,Cash on Delivery,1
3549,920,2025-07-02,Online App,Tabby (BNPL),3
3550,1695,2025-08-30,Online App,Tabby (BNPL),4
3551,2423,2025-09-28,Website,Tabby (BNPL),2
3552,411,2025-09-20,Website,Cash on Delivery,2
3553,1745,2025-07-05,Online App,Credit Card,1
3554,1514,2025-02-22,Online App,Tabby (BNPL),1
3555,434,2025-11-16,Website,Apple Pay,2
3556,1880,2025-08-03,In-Store,Credit Card,1
3557,829,2025-08-07,Online App,Cash on Delivery,1
3558,1469,2025-12-20,Online App,Cash on Delivery,1
3559,240,2025-09-28,In-Store,Credit Card,3
3560,1395,2025-05-06,Online App,Cash on Delivery,2
3561,931,2025-10-04,In-Store,Credit Card,6
3562,2478,2025-12-22,Online App,Apple Pay,5
3563,164,2024-08-11,Online App,Cash on Delivery,2
3564,1267,2024-12-14,Online App,Cash on Delivery,1
3565,1393,2025-12-23,Online App,Credit Card,2
3566,2178,2025-08-31,Online App,Cash on Delivery,1
3567,1728,2024-03-16,In-Store,Apple Pay,7
3568,2013,2024-11-24,Online App,Apple Pay,1
3569,2346,2025-11-30,Online App,Apple Pay,1
3570,2590,2025-12-03,Online App,Cash on Delivery,1
3571,956,2025-12-11,Online App,Tabby (BNPL),2
3572,1619,2025-10-13,Online App,Cash on Delivery,7
3573,2527,2025-10-30,Online App,Tabby (BNPL),1
3574,2970,2024-12-12,Online App,Credit Card,1
3575,2675,2025-10-01,Online App,Credit Card,2
3576,1137,2025-12-25,Website,Credit Card,2
3577,599,2025-08-02,Online App,Apple Pay,7
3578,1473,2024-10-01,Online App,Apple Pay,2
3579,2230,2025-05-11,Online App,Apple Pay,3
3580,1481,2025-02-22,Online App,Tabby (BNPL),3
3581,1457,2025-11-07,Online App,Cash on Delivery,1
3582,2521,2024-06-14,Online App,Credit Card,3
3583,1105,2025-08-27,Online App,Tabby (BNPL),1
3584,2584,2025-03-25,Website,Credit Card,2
3585,1236,2025-11-19,Website,Cash on Delivery,1
3586,1004,2025-10-18,In-Store,Tabby (BNPL),2
3587,1378,2025-10-29,Website,Apple Pay,5
3588,2295,2025-12-23,Website,Apple Pay,2
3589,367,2024-08-17,In-Store,Tabby (BNPL),3
3590,601,2025-12-29,Website,Credit Card,4
3591,2850,2025-12-22,Website,Apple Pay,7
3592,532,2025-03-16,Online App,Apple Pay,2
3593,1710,2025-08-18,In-Store,Cash on Delivery,1
3594,1739,2025-11-26,In-Store,Apple Pay,1
3595,1473,2025-02-21,Online App,Cash on Delivery,2
3596,1943,2025-06-14,Online App,Credit Card,1
3597,709,2025-09-28,Website,Credit Card,1
3598,1664,2024-07-17,Website,Tabby (BNPL),1
3599,1141,2025-08-11,Online App,Tabby (BNPL),1
3600,1996,2024-12-03,Website,Cash on Delivery,1
3601,423,2025-10-13,Online App,Tabby (BNPL),3
3602,1716,2025-08-20,Online App,Cash on Delivery,2
3603,568,2025-10-06,In-Store,Cash on Delivery,1
3604,845,2024-08-01,Website,Cash on Delivery,2
3605,673,2025-10-26,Website,Cash on Delivery,2
3606,559,2025-01-26,Online App,Credit Card,2
3607,2490,2025-03-24,Website,Cash on Delivery,1
3608,869,2024-10-07,In-Store,Credit Card,2
3609,2779,2025-12-24,Online App,Tabby (BNPL),5
3610,2915,2024-08-07,Website,Apple Pay,2
3611,1717,2025-10-16,Website,Apple Pay,1
3612,430,2025-10-10,Website,Apple Pay,1
3613,1149,2025-12-29,In-Store,Tabby (BNPL),5
3614,2408,2025-11-22,Online App,Cash on Delivery,1
3615,1123,2025-11-18,Website,Credit Card,2
3616,253,2025-04-04,Online App,Apple Pay,2
3617,1677,2024-10-08,In-Store,Tabby (BNPL),6
3618,2541,2024-08-30,In-Store,Apple Pay,1
3619,2401,2025-12-04,Website,Apple Pay,1
3620,531,2025-12-23,In-Store,Apple Pay,4
3621,2029,2025-12-06,In-Store,Cash on Delivery,1
3622,680,2025-04-10,Online App,Cash on Delivery,1
3623,671,2024-11-16,Online App,Apple Pay,5
3624,2631,2025-03-01,Website,Cash on Delivery,1
3625,767,2025-09-25,Online App,Tabby (BNPL),2
3626,801,2024-06-24,Online App,Credit Card,1
3627,4,2025-04-25,Online App,Tabby (BNPL),1
3628,2619,2025-02-04,Online App,Tabby (BNPL),1
3629,2389,2025-09-13,In-Store,Apple Pay,1
3630,1891,2025-04-25,Online App,Cash on Delivery,4
3631,2254,2025-10-09,Online App,Cash on Delivery,1
3632,458,2025-01-16,In-Store,Credit Card,3
3633,1393,2025-12-15,Website,Tabby (BNPL),2
3634,1077,2025-11-20,Online App,Apple Pay,2
3635,274,2025-12-24,Online App,Credit Card,3
3636,1464,2025-08-17,Website,Credit Card,2
3637,2760,2025-05-05,Online App,Tabby (BNPL),1
3638,120,2025-12-21,Online App,Apple Pay,2
3639,888,2024-10-23,Online App,Tabby (BNPL),1
3640,638,2025-10-20,Online App,Apple Pay,1
3641,734,2024-10-05,Online App,Cash on Delivery,1
3642,2724,2025-12-27,In-Store,Cash on Delivery,7
3643,1417,2025-06-04,In-Store,Credit Card,1
3644,1415,2025-12-10,Online App,Tabby (BNPL),2
3645,2288,2025-12-29,Website,Credit Card,1
3646,466,2025-08-14,Website,Cash on Delivery,1
3647,1469,2025-03-16,Online App,Credit Card,1
3648,1303,2025-12-28,Website,Credit Card,1
3649,1798,2025-10-10,Online App,Apple Pay,1
3650,2999,2025-12-27,In-Store,Credit Card,1
3651,2320,2025-07-02,In-Store,Tabby (BNPL),2
3652,1212,2024-12-09,Website,Credit Card,1
3653,2493,2025-09-22,Online App,Credit Card,3
3654,520,2024-11-13,Online App,Apple Pay,1
3655,100,2025-12-10,Online App,Credit Card,1
3656,628,2025-05-23,In-Store,Tabby (BNPL),2
3657,1044,2025-12-13,Online App,Cash on Delivery,2
3658,1527,2025-01-08,In-Store,Tabby (BNPL),1
3659,1850,2025-12-31,Online App,Cash on Delivery,2
3660,2731,2025-01-19,Online App,Credit Card,2
3661,1524,2025-12-21,In-Store,Cash on Delivery,1
3662,1505,2025-09-17,Online App,Credit Card,2
3663,143,2025-12-22,In-Store,Tabby (BNPL),2
3664,110,2025-08-26,In-Store,Credit Card,1
3665,1660,2025-09-14,In-Store,Credit Card,1
3666,1330,2025-06-06,Online App,Cash on Delivery,1
3667,2523,2024-02-14,In-Store,Tabby (BNPL),2
3668,486,2025-12-29,Online App,Apple Pay,1
3669,85,2025-07-22,In-Store,Credit Card,1
3670,1360,2025-05-19,Website,Credit Card,1
3671,734,2024-10-26,In-Store,Apple Pay,1
3672,142,2024-04-16,Online App,Cash on Delivery,1
3673,2177,2025-09-04,In-Store,Cash on Delivery,6
3674,326,2025-10-20,Website,Credit Card,1
3675,1831,2025-11-29,Online App,Tabby (BNPL),2
3676,852,2025-07-16,In-Store,Cash on Delivery,1
3677,527,2025-07-10,In-Store,Cash on Delivery,1
3678,1162,2025-11-13,Online App,Cash on Delivery,3
3679,2418,2025-03-20,Online App,Credit Card,1
3680,1200,2025-06-24,Online App,Tabby (BNPL),2
3681,2257,2025-12-30,In-Store,Cash on Delivery,3
3682,364,2024-12-09,In-Store,Cash on Delivery,5
3683,2332,2025-08-14,Online App,Tabby (BNPL),2
3684,732,2025-06-05,Online App,Apple Pay,1
3685,2041,2025-11-26,In-Store,Tabby (BNPL),3
3686,1703,2025-07-24,Online App,Credit Card,1
3687,2788,2025-01-12,Online App,Credit Card,2
3688,1187,2025-08-14,Online App,Tabby (BNPL),6
3689,192,2025-04-09,Online App,Apple Pay,1
3690,61,2024-11-27,Online App,Credit Card,1
3691,2491,2025-05-28,In-Store,Tabby (BNPL),3
3692,1580,2025-11-27,Website,Tabby (BNPL),5
3693,2341,2025-06-08,In-Store,Apple Pay,3
3694,724,2025-12-24,In-Store,Tabby (BNPL),2
3695,1062,2025-10-23,Online App,Cash on Delivery,1
3696,100,2025-06-01,Website,Apple Pay,1
3697,2891,2025-06-30,Website,Cash on Delivery,1
3698,2013,2024-07-12,Website,Cash on Delivery,1
3699,2799,2025-12-31,Website,Tabby (BNPL),1
3700,808,2025-12-13,Online App,Apple Pay,2
3701,1843,2025-08-02,Website,Cash on Delivery,2
3702,2042,2025-10-20,In-Store,Credit Card,2
3703,968,2025-08-15,Website,Tabby (BNPL),5
3704,2549,2025-12-30,In-Store,Cash on Delivery,1
3705,2839,2025-10-07,Online App,Cash on Delivery,2
3706,2665,2025-07-09,In-Store,Cash on Delivery,6
3707,2223,2025-01-29,Online App,Apple Pay,2
3708,843,2025-05-17,Website,Apple Pay,4
3709,854,2025-12-07,Online App,Credit Card,1
3710,2897,2025-08-04,Website,Cash on Delivery,1
3711,31,2025-12-24,Online App,Tabby (BNPL),4
3712,2149,2025-08-08,In-Store,Cash on Delivery,2
3713,2123,2024-07-23,Online App,Cash on Delivery,2
3714,1878,2025-01-26,Online App,Cash on Delivery,2
3715,2973,2025-04-08,Online App,Apple Pay,3
3716,951,2025-11-27,Online App,Credit Card,3
3717,1042,2024-11-25,Website,Credit Card,2
3718,230,2025-06-15,Online App,Credit Card,1
3719,1346,2025-12-03,Website,Credit Card,1
3720,797,2025-01-18,Online App,Credit Card,2
3721,1053,2025-04-17,In-Store,Cash on Delivery,1
3722,2512,2025-10-04,Website,Credit Card,2
3723,2803,2024-10-28,In-Store,Apple Pay,1
3724,568,2025-11-26,Online App,Credit Card,1
3725,1142,2025-11-11,In-Store,Apple Pay,5
3726,2785,2025-05-02,Online App,Cash on Delivery,5
3727,177,2025-11-04,Online App,Credit Card,2
3728,268,2025-10-13,Online App,Tabby (BNPL),2
3729,495,2025-12-23,Website,Credit Card,1
3730,1794,2025-12-23,Website,Credit Card,1
3731,451,2025-10-06,Online App,Tabby (BNPL),3
3732,2910,2025-09-10,In-Store,Apple Pay,1
3733,1355,2025-10-03,Online App,Cash on Delivery,1
3734,1505,2025-11-21,Online App,Credit Card,2
3735,759,2025-12-03,Online App,Credit Card,1
3736,1425,2025-11-14,Online App,Tabby (BNPL),1
3737,1996,2025-06-13,Website,Apple Pay,1
3738,2258,2025-09-15,Website,Credit Card,3
3739,2267,2025-12-05,Website,Credit Card,1
3740,1736,2025-12-20,Website,Cash on Delivery,6
3741,2713,2024-09-11,In-Store,Tabby (BNPL),1
3742,2466,2025-05-28,Website,Credit Card,6
3743,2275,2025-07-28,Online App,Credit Card,1
3744,159,2024-05-28,In-Store,Credit Card,3
3745,22,2025-09-10,Website,Credit Card,2
3746,653,2025-12-03,Online App,Credit Card,3
3747,2001,2024-09-18,In-Store,Tabby (BNPL),2
3748,1246,2025-08-19,Website,Cash on Delivery,1
3749,1223,2025-12-29,Online App,Cash on Delivery,7
3750,2664,2024-10-24,In-Store,Credit Card,2
3751,2690,2024-06-09,Online App,Tabby (BNPL),2
3752,2726,2025-07-01,Online App,Credit Card,4
3753,956,2025-10-12,In-Store,Tabby (BNPL),2
3754,2083,2025-09-11,In-Store,Apple Pay,1
3755,823,2025-10-03,Website,Credit Card,1
3756,581,2025-10-24,Online App,Tabby (BNPL),7
3757,567,2025-12-13,Online App,Cash on Delivery,2
3758,1049,2025-12-13,Online App,Tabby (BNPL),1
3759,1303,2025-11-11,Online App,Credit Card,1
3760,2503,2025-03-25,Website,Cash on Delivery,7
3761,348,2024-12-06,Online App,Credit Card,3
3762,2211,2025-09-21,Online App,Tabby (BNPL),2
3763,1596,2025-06-11,Website,Apple Pay,5
3764,878,2025-02-07,In-Store,Cash on Delivery,2
3765,1482,2024-10-26,Website,Apple Pay,1
3766,913,2025-11-09,Website,Tabby (BNPL),4
3767,1795,2024-12-13,Website,Credit Card,1
3768,1314,2025-11-21,Website,Cash on Delivery,1
3769,500,2025-06-24,Online App,Credit Card,6
3770,339,2025-12-31,In-Store,Cash on Delivery,4
3771,1650,2025-09-05,Online App,Apple Pay,1
3772,2710,2025-10-23,In-Store,Apple Pay,1
3773,1056,2025-10-11,Online App,Apple Pay,3
3774,2201,2025-08-30,In-Store,Cash on Delivery,4
3775,1988,2025-02-03,Website,Tabby (BNPL),1
3776,2793,2025-12-31,Website,Apple Pay,2
3777,2474,2025-03-07,Online App,Apple Pay,2
3778,1707,2025-10-19,Website,Credit Card,1
3779,1981,2025-10-25,Website,Credit Card,2
3780,2697,2024-09-23,Online App,Cash on Delivery,1
3781,1214,2024-08-02,Website,Cash on Delivery,2
3782,999,2024-11-28,In-Store,Tabby (BNPL),3
3783,31,2025-12-31,Online App,Tabby (BNPL),4
3784,2491,2025-11-22,Online App,Apple Pay,3
3785,2417,2025-12-19,Website,Tabby (BNPL),2
3786,308,2025-01-19,Online App,Tabby (BNPL),5
3787,1733,2025-09-22,Website,Tabby (BNPL),1
3788,1407,2024-10-28,In-Store,Apple Pay,1
3789,346,2025-06-15,Online App,Credit Card,1
3790,2944,2025-11-24,Online App,Tabby (BNPL),2
3791,662,2025-12-09,Online App,Apple Pay,2
3792,196,2025-08-29,Online App,Credit Card,2
3793,1793,2025-09-24,In-Store,Cash on Delivery,1
3794,2223,2025-03-29,Online App,Apple Pay,2
3795,105,2025-08-24,Online App,Cash on Delivery,1
3796,1988,2025-04-10,Online App,Tabby (BNPL),1
3797,1599,2025-11-10,Online App,Cash on Delivery,1
3798,306,2025-03-27,In-Store,Apple Pay,5
3799,525,2025-12-31,Website,Cash on Delivery,1
3800,1712,2024-10-25,Online App,Cash on Delivery,1
3801,901,2025-10-11,In-Store,Apple Pay,7
3802,2813,2025-08-22,In-Store,Apple Pay,4
3803,2468,2024-11-14,Online App,Credit Card,1
3804,2953,2024-11-23,Online App,Cash on Delivery,1
3805,793,2025-11-23,Online App,Tabby (BNPL),1
3806,2914,2025-06-19,In-Store,Tabby (BNPL),2
3807,1308,2025-06-22,Online App,Cash on Delivery,1
3808,1068,2025-12-27,Online App,Credit Card,2
3809,143,2025-12-12,Website,Credit Card,2
3810,153,2025-10-03,In-Store,Tabby (BNPL),2
3811,2086,2024-08-26,Website,Credit Card,1
3812,1392,2025-06-05,Website,Cash on Delivery,2
3813,697,2025-10-03,Website,Cash on Delivery,5
3814,1848,2025-08-09,In-Store,Apple Pay,2
3815,774,2024-07-21,In-Store,Tabby (BNPL),3
3816,1736,2025-10-28,Website,Apple Pay,6
3817,1101,2025-10-11,In-Store,Tabby (BNPL),1
3818,2483,2025-12-09,Online App,Tabby (BNPL),1
3819,2474,2025-07-30,Online App,Credit Card,2
3820,1445,2024-07-01,In-Store,Tabby (BNPL),1
3821,1076,2025-12-19,Online App,Credit Card,1
3822,1109,2025-01-18,In-Store,Apple Pay,1
3823,2430,2025-12-07,Website,Cash on Delivery,1
3824,1004,2025-12-23,In-Store,Tabby (BNPL),2
3825,642,2025-03-31,Online App,Credit Card,1
3826,246,2025-12-15,Website,Tabby (BNPL),7
3827,1415,2025-12-12,Website,Credit Card,2
3828,1456,2025-11-14,Online App,Tabby (BNPL),1
3829,2529,2025-08-14,Online App,Apple Pay,2
3830,683,2025-12-19,In-Store,Credit Card,1
3831,1167,2025-12-04,In-Store,Credit Card,1
3832,2439,2024-11-01,Online App,Cash on Delivery,2
3833,2483,2025-09-02,In-Store,Credit Card,1
3834,1178,2025-04-18,Online App,Tabby (BNPL),1
3835,1394,2025-07-03,Website,Tabby (BNPL),1
3836,921,2024-08-29,In-Store,Cash on Delivery,2
3837,2797,2025-06-11,Online App,Cash on Delivery,2
3838,345,2025-08-11,Online App,Apple Pay,2
3839,2800,2024-09-25,Website,Credit Card,1
3840,2064,2024-02-11,Online App,Apple Pay,3
3841,1597,2025-09-23,Website,Apple Pay,3
3842,106,2024-11-18,Website,Apple Pay,7
3843,1442,2025-08-06,Website,Credit Card,2
3844,1238,2025-07-04,In-Store,Tabby (BNPL),1
3845,487,2025-11-28,Online App,Credit Card,6
3846,1979,2025-11-14,In-Store,Tabby (BNPL),3
3847,2918,2025-06-03,Website,Cash on Delivery,3
3848,1693,2025-08-02,Online App,Credit Card,2
3849,2147,2025-09-18,Online App,Tabby (BNPL),2
3850,200,2025-01-02,Online App,Apple Pay,1
3851,1264,2025-04-05,Online App,Cash on Delivery,1
3852,339,2025-12-31,Website,Apple Pay,4
3853,1846,2025-08-01,In-Store,Apple Pay,1
3854,2814,2025-04-04,Website,Tabby (BNPL),2
3855,1996,2024-10-16,In-Store,Cash on Delivery,1
3856,226,2025-11-16,Online App,Tabby (BNPL),6
3857,1088,2025-09-20,Website,Apple Pay,5
3858,1659,2025-04-22,In-Store,Apple Pay,1
3859,1225,2025-11-30,Website,Apple Pay,2
3860,2511,2025-05-28,In-Store,Tabby (BNPL),1
3861,2458,2025-06-25,Online App,Credit Card,1
3862,1845,2024-03-21,In-Store,Credit Card,1
3863,1146,2025-05-17,Online App,Cash on Delivery,1
3864,782,2025-07-12,Online App,Cash on Delivery,2
3865,312,2024-12-10,Website,Credit Card,4
3866,1089,2025-10-21,Online App,Credit Card,1
3867,1250,2024-09-01,Online App,Apple Pay,3
3868,2037,2025-10-25,Website,Apple Pay,6
3869,1986,2025-06-12,Website,Cash on Delivery,1
3870,205,2025-07-12,Website,Credit Card,5
3871,1206,2024-11-10,Online App,Apple Pay,2
3872,553,2025-03-12,Website,Apple Pay,1
3873,472,2025-08-28,Website,Cash on Delivery,1
3874,2493,2024-11-03,In-Store,Credit Card,3
3875,123,2025-06-10,In-Store,Credit Card,2
3876,1267,2024-09-09,Website,Cash on Delivery,1
3877,515,2025-10-12,Online App,Credit Card,5
3878,2647,2025-12-22,Online App,Cash on Delivery,1
3879,1678,2025-07-22,Website,Apple Pay,2
3880,713,2025-11-03,Website,Credit Card,7
3881,1507,2025-11-03,In-Store,Apple Pay,2
3882,2197,2025-06-28,In-Store,Tabby (BNPL),3
3883,2878,2024-09-14,Online App,Credit Card,7
3884,680,2025-03-21,Online App,Apple Pay,1
3885,2666,2025-01-14,Online App,Credit Card,1
3886,2801,2025-03-01,Online App,Cash on Delivery,2
3887,2749,2025-12-11,Website,Credit Card,2
3888,1919,2025-10-15,Online App,Apple Pay,1
3889,1898,2025-06-26,Online App,Credit Card,1
3890,1225,2025-12-10,Online App,Tabby (BNPL),2
3891,2263,2025-12-07,Website,Tabby (BNPL),5
3892,1596,2025-02-16,Online App,Credit Card,5
3893,2041,2025-11-29,Website,Cash on Delivery,3
3894,1296,2025-08-16,Online App,Cash on Delivery,3
3895,2197,2025-04-24,In-Store,Tabby (BNPL),3
3896,2485,2025-09-21,In-Store,Tabby (BNPL),5
3897,441,2025-11-28,Online App,Apple Pay,7
3898,2510,2025-09-06,Online App,Credit Card,1
3899,1631,2025-10-23,In-Store,Cash on Delivery,1
3900,2539,2025-01-15,In-Store,Cash on Delivery,1
3901,1308,2025-05-31,Online App,Tabby (BNPL),1
3902,1160,2025-11-16,Online App,Tabby (BNPL),5
3903,2743,2025-06-24,In-Store,Apple Pay,1
3904,769,2025-03-27,In-Store,Cash on Delivery,6
3905,2538,2024-09-05,In-Store,Apple Pay,1
3906,1458,2025-08-21,Online App,Cash on Delivery,6
3907,1536,2025-07-23,Online App,Tabby (BNPL),1
3908,938,2025-09-15,Website,Apple Pay,2
3909,1722,2025-07-15,Website,Cash on Delivery,2
3910,996,2025-01-28,In-Store,Cash on Delivery,3
3911,119,2025-09-14,Website,Cash on Delivery,1
3912,825,2024-09-24,In-Store,Cash on Delivery,1
3913,21,2025-09-14,In-Store,Credit Card,4
3914,2936,2025-10-17,Online App,Cash on Delivery,1
3915,2904,2025-12-21,Online App,Credit Card,6
3916,1205,2025-11-03,Online App,Apple Pay,4
3917,2188,2025-02-10,Online App,Tabby (BNPL),4
3918,1065,2025-07-05,Online App,Tabby (BNPL),2
3919,2023,2025-12-19,In-Store,Apple Pay,1
3920,2429,2025-05-30,Website,Apple Pay,1
3921,2839,2025-11-28,Website,Credit Card,2
3922,1217,2024-10-04,Online App,Credit Card,1
3923,2363,2025-11-24,In-Store,Tabby (BNPL),1
3924,810,2025-02-26,Website,Cash on Delivery,2
3925,2973,2025-03-21,Online App,Apple Pay,3
3926,88,2025-03-02,Website,Apple Pay,3
3927,1817,2025-12-18,Online App,Tabby (BNPL),1
3928,1990,2025-08-25,Online App,Apple Pay,3
3929,2074,2025-10-24,In-Store,Apple Pay,2
3930,350,2025-02-08,Online App,Cash on Delivery,2
3931,2814,2024-11-02,Online App,Apple Pay,2
3932,552,2025-05-25,Online App,Tabby (BNPL),3
3933,1878,2025-05-05,Online App,Apple Pay,2
3934,687,2025-05-03,Website,Cash on Delivery,1
3935,934,2025-11-05,Website,Tabby (BNPL),3
3936,1650,2025-12-15,Online App,Apple Pay,1
3937,1261,2024-09-25,Website,Tabby (BNPL),2
3938,486,2025-12-18,Website,Cash on Delivery,1
3939,521,2025-12-10,Online App,Tabby (BNPL),2
3940,1266,2025-03-02,Online App,Apple Pay,1
3941,2276,2025-08-18,Online App,Apple Pay,4
3942,2696,2025-11-22,Online App,Cash on Delivery,2
3943,245,2025-04-14,Website,Apple Pay,1
3944,1201,2025-11-10,Website,Tabby (BNPL),1
3945,295,2025-09-11,Online App,Apple Pay,5
3946,53,2025-11-21,In-Store,Apple Pay,1
3947,1996,2024-10-07,Online App,Tabby (BNPL),1
3948,1815,2024-11-03,In-Store,Apple Pay,1
3949,496,2025-11-14,Website,Apple Pay,1
3950,721,2024-11-26,In-Store,Credit Card,1
3951,79,2025-11-08,Online App,Tabby (BNPL),1
3952,2512,2025-12-08,Website,Cash on Delivery,2
3953,2926,2025-05-23,Website,Cash on Delivery,2
3954,405,2025-12-04,In-Store,Cash on Delivery,2
3955,713,2025-06-08,Website,Tabby (BNPL),7
3956,2613,2025-08-14,Online App,Credit Card,1
3957,2775,2024-10-20,Online App,Cash on Delivery,1
3958,1268,2025-12-14,Online App,Cash on Delivery,1
3959,144,2025-08-11,In-Store,Cash on Delivery,6
3960,119,2025-11-11,Online App,Cash on Delivery,1
3961,1727,2025-07-14,Online App,Tabby (BNPL),3
3962,1200,2024-11-29,In-Store,Credit Card,2
3963,95,2025-02-14,Online App,Tabby (BNPL),3
3964,1753,2025-12-22,Online App,Apple Pay,1
3965,33,2025-06-03,Online App,Credit Card,1
3966,2376,2025-01-14,Website,Tabby (BNPL),6
3967,931,2025-11-21,Website,Cash on Delivery,6
3968,120,2025-12-25,Online App,Credit Card,2
3969,1770,2024-12-31,Online App,Cash on Delivery,1
3970,1211,2025-12-15,In-Store,Tabby (BNPL),1
3971,2924,2024-12-29,In-Store,Cash on Delivery,1
3972,1644,2024-12-01,Online App,Apple Pay,1
3973,836,2025-12-28,Online App,Credit Card,3
3974,2130,2025-09-23,Online App,Cash on Delivery,2
3975,823,2025-05-01,Online App,Apple Pay,1
3976,2713,2025-05-13,In-Store,Credit Card,1
3977,1149,2025-12-30,Online App,Credit Card,5
3978,1658,2025-02-15,Website,Tabby (BNPL),6
3979,144,2025-09-02,Online App,Cash on Delivery,6
3980,1289,2025-05-15,Website,Apple Pay,2
3981,2509,2024-05-30,Online App,Tabby (BNPL),1
3982,2430,2025-12-17,Online App,Apple Pay,1
3983,690,2025-11-15,In-Store,Credit Card,2
3984,695,2025-10-28,Online App,Credit Card,1
3985,2466,2024-07-30,Online App,Credit Card,6
3986,2791,2025-08-02,Website,Tabby (BNPL),3
3987,281,2025-12-30,Online App,Cash on Delivery,1
3988,1366,2025-10-27,Website,Cash on Delivery,1
3989,1033,2025-07-24,Online App,Tabby (BNPL),1
3990,2619,2025-03-14,Online App,Cash on Delivery,1
3991,243,2025-06-22,In-Store,Tabby (BNPL),5
3992,651,2025-06-07,Website,Cash on Delivery,1
3993,2263,2025-12-27,Online App,Apple Pay,5
3994,146,2025-11-21,Online App,Tabby (BNPL),2
3995,1481,2025-08-17,Website,Cash on Delivery,3
3996,1342,2024-09-19,Online App,Tabby (BNPL),1
3997,1023,2025-03-17,In-Store,Tabby (BNPL),3
3998,1205,2025-09-20,Online App,Credit Card,4
3999,1594,2025-06-19,Website,Tabby (BNPL),3
4000,487,2025-11-11,Online App,Cash on Delivery,6
4001,1718,2025-09-30,Online App,Credit Card,3
4002,2429,2024-02-24,In-Store,Credit Card,1
4003,2287,2025-11-09,Website,Cash on Delivery,1
4004,464,2025-08-29,Online App,Cash on Delivery,3
4005,448,2025-04-25,Online App,Apple Pay,2
4006,816,2025-07-05,Online App,Tabby (BNPL),1
4007,1105,2025-12-17,Online App,Apple Pay,1
4008,1240,2025-09-10,Online App,Credit Card,3
4009,2046,2025-09-22,Website,Credit Card,1
4010,163,2025-11-29,Online App,Cash on Delivery,5
4011,109,2025-10-08,Website,Tabby (BNPL),2
4012,1199,2025-03-10,Online App,Credit Card,2
4013,2103,2025-07-04,Online App,Tabby (BNPL),3
4014,592,2025-11-26,Online App,Apple Pay,1
4015,1934,2025-11-21,Online App,Tabby (BNPL),3
4016,794,2025-12-20,Website,Cash on Delivery,4
4017,2666,2025-04-14,Website,Tabby (BNPL),1
4018,2690,2025-12-31,Website,Tabby (BNPL),2
4019,904,2025-07-21,Online App,Tabby (BNPL),1
4020,710,2025-11-06,In-Store,Credit Card,1
4021,1246,2025-04-02,Online App,Cash on Delivery,1
4022,741,2025-08-01,In-Store,Tabby (BNPL),2
4023,2028,2025-09-26,Online App,Cash on Delivery,1
4024,2490,2025-04-11,Online App,Tabby (BNPL),1
4025,2031,2025-12-10,Online App,Apple Pay,2
4026,2484,2025-02-16,In-Store,Tabby (BNPL),5
4027,1209,2025-02-22,Website,Apple Pay,3
4028,471,2025-01-29,Online App,Cash on Delivery,1
4029,2220,2025-09-19,Online App,Credit Card,4
4030,1103,2025-07-23,Online App,Tabby (BNPL),2
4031,2024,2025-10-15,Website,Tabby (BNPL),2
4032,822,2025-11-10,In-Store,Credit Card,1
4033,235,2025-10-11,Online App,Credit Card,2
4034,2979,2025-11-27,Website,Apple Pay,2
4035,471,2025-08-06,Online App,Apple Pay,1
4036,2967,2025-05-19,Website,Tabby (BNPL),2
4037,2933,2024-05-29,Online App,Credit Card,2
4038,2395,2025-11-15,Online App,Credit Card,3
4039,1989,2025-08-09,Online App,Apple Pay,1
4040,1736,2025-12-17,In-Store,Tabby (BNPL),6
4041,2605,2025-06-23,Website,Apple Pay,2
4042,880,2025-10-14,Website,Tabby (BNPL),4
4043,1416,2025-06-15,In-Store,Credit Card,1
4044,1865,2024-10-13,Website,Credit Card,3
4045,1246,2025-12-01,Website,Credit Card,1
4046,1291,2025-11-13,Website,Apple Pay,5
4047,1012,2025-11-13,Online App,Tabby (BNPL),3
4048,1698,2024-12-10,Online App,Cash on Delivery,3
4049,2556,2025-09-06,Website,Tabby (BNPL),3
4050,616,2025-06-29,Online App,Cash on Delivery,1
4051,2801,2025-02-20,Website,Tabby (BNPL),2
4052,2075,2025-11-25,In-Store,Apple Pay,1
4053,2482,2025-02-16,Website,Cash on Delivery,2
4054,1675,2024-03-13,Website,Tabby (BNPL),6
4055,2354,2024-11-19,Website,Apple Pay,2
4056,52,2025-09-07,Website,Tabby (BNPL),2
4057,2467,2025-07-16,Website,Tabby (BNPL),4
4058,120,2025-12-23,In-Store,Apple Pay,2
4059,2676,2025-09-11,Website,Tabby (BNPL),1
4060,2977,2025-01-31,Online App,Apple Pay,1
4061,893,2025-11-28,In-Store,Credit Card,2
4062,648,2025-09-30,Website,Apple Pay,1
4063,2304,2025-11-28,Website,Credit Card,5
4064,774,2024-09-14,In-Store,Apple Pay,3
4065,2602,2024-09-07,Online App,Cash on Delivery,2
4066,306,2025-08-10,Website,Apple Pay,5
4067,367,2024-08-18,Website,Tabby (BNPL),3
4068,2939,2025-12-29,Website,Credit Card,1
4069,2032,2025-10-11,Online App,Tabby (BNPL),3
4070,2545,2025-12-29,Online App,Apple Pay,1
4071,993,2025-05-26,Online App,Tabby (BNPL),5
4072,2038,2025-11-12,Online App,Credit Card,3
4073,1789,2025-11-18,Website,Tabby (BNPL),1
4074,1816,2025-09-03,Online App,Tabby (BNPL),2
4075,2057,2025-11-29,Online App,Cash on Delivery,1
4076,1729,2025-11-25,Online App,Apple Pay,3
4077,1298,2025-12-01,In-Store,Apple Pay,1
4078,838,2025-12-21,Website,Apple Pay,2
4079,2318,2025-12-20,In-Store,Apple Pay,2
4080,696,2025-06-08,Online App,Cash on Delivery,1
4081,2088,2025-07-23,Online App,Credit Card,3
4082,719,2025-05-20,Online App,Credit Card,6
4083,1885,2025-09-15,In-Store,Credit Card,2
4084,2249,2025-10-04,In-Store,Cash on Delivery,2
4085,673,2025-04-03,Online App,Tabby (BNPL),2
4086,172,2024-07-14,Website,Apple Pay,3
4087,385,2025-12-28,Online App,Tabby (BNPL),6
4088,1825,2025-07-02,In-Store,Cash on Delivery,1
4089,2552,2025-08-26,In-Store,Credit Card,1
4090,130,2025-06-02,Online App,Apple Pay,5
4091,2207,2025-07-19,Website,Cash on Delivery,5
4092,1047,2024-12-23,Online App,Tabby (BNPL),3
4093,1447,2025-12-29,Online App,Tabby (BNPL),1
4094,2786,2025-09-21,Online App,Credit Card,1
4095,1015,2024-09-10,Online App,Credit Card,1
4096,1412,2024-09-08,Online App,Apple Pay,2
4097,40,2024-09-20,In-Store,Cash on Delivery,1
4098,237,2025-08-07,In-Store,Apple Pay,1
4099,789,2025-01-23,In-Store,Tabby (BNPL),2
4100,93,2025-12-02,Online App,Apple Pay,1
4101,1903,2025-09-04,Online App,Apple Pay,2
4102,1290,2025-11-27,Online App,Credit Card,5
4103,1653,2025-01-23,Online App,Credit Card,1
4104,530,2024-09-16,Online App,Tabby (BNPL),1
4105,900,2025-06-10,In-Store,Credit Card,3
4106,2003,2025-11-23,In-Store,Cash on Delivery,2
4107,2903,2025-09-04,Online App,Tabby (BNPL),1
4108,143,2025-12-03,Online App,Apple Pay,2
4109,2677,2025-12-23,Online App,Credit Card,3
4110,1733,2025-01-05,Website,Apple Pay,1
4111,1696,2025-03-13,Website,Cash on Delivery,4
4112,1504,2025-06-01,Online App,Apple Pay,1
4113,203,2025-09-17,In-Store,Cash on Delivery,2
4114,259,2025-12-29,Website,Credit Card,5
4115,1810,2025-05-25,Online App,Cash on Delivery,2
4116,1045,2025-10-29,Online App,Apple Pay,1
4117,2752,2025-03-18,Website,Cash on Delivery,1
4118,1236,2025-09-21,Online App,Credit Card,1
4119,431,2025-02-19,Website,Tabby (BNPL),1
4120,2147,2025-05-01,Website,Tabby (BNPL),2
4121,893,2025-12-28,Online App,Credit Card,2
4122,1584,2025-06-06,Website,Apple Pay,4
4123,2103,2025-05-11,Website,Credit Card,3
4124,2702,2025-04-27,Online App,Apple Pay,1
4125,2388,2024-02-14,Online App,Credit Card,1
4126,2038,2025-09-08,Online App,Tabby (BNPL),3
4127,2046,2024-10-24,Online App,Credit Card,1
4128,2837,2025-12-20,Website,Tabby (BNPL),1
4129,900,2025-12-18,In-Store,Cash on Delivery,3
4130,5,2025-05-12,Online App,Tabby (BNPL),1
4131,825,2025-01-17,In-Store,Cash on Delivery,1
4132,671,2024-12-31,Online App,Cash on Delivery,5
4133,1996,2024-11-21,Online App,Apple Pay,1
4134,1913,2025-02-03,Website,Apple Pay,3
4135,1785,2025-12-07,Online App,Apple Pay,1
4136,52,2025-04-05,Website,Cash on Delivery,2
4137,2188,2025-04-04,Website,Cash on Delivery,4
4138,989,2025-12-10,Website,Apple Pay,5
4139,2008,2025-08-04,Online App,Apple Pay,7
4140,1676,2025-06-02,Website,Cash on Delivery,2
4141,1051,2024-12-14,Website,Tabby (BNPL),2
4142,400,2024-11-20,Website,Tabby (BNPL),3
4143,276,2025-12-18,Online App,Apple Pay,1
4144,2506,2024-11-11,In-Store,Cash on Delivery,2
4145,2754,2025-10-01,Website,Credit Card,1
4146,1961,2025-06-26,Online App,Tabby (BNPL),6
4147,306,2025-04-03,Online App,Cash on Delivery,5
4148,1223,2025-12-29,In-Store,Credit Card,7
4149,2189,2025-12-20,Online App,Apple Pay,2
4150,2355,2025-08-07,In-Store,Credit Card,2
4151,344,2025-03-29,Online App,Cash on Delivery,3
4152,1,2024-11-20,Online App,Credit Card,2
4153,2139,2025-04-27,Website,Cash on Delivery,3
4154,1094,2025-07-30,In-Store,Cash on Delivery,2
4155,779,2025-10-08,Online App,Apple Pay,3
4156,36,2025-05-31,Website,Apple Pay,5
4157,1631,2025-09-14,In-Store,Cash on Delivery,1
4158,2557,2025-12-20,Online App,Apple Pay,3
4159,2876,2025-10-11,Online App,Tabby (BNPL),2
4160,1703,2025-01-31,Website,Tabby (BNPL),1
4161,1536,2024-10-09,Online App,Credit Card,1
4162,248,2025-02-23,Online App,Tabby (BNPL),1
4163,1656,2025-12-17,Online App,Tabby (BNPL),1
4164,1163,2025-05-14,Online App,Credit Card,2
4165,1828,2025-01-12,Website,Cash on Delivery,2
4166,1192,2025-01-16,Online App,Tabby (BNPL),1
4167,741,2025-06-06,Website,Apple Pay,2
4168,279,2025-09-22,Online App,Tabby (BNPL),6
4169,960,2025-10-02,Online App,Cash on Delivery,7
4170,285,2024-06-11,Online App,Tabby (BNPL),2
4171,538,2025-08-29,Online App,Cash on Delivery,2
4172,2962,2025-09-11,Online App,Apple Pay,3
4173,1350,2025-09-14,Website,Tabby (BNPL),1
4174,1598,2024-09-09,Online App,Credit Card,6
4175,2630,2025-10-21,Online App,Apple Pay,5
4176,2991,2024-11-29,Website,Apple Pay,1
4177,1751,2024-10-07,Website,Credit Card,1
4178,2450,2025-08-21,Website,Credit Card,1
4179,1000,2025-12-24,Website,Cash on Delivery,1
4180,931,2025-11-23,Online App,Tabby (BNPL),6
4181,1223,2025-12-16,Online App,Tabby (BNPL),7
4182,2028,2025-10-06,In-Store,Cash on Delivery,1
4183,2055,2025-06-11,Website,Credit Card,6
4184,961,2025-07-02,In-Store,Apple Pay,2
4185,392,2025-12-12,Online App,Tabby (BNPL),1
4186,1908,2025-09-19,Online App,Tabby (BNPL),2
4187,376,2025-02-20,In-Store,Credit Card,3
4188,1737,2025-09-15,Online App,Cash on Delivery,1
4189,2091,2025-08-22,Website,Credit Card,2
4190,2112,2025-06-11,Online App,Credit Card,2
4191,2265,2025-05-05,In-Store,Cash on Delivery,2
4192,2627,2025-11-11,In-Store,Credit Card,2
4193,1503,2025-08-19,Online App,Apple Pay,1
4194,2192,2025-07-22,Website,Tabby (BNPL),1
4195,1865,2025-02-03,Online App,Credit Card,3
4196,569,2025-10-19,Online App,Cash on Delivery,1
4197,87,2025-01-03,Online App,Tabby (BNPL),7
4198,864,2025-12-10,In-Store,Credit Card,7
4199,1347,2025-11-23,In-Store,Tabby (BNPL),2
4200,1859,2025-12-11,Online App,Tabby (BNPL),7
4201,2553,2025-02-15,Online App,Credit Card,1
4202,600,2025-08-05,Online App,Credit Card,3
4203,364,2025-08-19,In-Store,Cash on Delivery,5
4204,2898,2025-09-28,Website,Cash on Delivery,1
4205,320,2024-04-08,Online App,Cash on Delivery,5
4206,1447,2025-12-31,In-Store,Apple Pay,1
4207,1760,2025-08-05,Online App,Credit Card,3
4208,1635,2025-10-23,Website,Credit Card,3
4209,252,2025-04-21,Online App,Credit Card,3
4210,164,2025-12-19,Online App,Credit Card,2
4211,311,2025-12-22,Website,Credit Card,3
4212,1760,2024-08-26,Online App,Credit Card,3
4213,1645,2025-04-15,Website,Tabby (BNPL),4
4214,721,2024-11-01,Online App,Tabby (BNPL),1
4215,1926,2025-10-07,Online App,Tabby (BNPL),3
4216,2472,2024-08-31,Website,Apple Pay,2
4217,123,2025-11-02,Website,Credit Card,2
4218,1496,2025-08-13,In-Store,Cash on Delivery,3
4219,2076,2025-05-27,Website,Cash on Delivery,1
4220,771,2025-08-17,Online App,Cash on Delivery,1
4221,936,2025-09-06,Online App,Tabby (BNPL),1
4222,1848,2025-09-04,In-Store,Cash on Delivery,2
4223,2696,2025-09-11,Website,Tabby (BNPL),2
4224,2443,2024-05-15,In-Store,Apple Pay,1
4225,1753,2025-12-31,In-Store,Cash on Delivery,1
4226,2192,2025-01-20,Online App,Apple Pay,1
4227,1115,2025-01-03,Online App,Cash on Delivery,1
4228,1934,2025-11-28,Online App,Apple Pay,3
4229,1415,2025-11-21,In-Store,Apple Pay,2
4230,579,2025-11-16,Website,Apple Pay,4
4231,2114,2024-06-29,Online App,Cash on Delivery,2
4232,1676,2025-12-14,Online App,Apple Pay,2
4233,1098,2025-12-31,Website,Credit Card,1
4234,2732,2025-04-03,Online App,Tabby (BNPL),1
4235,69,2025-12-30,In-Store,Cash on Delivery,2
4236,963,2024-06-23,Website,Cash on Delivery,2
4237,164,2025-11-18,Online App,Cash on Delivery,2
4238,2310,2025-02-04,Website,Apple Pay,2
4239,2114,2025-06-16,Online App,Credit Card,2
4240,1013,2025-07-26,Website,Apple Pay,1
4241,2037,2025-09-29,Website,Tabby (BNPL),6
4242,1207,2025-03-02,Website,Cash on Delivery,1
4243,2272,2025-02-01,In-Store,Apple Pay,3
4244,1379,2025-11-27,In-Store,Tabby (BNPL),7
4245,1248,2025-11-02,Online App,Credit Card,1
4246,2801,2025-03-21,Online App,Credit Card,2
4247,769,2025-06-16,In-Store,Tabby (BNPL),6
4248,350,2025-10-24,Online App,Apple Pay,2
4249,1757,2025-09-27,Website,Tabby (BNPL),1
4250,2912,2025-08-30,Website,Tabby (BNPL),1
4251,1157,2025-12-25,Online App,Apple Pay,5
4252,177,2025-01-18,Website,Apple Pay,2
4253,1039,2025-08-03,Online App,Tabby (BNPL),2
4254,1515,2025-04-10,Online App,Apple Pay,1
4255,490,2024-08-20,In-Store,Credit Card,3
4256,1985,2024-04-25,In-Store,Apple Pay,3
4257,2995,2025-05-27,In-Store,Tabby (BNPL),1
4258,1372,2025-11-04,Online App,Tabby (BNPL),7
4259,1088,2024-10-20,Website,Tabby (BNPL),5
4260,1218,2025-12-13,Website,Tabby (BNPL),4
4261,336,2024-07-24,Online App,Tabby (BNPL),1
4262,2658,2025-10-29,Website,Tabby (BNPL),6
4263,1254,2024-05-14,In-Store,Tabby (BNPL),1
4264,1187,2025-05-23,In-Store,Credit Card,6
4265,1990,2025-09-17,Online App,Tabby (BNPL),3
4266,1342,2024-07-26,Website,Tabby (BNPL),1
4267,1956,2024-09-26,Online App,Tabby (BNPL),4
4268,176,2025-10-11,Website,Credit Card,2
4269,2455,2024-11-16,Online App,Cash on Delivery,2
4270,2821,2025-05-02,In-Store,Cash on Delivery,1
4271,1958,2025-11-06,Website,Tabby (BNPL),1
4272,2863,2025-08-06,Online App,Cash on Delivery,1
4273,455,2025-10-29,Website,Credit Card,1
4274,1445,2025-01-10,Online App,Cash on Delivery,1
4275,1813,2025-09-01,In-Store,Apple Pay,3
4276,1749,2025-06-29,In-Store,Tabby (BNPL),2
4277,1221,2025-05-01,Website,Cash on Delivery,1
4278,1034,2025-12-27,Website,Tabby (BNPL),1
4279,370,2025-11-19,Website,Tabby (BNPL),1
4280,1198,2025-09-14,Online App,Tabby (BNPL),2
4281,494,2024-12-07,Website,Credit Card,1
4282,2208,2025-08-07,Online App,Credit Card,4
4283,642,2024-07-17,Website,Credit Card,1
4284,169,2024-08-22,Online App,Cash on Delivery,1
4285,1662,2025-08-01,Online App,Credit Card,1
4286,1794,2025-10-20,Website,Credit Card,1
4287,2622,2025-01-19,Website,Tabby (BNPL),2
4288,1734,2025-12-11,Website,Credit Card,2
4289,1064,2025-04-24,In-Store,Tabby (BNPL),1
4290,2422,2025-09-19,Online App,Cash on Delivery,1
4291,1631,2025-10-14,Online App,Credit Card,1
4292,230,2024-12-30,In-Store,Tabby (BNPL),1
4293,1703,2024-11-12,Online App,Apple Pay,1
4294,2723,2024-08-10,Website,Tabby (BNPL),1
4295,1207,2025-04-24,Online App,Cash on Delivery,1
4296,901,2025-10-28,Online App,Tabby (BNPL),7
4297,431,2025-04-23,Online App,Credit Card,1
4298,455,2025-11-07,Website,Apple Pay,1
4299,1311,2024-07-07,Online App,Credit Card,7
4300,1794,2025-11-07,Online App,Credit Card,1
4301,233,2024-03-15,Website,Apple Pay,2
4302,2818,2024-10-08,Online App,Apple Pay,3
4303,2269,2025-10-18,Website,Tabby (BNPL),1
4304,1764,2025-08-13,In-Store,Credit Card,1
4305,2495,2024-04-14,Website,Credit Card,1
4306,232,2025-12-25,In-Store,Tabby (BNPL),1
4307,1444,2024-12-01,Website,Tabby (BNPL),2
4308,1898,2025-03-16,In-Store,Credit Card,1
4309,2495,2024-05-06,In-Store,Apple Pay,1
4310,2364,2025-07-03,Website,Apple Pay,3
4311,841,2025-11-14,Website,Cash on Delivery,2
4312,2822,2025-04-20,Online App,Apple Pay,2
4313,359,2025-12-28,In-Store,Apple Pay,6
4314,2635,2025-10-05,Website,Tabby (BNPL),1
4315,2917,2025-08-25,Website,Apple Pay,2
4316,538,2025-10-15,Website,Apple Pay,2
4317,2167,2024-10-04,Online App,Apple Pay,1
4318,120,2025-12-23,Online App,Credit Card,2
4319,1231,2025-07-01,Online App,Tabby (BNPL),1
4320,1545,2025-05-21,Online App,Apple Pay,1
4321,1745,2025-02-06,In-Store,Cash on Delivery,1
4322,2804,2024-11-04,Online App,Cash on Delivery,4
4323,2028,2025-10-12,Online App,Apple Pay,1
4324,1453,2025-11-15,Website,Cash on Delivery,2
4325,2442,2025-12-16,Online App,Cash on Delivery,1
4326,2848,2025-10-02,Online App,Cash on Delivery,2
4327,74,2025-11-18,Website,Credit Card,6
4328,2950,2025-01-16,In-Store,Cash on Delivery,1
4329,252,2025-08-27,In-Store,Credit Card,3
4330,2458,2025-11-22,Website,Tabby (BNPL),1
4331,849,2025-09-04,Online App,Apple Pay,3
4332,390,2025-09-19,Online App,Tabby (BNPL),2
4333,1336,2025-11-25,Website,Apple Pay,2
4334,1940,2025-12-30,Online App,Cash on Delivery,2
4335,1167,2025-02-27,Online App,Cash on Delivery,1
4336,158,2024-12-04,Online App,Credit Card,2
4337,1804,2025-11-10,Online App,Credit Card,1
4338,2710,2025-12-09,Online App,Credit Card,1
4339,1172,2025-07-07,Website,Apple Pay,1
4340,666,2025-12-22,Website,Apple Pay,1
4341,1345,2025-01-03,Website,Apple Pay,2
4342,140,2024-09-28,Online App,Tabby (BNPL),2
4343,2473,2024-11-17,Online App,Cash on Delivery,1
4344,2491,2024-09-22,Online App,Cash on Delivery,3
4345,1770,2024-08-26,In-Store,Cash on Delivery,1
4346,1081,2025-06-15,Online App,Tabby (BNPL),2
4347,2412,2025-08-08,Online App,Credit Card,2
4348,1669,2024-10-03,Website,Cash on Delivery,1
4349,2490,2025-05-07,In-Store,Apple Pay,1
4350,1904,2025-05-04,Online App,Cash on Delivery,2
4351,2365,2025-06-05,In-Store,Credit Card,1
4352,1802,2025-12-27,Website,Tabby (BNPL),1
4353,1252,2025-12-25,Online App,Apple Pay,1
4354,2877,2025-05-15,In-Store,Tabby (BNPL),2
4355,1634,2025-10-15,Online App,Apple Pay,2
4356,1822,2025-11-29,Website,Cash on Delivery,2
4357,680,2025-03-12,Website,Cash on Delivery,1
4358,1886,2025-08-07,Website,Tabby (BNPL),2
4359,1717,2025-11-22,Online App,Cash on Delivery,1
4360,567,2025-05-12,In-Store,Tabby (BNPL),2
4361,170,2024-04-22,In-Store,Apple Pay,2
4362,1819,2024-08-24,In-Store,Cash on Delivery,3
4363,2298,2025-10-09,Website,Cash on Delivery,2
4364,1574,2025-03-03,In-Store,Tabby (BNPL),1
4365,697,2025-11-06,In-Store,Tabby (BNPL),5
4366,2010,2025-07-06,Online App,Credit Card,1
4367,232,2025-12-21,In-Store,Credit Card,1
4368,1342,2025-09-21,Website,Cash on Delivery,1
4369,497,2024-11-18,Online App,Credit Card,1
4370,567,2025-05-28,Website,Tabby (BNPL),2
4371,619,2025-10-24,Website,Apple Pay,6
4372,1185,2025-10-27,Website,Tabby (BNPL),3
4373,145,2025-08-15,Online App,Credit Card,7
4374,1212,2025-08-16,Online App,Cash on Delivery,1
4375,1529,2025-10-02,Online App,Apple Pay,4
4376,1457,2025-11-29,Website,Apple Pay,1
4377,1171,2025-12-31,In-Store,Cash on Delivery,2
4378,2523,2024-01-29,Online App,Apple Pay,2
4379,438,2024-12-08,Online App,Tabby (BNPL),3
4380,1515,2025-12-31,Website,Apple Pay,1
4381,177,2024-04-19,In-Store,Tabby (BNPL),2
4382,208,2025-11-25,Website,Credit Card,4
4383,1727,2025-01-13,Website,Tabby (BNPL),3
4384,1704,2025-04-08,Website,Cash on Delivery,1
4385,2644,2025-12-28,Online App,Credit Card,5
4386,1680,2024-06-28,Online App,Credit Card,1
4387,2884,2024-09-19,Website,Tabby (BNPL),1
4388,141,2025-02-16,Website,Credit Card,4
4389,288,2025-11-09,Online App,Cash on Delivery,3
4390,128,2025-04-26,Website,Credit Card,2
4391,568,2025-11-12,In-Store,Tabby (BNPL),1
4392,1635,2025-06-27,In-Store,Tabby (BNPL),3
4393,1946,2025-10-30,Website,Apple Pay,2
4394,132,2025-07-28,In-Store,Apple Pay,7
4395,2837,2025-08-28,In-Store,Credit Card,1
4396,2531,2024-08-21,Online App,Tabby (BNPL),3
4397,902,2025-11-11,Website,Cash on Delivery,1
4398,227,2025-12-29,Online App,Credit Card,4
4399,519,2025-09-02,Website,Cash on Delivery,2
4400,370,2025-11-26,In-Store,Credit Card,1
4401,358,2025-04-24,Website,Apple Pay,2
4402,1555,2025-10-29,In-Store,Credit Card,1
4403,756,2025-12-08,Website,Apple Pay,1
4404,1097,2025-10-02,Online App,Tabby (BNPL),1
4405,2970,2024-12-02,Website,Cash on Delivery,1
4406,2064,2025-05-12,Website,Apple Pay,3
4407,2846,2025-08-13,Online App,Tabby (BNPL),1
4408,428,2024-06-06,Online App,Credit Card,2
4409,1169,2025-12-09,In-Store,Credit Card,1
4410,1669,2025-02-14,Website,Apple Pay,1
4411,226,2025-12-06,Online App,Apple Pay,6
4412,15,2025-08-26,Website,Tabby (BNPL),1
4413,2021,2024-04-09,Online App,Apple Pay,6
4414,1934,2025-09-14,Website,Cash on Delivery,3
4415,1246,2025-01-27,Website,Tabby (BNPL),1
4416,1474,2025-05-03,Online App,Credit Card,2
4417,1254,2024-12-15,Website,Tabby (BNPL),1
4418,81,2025-10-05,Website,Credit Card,3
4419,1027,2025-04-29,Online App,Credit Card,3
4420,538,2025-07-15,Website,Tabby (BNPL),2
4421,290,2024-04-24,Online App,Apple Pay,6
4422,2872,2025-01-12,Online App,Credit Card,3
4423,1804,2024-12-04,In-Store,Apple Pay,1
4424,2188,2025-04-20,Online App,Tabby (BNPL),4
4425,961,2024-12-01,Online App,Credit Card,2
4426,1201,2025-10-24,Online App,Credit Card,1
4427,731,2025-05-06,Online App,Apple Pay,4
4428,286,2025-05-19,Online App,Tabby (BNPL),1
4429,545,2025-11-28,Online App,Cash on Delivery,5
4430,2406,2024-12-11,Online App,Apple Pay,2
4431,2041,2025-09-18,Online App,Cash on Delivery,3
4432,1651,2024-12-30,Website,Credit Card,2
4433,1440,2025-10-09,In-Store,Tabby (BNPL),1
4434,2764,2025-12-15,Online App,Credit Card,4
4435,213,2024-12-17,Website,Credit Card,2
4436,850,2024-12-26,Online App,Cash on Delivery,2
4437,1075,2025-01-19,Online App,Apple Pay,1
4438,2362,2025-02-03,Online App,Credit Card,6
4439,2979,2025-10-21,Website,Cash on Delivery,2
4440,742,2025-09-03,In-Store,Cash on Delivery,1
4441,2632,2025-09-06,Website,Apple Pay,3
4442,2502,2024-11-30,Website,Apple Pay,7
4443,691,2025-12-30,Website,Apple Pay,2
4444,1214,2025-10-25,Online App,Credit Card,2
4445,1242,2025-06-22,Online App,Credit Card,2
4446,2936,2025-12-08,Online App,Tabby (BNPL),1
4447,552,2025-06-26,Website,Tabby (BNPL),3
4448,2410,2024-08-26,In-Store,Credit Card,3
4449,1022,2024-12-02,In-Store,Credit Card,2
4450,2196,2025-07-16,Website,Tabby (BNPL),2
4451,1269,2025-07-04,Online App,Cash on Delivery,2
4452,1737,2025-09-13,Online App,Cash on Delivery,1
4453,2510,2025-04-28,Website,Cash on Delivery,1
4454,2424,2025-03-30,Online App,Apple Pay,5
4455,2606,2024-07-16,Online App,Cash on Delivery,1
4456,170,2025-11-03,In-Store,Tabby (BNPL),2
4457,2087,2025-02-09,Website,Tabby (BNPL),1
4458,418,2024-03-04,Website,Apple Pay,1
4459,1255,2025-12-02,Website,Tabby (BNPL),3
4460,1654,2025-10-23,In-Store,Apple Pay,3
4461,1224,2024-05-11,Online App,Credit Card,1
4462,1557,2025-04-16,Online App,Credit Card,2
4463,2992,2025-07-02,Online App,Tabby (BNPL),1
4464,403,2025-04-08,Online App,Credit Card,3
4465,2037,2025-12-26,Online App,Cash on Delivery,6
4466,1207,2025-07-01,In-Store,Apple Pay,1
4467,392,2025-12-06,Online App,Tabby (BNPL),1
4468,479,2025-12-12,Website,Tabby (BNPL),2
4469,2847,2025-07-11,Online App,Apple Pay,1
4470,2648,2024-07-28,Online App,Tabby (BNPL),1
4471,2719,2024-12-04,Online App,Cash on Delivery,1
4472,2975,2025-02-12,Website,Tabby (BNPL),2
4473,640,2025-12-29,In-Store,Apple Pay,2
4474,1092,2025-09-07,Online App,Credit Card,1
4475,2017,2024-10-22,Website,Cash on Delivery,3
4476,1458,2025-09-21,In-Store,Credit Card,6
4477,1266,2024-11-09,In-Store,Tabby (BNPL),1
4478,1097,2025-05-17,Website,Credit Card,1
4479,1787,2024-05-22,In-Store,Credit Card,1
4480,1730,2025-10-01,In-Store,Tabby (BNPL),3
4481,488,2024-07-16,Online App,Cash on Delivery,1
4482,1428,2025-09-27,Website,Credit Card,1
4483,1665,2025-06-27,In-Store,Tabby (BNPL),1
4484,1715,2024-04-26,Website,Apple Pay,3
4485,647,2025-05-26,Website,Tabby (BNPL),2
4486,2234,2025-11-05,Website,Apple Pay,2
4487,85,2025-08-14,Website,Tabby (BNPL),1
4488,1088,2025-05-13,Website,Apple Pay,5
4489,2356,2025-11-22,Online App,Tabby (BNPL),2
4490,1696,2025-12-21,Online App,Cash on Delivery,4
4491,797,2025-11-04,Online App,Cash on Delivery,2
4492,2095,2025-12-04,Online App,Credit Card,5
4493,1709,2025-11-08,Online App,Apple Pay,1
4494,2403,2025-08-02,Online App,Tabby (BNPL),1
4495,2211,2025-07-22,Online App,Cash on Delivery,2
4496,1838,2025-12-05,Online App,Apple Pay,2
4497,1470,2025-08-11,Website,Tabby (BNPL),4
4498,392,2025-12-29,In-Store,Credit Card,1
4499,797,2025-06-03,Online App,Tabby (BNPL),2
4500,1267,2024-12-06,In-Store,Apple Pay,1
4501,1804,2025-01-06,Online App,Tabby (BNPL),1
4502,1536,2024-10-23,In-Store,Apple Pay,1
4503,878,2025-06-23,Online App,Tabby (BNPL),2
4504,21,2025-11-07,In-Store,Tabby (BNPL),4
4505,1493,2025-06-25,Online App,Tabby (BNPL),2
4506,868,2025-08-26,In-Store,Cash on Delivery,1
4507,2210,2025-12-28,In-Store,Cash on Delivery,3
4508,81,2025-09-17,Online App,Cash on Delivery,3
4509,1757,2024-11-22,Online App,Apple Pay,1
4510,2825,2025-06-30,In-Store,Credit Card,6
4511,530,2024-07-29,Online App,Cash on Delivery,1
4512,1427,2024-06-13,Online App,Apple Pay,2
4513,264,2025-10-30,Website,Cash on Delivery,1
4514,1886,2025-08-30,In-Store,Credit Card,2
4515,1659,2025-09-18,Website,Apple Pay,1
4516,1236,2025-03-31,Online App,Cash on Delivery,1
4517,1566,2025-12-28,Online App,Cash on Delivery,6
4518,2694,2025-11-23,Online App,Cash on Delivery,2
4519,600,2025-09-21,Online App,Cash on Delivery,3
4520,75,2025-07-17,Website,Cash on Delivery,5
4521,2589,2025-07-21,Website,Tabby (BNPL),1
4522,1735,2025-07-09,Online App,Credit Card,1
4523,2679,2025-11-24,Website,Apple Pay,3
4524,1798,2025-03-31,Website,Apple Pay,1
4525,2444,2024-06-05,Online App,Tabby (BNPL),7
4526,1301,2025-04-19,Website,Credit Card,1
4527,2253,2025-12-20,Online App,Apple Pay,2
4528,2738,2025-06-07,Online App,Credit Card,1
4529,1719,2025-09-23,Online App,Credit Card,2
4530,552,2025-09-22,Website,Apple Pay,3
4531,817,2025-12-12,In-Store,Cash on Delivery,1
4532,607,2025-07-29,In-Store,Credit Card,1
4533,759,2025-11-25,In-Store,Cash on Delivery,1
4534,931,2025-08-17,Online App,Cash on Delivery,6
4535,1671,2025-08-11,Website,Cash on Delivery,1
4536,1770,2024-06-27,Website,Tabby (BNPL),1
4537,1290,2025-11-24,Online App,Credit Card,5
4538,1851,2025-10-10,Website,Cash on Delivery,3
4539,236,2025-08-15,Online App,Tabby (BNPL),2
4540,255,2025-10-02,Online App,Cash on Delivery,3
4541,524,2025-01-12,Online App,Apple Pay,1
4542,1553,2025-11-21,Website,Credit Card,1
4543,658,2025-11-24,In-Store,Credit Card,1
4544,860,2025-12-12,Online App,Tabby (BNPL),1
4545,1217,2025-05-29,Website,Cash on Delivery,1
4546,2448,2025-09-17,In-Store,Tabby (BNPL),2
4547,41,2025-08-18,Online App,Credit Card,1
4548,1960,2025-12-13,Website,Cash on Delivery,1
4549,2016,2024-11-11,Online App,Tabby (BNPL),2
4550,2410,2025-08-11,Website,Apple Pay,3
4551,2797,2024-10-31,Online App,Cash on Delivery,2
4552,66,2025-06-17,In-Store,Cash on Delivery,1
4553,463,2025-01-31,Website,Apple Pay,2
4554,2666,2025-09-08,Online App,Cash on Delivery,1
4555,1393,2025-12-26,Website,Apple Pay,2
4556,1698,2024-11-09,In-Store,Tabby (BNPL),3
4557,2000,2025-07-05,Website,Cash on Delivery,3
4558,2044,2025-12-27,Online App,Cash on Delivery,3
4559,2794,2025-11-10,Online App,Tabby (BNPL),5
4560,2993,2025-10-25,Online App,Tabby (BNPL),1
4561,2161,2025-10-11,Online App,Tabby (BNPL),2
4562,875,2025-10-27,Website,Apple Pay,2
4563,2648,2024-10-09,Website,Apple Pay,1
4564,141,2024-12-24,In-Store,Tabby (BNPL),4
4565,712,2025-11-16,Online App,Cash on Delivery,1
4566,2694,2025-11-21,Website,Credit Card,2
4567,783,2025-11-27,Online App,Credit Card,1
4568,681,2025-11-07,In-Store,Cash on Delivery,6
4569,414,2025-05-19,Online App,Apple Pay,1
4570,2580,2025-05-25,Website,Credit Card,4
4571,1503,2025-09-08,Website,Cash on Delivery,1
4572,2035,2024-09-08,Online App,Cash on Delivery,1
4573,737,2025-11-07,Online App,Tabby (BNPL),3
4574,2278,2025-11-11,Online App,Credit Card,4
4575,2287,2025-04-27,Online App,Tabby (BNPL),1
4576,952,2025-09-28,Online App,Cash on Delivery,1
4577,1246,2025-10-17,Online App,Tabby (BNPL),1
4578,645,2025-11-20,Website,Cash on Delivery,3
4579,2930,2025-09-30,Online App,Credit Card,3
4580,1946,2025-10-04,Online App,Cash on Delivery,2
4581,2801,2025-12-07,In-Store,Tabby (BNPL),2
4582,921,2025-07-27,Online App,Credit Card,2
4583,2360,2025-08-21,Online App,Cash on Delivery,2
4584,2306,2025-08-23,Online App,Credit Card,6
4585,2086,2025-11-28,Online App,Cash on Delivery,1
4586,2903,2025-05-28,In-Store,Apple Pay,1
4587,1202,2025-10-23,Online App,Tabby (BNPL),1
4588,384,2024-11-30,Online App,Cash on Delivery,1
4589,2027,2025-10-21,Online App,Cash on Delivery,1
4590,2189,2025-09-09,Online App,Tabby (BNPL),2
4591,1729,2025-10-16,In-Store,Tabby (BNPL),3
4592,637,2025-12-05,Online App,Credit Card,4
4593,1512,2024-06-06,Online App,Cash on Delivery,6
4594,952,2025-06-13,Online App,Cash on Delivery,1
4595,1291,2025-10-26,Online App,Cash on Delivery,5
4596,1945,2025-05-08,Online App,Cash on Delivery,3
4597,2245,2025-04-25,Online App,Tabby (BNPL),6
4598,716,2025-01-21,In-Store,Tabby (BNPL),1
4599,1230,2025-09-13,Online App,Cash on Delivery,1
4600,819,2025-04-08,Online App,Apple Pay,1
4601,607,2024-09-20,Website,Tabby (BNPL),1
4602,2363,2025-12-01,Online App,Tabby (BNPL),1
4603,2726,2025-07-17,Online App,Cash on Delivery,4
4604,1133,2025-08-19,Website,Credit Card,1
4605,2258,2025-12-16,Website,Apple Pay,3
4606,2694,2025-12-29,In-Store,Apple Pay,2
4607,2543,2024-10-26,Online App,Cash on Delivery,4
4608,559,2025-07-07,Website,Apple Pay,2
4609,2870,2025-08-26,In-Store,Cash on Delivery,3
4610,1155,2025-08-21,Website,Tabby (BNPL),1
4611,1039,2025-08-20,Online App,Tabby (BNPL),2
4612,179,2025-11-16,Website,Credit Card,1
4613,1464,2025-04-19,Website,Credit Card,2
4614,322,2025-12-30,Online App,Credit Card,1
4615,764,2025-10-25,Website,Credit Card,2
4616,967,2025-11-20,Online App,Tabby (BNPL),3
4617,2439,2024-08-12,In-Store,Credit Card,2
4618,2637,2025-08-25,Website,Apple Pay,1
4619,920,2025-09-24,In-Store,Apple Pay,3
4620,2578,2025-08-01,Online App,Apple Pay,2
4621,2574,2025-09-22,Website,Apple Pay,2
4622,2300,2025-09-03,Online App,Apple Pay,2
4623,441,2025-06-18,Online App,Tabby (BNPL),7
4624,2080,2025-08-29,Online App,Credit Card,2
4625,2835,2025-05-20,Website,Cash on Delivery,2
4626,2057,2025-12-05,Online App,Cash on Delivery,1
4627,1014,2025-08-08,Online App,Credit Card,1
4628,1504,2025-05-16,Online App,Tabby (BNPL),1
4629,1947,2024-04-30,Website,Tabby (BNPL),2
4630,1527,2024-07-10,Online App,Tabby (BNPL),1
4631,348,2025-11-02,Website,Cash on Delivery,3
4632,952,2025-04-08,In-Store,Credit Card,1
4633,2420,2025-09-16,Online App,Credit Card,1
4634,2589,2025-09-27,Website,Cash on Delivery,1
4635,411,2025-09-19,Online App,Cash on Delivery,2
4636,2853,2025-09-22,Website,Tabby (BNPL),1
4637,1006,2025-03-02,Website,Credit Card,2
4638,1998,2025-08-31,Online App,Apple Pay,5
4639,2261,2025-08-23,Website,Cash on Delivery,6
4640,2448,2025-11-11,Online App,Cash on Delivery,2
4641,2836,2025-01-18,Online App,Credit Card,4
4642,952,2024-11-20,Online App,Cash on Delivery,1
4643,2577,2025-06-20,Website,Credit Card,2
4644,388,2025-10-02,Website,Cash on Delivery,2
4645,2119,2025-12-19,Online App,Apple Pay,2
4646,2232,2025-10-25,Website,Apple Pay,3
4647,2041,2025-10-28,In-Store,Apple Pay,3
4648,771,2025-10-29,Online App,Credit Card,1
4649,2627,2025-01-11,Online App,Cash on Delivery,2
4650,516,2024-10-21,Online App,Credit Card,1
4651,156,2024-11-16,Online App,Tabby (BNPL),5
4652,2153,2025-12-19,In-Store,Apple Pay,1
4653,1442,2025-08-31,Website,Tabby (BNPL),2
4654,2552,2025-10-12,Website,Cash on Delivery,1
4655,1173,2025-07-18,Online App,Cash on Delivery,2
4656,515,2025-10-22,Online App,Apple Pay,5
4657,2514,2025-12-14,Online App,Credit Card,5
4658,1656,2025-12-28,In-Store,Cash on Delivery,1
4659,576,2025-05-14,Website,Credit Card,4
4660,2162,2025-08-08,Website,Credit Card,6
4661,1529,2025-11-26,Online App,Apple Pay,4
4662,1819,2024-11-17,Online App,Cash on Delivery,3
4663,1400,2025-09-22,Website,Cash on Delivery,1
4664,2495,2025-06-17,Online App,Cash on Delivery,1
4665,2497,2025-11-24,Website,Cash on Delivery,2
4666,2130,2025-09-26,Website,Tabby (BNPL),2
4667,311,2025-12-15,Online App,Credit Card,3
4668,2523,2024-08-06,Online App,Credit Card,2
4669,2023,2025-12-15,Website,Cash on Delivery,1
4670,2102,2025-08-04,Website,Apple Pay,2
4671,1110,2025-10-12,In-Store,Tabby (BNPL),1
4672,2647,2025-08-19,In-Store,Cash on Delivery,1
4673,2180,2025-09-15,Website,Apple Pay,1
4674,328,2024-12-05,Website,Cash on Delivery,2
4675,1238,2025-11-23,Online App,Apple Pay,1
4676,2667,2025-11-02,In-Store,Credit Card,2
4677,137,2025-10-31,Website,Apple Pay,4
4678,2891,2025-07-03,Online App,Tabby (BNPL),1
4679,2045,2024-11-21,Online App,Tabby (BNPL),1
4680,1903,2025-08-25,Website,Tabby (BNPL),2
4681,822,2025-06-30,Online App,Apple Pay,1
4682,765,2025-08-05,Online App,Apple Pay,3
4683,2825,2025-03-06,Online App,Credit Card,6
4684,908,2025-12-05,In-Store,Credit Card,3
4685,2342,2024-12-03,Website,Credit Card,1
4686,1201,2025-10-22,In-Store,Tabby (BNPL),1
4687,416,2025-08-29,In-Store,Cash on Delivery,1
4688,31,2025-12-14,Online App,Tabby (BNPL),4
4689,1645,2025-12-16,Website,Credit Card,4
4690,2929,2024-12-16,Online App,Tabby (BNPL),2
4691,1130,2025-08-12,Website,Apple Pay,1
4692,1095,2025-02-09,Online App,Credit Card,1
4693,1056,2024-05-02,Online App,Apple Pay,3
4694,1562,2025-08-07,Website,Apple Pay,7
4695,1339,2024-07-03,Online App,Tabby (BNPL),2
4696,2648,2025-11-18,In-Store,Cash on Delivery,1
4697,1514,2025-07-29,Online App,Tabby (BNPL),1
4698,1521,2025-11-26,Website,Tabby (BNPL),1
4699,414,2025-12-21,Online App,Apple Pay,1
4700,2951,2025-03-23,Online App,Cash on Delivery,1
4701,768,2025-08-20,Online App,Tabby (BNPL),2
4702,214,2025-03-13,Online App,Cash on Delivery,1
4703,2001,2024-09-01,Online App,Apple Pay,2
4704,1794,2025-10-15,Website,Cash on Delivery,1
4705,1254,2025-06-11,Online App,Cash on Delivery,1
4706,1275,2025-05-30,Online App,Apple Pay,5
4707,2368,2024-11-27,In-Store,Credit Card,3
4708,599,2025-11-08,In-Store,Credit Card,7
4709,2472,2024-07-06,In-Store,Apple Pay,2
4710,1958,2025-08-30,Online App,Credit Card,1
4711,1267,2025-03-09,Online App,Credit Card,1
4712,1392,2025-05-14,Website,Apple Pay,2
4713,785,2025-07-31,In-Store,Tabby (BNPL),2
4714,2263,2025-11-10,Website,Credit Card,5
4715,1533,2025-11-24,Website,Apple Pay,1
4716,981,2024-05-29,In-Store,Credit Card,1
4717,1795,2025-02-03,Online App,Cash on Delivery,1
4718,2991,2025-03-21,Online App,Credit Card,1
4719,1318,2025-11-21,Online App,Credit Card,3
4720,2760,2025-07-18,Online App,Apple Pay,1
4721,1061,2025-09-18,Online App,Credit Card,6
4722,158,2025-12-26,Website,Credit Card,2
4723,627,2025-06-24,Website,Apple Pay,2
4724,1267,2024-11-23,Online App,Apple Pay,1
4725,677,2025-05-19,Website,Cash on Delivery,4
4726,2,2025-11-12,Online App,Credit Card,2
4727,2743,2025-11-03,In-Store,Tabby (BNPL),1
4728,2536,2025-08-19,Online App,Credit Card,4
4729,2234,2025-07-06,Online App,Tabby (BNPL),2
4730,515,2025-07-15,Website,Credit Card,5
4731,350,2025-06-15,Online App,Cash on Delivery,2
4732,197,2024-08-11,Online App,Credit Card,1
4733,2174,2025-12-22,Online App,Tabby (BNPL),2
4734,2786,2025-10-19,In-Store,Tabby (BNPL),1
4735,1304,2025-10-19,Website,Credit Card,2
4736,348,2025-11-18,Online App,Tabby (BNPL),3
4737,1532,2025-10-16,Website,Cash on Delivery,1
4738,1071,2025-02-15,Online App,Apple Pay,1
4739,1149,2025-12-24,Online App,Credit Card,5
4740,1873,2025-10-01,Website,Tabby (BNPL),2
4741,2155,2025-12-16,Website,Apple Pay,5
4742,325,2025-12-13,In-Store,Apple Pay,3
4743,111,2025-02-03,Online App,Cash on Delivery,1
4744,2985,2025-01-15,Online App,Cash on Delivery,2
4745,717,2025-05-03,In-Store,Apple Pay,2
4746,157,2025-10-10,Online App,Tabby (BNPL),1
4747,578,2025-09-06,Online App,Credit Card,3
4748,119,2025-11-03,Online App,Tabby (BNPL),1
4749,1198,2025-04-21,Website,Credit Card,2
4750,2420,2025-06-02,In-Store,Credit Card,1
4751,1047,2024-03-03,Online App,Apple Pay,3
4752,1350,2025-09-04,Online App,Credit Card,1
4753,2037,2025-09-02,Website,Apple Pay,6
4754,1523,2025-10-23,In-Store,Apple Pay,1
4755,2589,2025-04-08,Website,Cash on Delivery,1
4756,2605,2024-12-25,Online App,Apple Pay,2
4757,30,2025-12-28,Website,Apple Pay,1
4758,2347,2025-12-30,Website,Cash on Delivery,2
4759,1400,2025-08-26,Online App,Cash on Delivery,1
4760,2969,2025-05-07,In-Store,Apple Pay,2
4761,1457,2025-10-13,In-Store,Tabby (BNPL),1
4762,2961,2025-09-02,Online App,Tabby (BNPL),2
4763,2269,2025-08-11,Online App,Apple Pay,1
4764,764,2025-06-14,Online App,Tabby (BNPL),2
4765,1621,2025-11-10,Online App,Apple Pay,4
4766,2978,2024-10-19,In-Store,Tabby (BNPL),4
4767,2575,2025-10-25,Website,Cash on Delivery,1
4768,286,2025-11-02,In-Store,Tabby (BNPL),1
4769,2123,2025-09-26,Online App,Cash on Delivery,2
4770,1064,2025-07-18,Website,Tabby (BNPL),1
4771,22,2024-09-18,Online App,Apple Pay,2
4772,1225,2025-12-31,Online App,Tabby (BNPL),2
4773,725,2025-12-10,Online App,Cash on Delivery,2
4774,2468,2024-11-19,Online App,Cash on Delivery,1
4775,1033,2024-07-11,Website,Cash on Delivery,1
4776,2493,2024-05-12,Online App,Cash on Delivery,3
4777,4,2025-05-25,Website,Credit Card,1
4778,936,2025-08-03,Online App,Cash on Delivery,1
4779,743,2025-11-16,Online App,Tabby (BNPL),1
4780,720,2025-08-10,Website,Apple Pay,6
4781,199,2024-12-29,Website,Credit Card,2
4782,570,2025-11-13,Website,Apple Pay,1
4783,1674,2025-08-10,Website,Cash on Delivery,1
4784,888,2025-05-21,Online App,Apple Pay,1
4785,1262,2025-09-19,Online App,Credit Card,2
4786,1156,2025-09-26,Online App,Credit Card,3
4787,2639,2025-10-18,Website,Tabby (BNPL),1
4788,2716,2025-10-04,Online App,Tabby (BNPL),4
4789,1482,2024-05-28,Online App,Cash on Delivery,1
4790,1012,2025-11-28,Online App,Apple Pay,3
4791,317,2025-06-28,Online App,Tabby (BNPL),2
4792,2859,2024-10-25,Online App,Tabby (BNPL),1
4793,172,2024-03-11,Online App,Cash on Delivery,3
4794,906,2024-11-23,Online App,Credit Card,2
4795,907,2025-02-05,In-Store,Tabby (BNPL),1
4796,980,2025-03-21,In-Store,Tabby (BNPL),2
4797,499,2025-10-31,In-Store,Tabby (BNPL),1
4798,2362,2025-11-25,Online App,Credit Card,6
4799,355,2025-03-08,Online App,Tabby (BNPL),2
4800,1919,2025-06-18,Online App,Apple Pay,1
4801,359,2025-09-03,Website,Credit Card,6
4802,206,2024-10-10,Online App,Apple Pay,1
4803,2727,2024-11-21,In-Store,Cash on Delivery,1
4804,580,2025-11-04,In-Store,Tabby (BNPL),1
4805,2476,2024-12-25,Online App,Cash on Delivery,2
4806,1647,2025-06-15,Online App,Apple Pay,2
4807,229,2025-11-16,Online App,Credit Card,6
4808,2867,2025-12-10,Online App,Tabby (BNPL),1
4809,759,2025-12-13,Online App,Apple Pay,1
4810,2583,2025-07-06,Online App,Credit Card,1
4811,516,2024-08-13,In-Store,Cash on Delivery,1
4812,2566,2025-08-10,Online App,Apple Pay,2
4813,38,2025-10-19,Online App,Credit Card,6
4814,1529,2025-07-12,Online App,Apple Pay,4
4815,2320,2025-06-28,Online App,Apple Pay,2
4816,2801,2025-06-26,Online App,Cash on Delivery,2
4817,2726,2025-04-09,In-Store,Cash on Delivery,4
4818,2470,2025-09-19,Online App,Credit Card,2
4819,2672,2024-12-17,Online App,Tabby (BNPL),1
4820,609,2025-04-27,In-Store,Cash on Delivery,2
4821,863,2025-01-15,Online App,Tabby (BNPL),2
4822,880,2025-08-13,In-Store,Apple Pay,4
4823,1157,2025-10-10,Online App,Cash on Delivery,5
4824,1201,2025-12-01,Online App,Tabby (BNPL),1
4825,1646,2025-11-27,In-Store,Tabby (BNPL),3
4826,485,2025-09-13,Online App,Credit Card,3
4827,2084,2025-05-12,Online App,Tabby (BNPL),1
4828,515,2025-08-23,Website,Apple Pay,5
4829,944,2025-09-30,Website,Tabby (BNPL),1
4830,1510,2025-04-29,In-Store,Cash on Delivery,2
4831,2404,2025-09-01,In-Store,Credit Card,2
4832,2223,2025-09-29,Online App,Tabby (BNPL),2
4833,1946,2025-07-16,Website,Tabby (BNPL),2
4834,468,2025-07-23,Online App,Credit Card,1
4835,1651,2025-08-17,Online App,Credit Card,2
4836,255,2025-08-30,In-Store,Tabby (BNPL),3
4837,1157,2025-08-04,Online App,Tabby (BNPL),5
4838,1250,2025-01-22,In-Store,Apple Pay,3
4839,120,2025-12-21,Online App,Tabby (BNPL),2
4840,830,2025-06-24,Website,Credit Card,2
4841,2868,2024-08-03,Online App,Cash on Delivery,2
4842,2860,2025-08-15,Online App,Tabby (BNPL),3
4843,1080,2025-08-06,Online App,Cash on Delivery,3
4844,125,2025-11-20,Online App,Tabby (BNPL),1
4845,545,2025-07-15,Online App,Credit Card,5
4846,1200,2024-10-18,Website,Cash on Delivery,2
4847,2843,2024-06-14,Online App,Cash on Delivery,1
4848,423,2025-10-31,In-Store,Credit Card,3
4849,2298,2025-10-10,Website,Tabby (BNPL),2
4850,321,2025-10-24,In-Store,Tabby (BNPL),1
4851,2948,2025-04-21,Online App,Cash on Delivery,2
4852,1168,2025-06-11,Online App,Apple Pay,2
4853,2341,2025-04-26,Online App,Tabby (BNPL),3
4854,1050,2024-10-15,Website,Cash on Delivery,1
4855,1892,2025-10-28,Online App,Apple Pay,3
4856,587,2024-10-13,Website,Tabby (BNPL),3
4857,439,2025-11-24,Online App,Apple Pay,3
4858,2812,2025-11-21,Website,Apple Pay,3
4859,2753,2025-11-07,Website,Cash on Delivery,4
4860,2670,2025-02-14,In-Store,Cash on Delivery,5
4861,1885,2024-02-22,Online App,Credit Card,2
4862,2438,2025-11-16,Online App,Credit Card,2
4863,202,2024-09-08,Online App,Tabby (BNPL),4
4864,1025,2025-08-20,Website,Credit Card,1
4865,955,2025-03-18,Website,Tabby (BNPL),4
4866,1919,2025-11-28,Website,Apple Pay,1
4867,1092,2025-10-23,Online App,Tabby (BNPL),1
4868,446,2025-01-22,Online App,Tabby (BNPL),1
4869,1797,2025-04-03,Online App,Credit Card,2
4870,2458,2024-12-30,Online App,Tabby (BNPL),1
4871,1169,2025-12-22,Online App,Cash on Delivery,1
4872,390,2025-08-21,Online App,Tabby (BNPL),2
4873,602,2025-12-26,Online App,Tabby (BNPL),2
4874,734,2025-11-22,Website,Tabby (BNPL),1
4875,913,2025-04-04,Online App,Apple Pay,4
4876,1935,2025-10-17,Online App,Credit Card,2
4877,1810,2025-08-30,Online App,Apple Pay,2
4878,2098,2025-05-12,Website,Tabby (BNPL),2
4879,1109,2025-11-26,Website,Credit Card,1
4880,2483,2025-09-09,In-Store,Apple Pay,1
4881,626,2025-09-11,Online App,Cash on Delivery,1
4882,1419,2025-12-21,Website,Apple Pay,1
4883,2416,2025-01-15,Online App,Apple Pay,1
4884,548,2025-02-21,Website,Cash on Delivery,2
4885,325,2024-04-12,Online App,Credit Card,3
4886,2660,2025-06-17,Online App,Credit Card,1
4887,1051,2025-06-16,Website,Cash on Delivery,2
4888,2064,2025-06-06,Online App,Tabby (BNPL),3
4889,85,2025-02-17,Website,Credit Card,1
4890,2079,2025-03-27,Online App,Apple Pay,4
4891,964,2024-11-16,In-Store,Tabby (BNPL),7
4892,159,2025-04-09,Website,Apple Pay,3
4893,1837,2025-08-21,In-Store,Apple Pay,1
4894,742,2025-08-16,In-Store,Tabby (BNPL),1
4895,1185,2025-09-08,In-Store,Apple Pay,3
4896,233,2025-07-07,Website,Tabby (BNPL),2
4897,443,2025-11-28,Website,Credit Card,1
4898,907,2025-09-17,Website,Cash on Delivery,1
4899,258,2025-12-11,Online App,Cash on Delivery,7
4900,2731,2025-04-16,Online App,Credit Card,2
4901,20,2025-07-10,In-Store,Tabby (BNPL),2
4902,1458,2024-12-24,In-Store,Apple Pay,6
4903,358,2025-12-16,Online App,Cash on Delivery,2
4904,935,2025-03-17,Online App,Apple Pay,1
4905,2773,2024-09-27,Website,Apple Pay,7
4906,489,2025-10-02,Online App,Credit Card,2
4907,2904,2025-06-09,Website,Apple Pay,6
4908,634,2025-10-01,In-Store,Apple Pay,2
4909,2230,2025-09-11,Online App,Apple Pay,3
4910,1650,2025-11-20,Online App,Tabby (BNPL),1
4911,2664,2025-04-08,Website,Cash on Delivery,2
4912,1667,2024-05-17,In-Store,Cash on Delivery,2
4913,1609,2025-10-23,Online App,Tabby (BNPL),1
4914,599,2025-03-26,In-Store,Cash on Delivery,7
4915,509,2025-04-14,Website,Credit Card,4
4916,2749,2025-11-23,Online App,Credit Card,2
4917,1004,2025-11-03,Online App,Apple Pay,2
4918,1140,2025-02-27,Online App,Tabby (BNPL),2
4919,2286,2024-09-22,In-Store,Credit Card,1
4920,1037,2024-06-01,Online App,Tabby (BNPL),1
4921,2852,2025-07-16,Website,Cash on Delivery,1
4922,2220,2025-12-31,In-Store,Tabby (BNPL),4
4923,1799,2025-12-05,Website,Credit Card,4
4924,2650,2024-02-10,Online App,Tabby (BNPL),6
4925,142,2024-10-11,Website,Tabby (BNPL),1
4926,785,2025-02-11,Website,Tabby (BNPL),2
4927,1411,2024-09-02,Online App,Cash on Delivery,1
4928,698,2025-10-09,Online App,Cash on Delivery,4
4929,2241,2025-07-30,In-Store,Apple Pay,5
4930,2755,2024-10-13,Website,Apple Pay,2
4931,1281,2025-02-28,Website,Cash on Delivery,1
4932,1049,2025-12-08,Online App,Tabby (BNPL),1
4933,2891,2025-12-28,Website,Tabby (BNPL),1
4934,1351,2025-10-16,Website,Cash on Delivery,2
4935,1473,2025-09-10,Website,Apple Pay,2
4936,1078,2025-03-16,Online App,Credit Card,1
4937,2728,2024-11-14,In-Store,Cash on Delivery,2
4938,1713,2025-12-26,Online App,Credit Card,2
4939,2294,2025-09-26,In-Store,Credit Card,1
4940,2448,2025-02-16,Website,Credit Card,2
4941,1049,2025-11-17,Online App,Cash on Delivery,1
4942,1313,2025-09-27,Website,Credit Card,1
4943,2551,2025-02-14,Online App,Apple Pay,1
4944,1112,2025-11-19,Website,Apple Pay,1
4945,2396,2025-12-13,Online App,Tabby (BNPL),2
4946,2822,2025-12-16,Online App,Credit Card,2
4947,1878,2025-06-11,In-Store,Credit Card,2
4948,2230,2025-01-25,Website,Cash on Delivery,3
4949,2429,2025-01-08,Online App,Tabby (BNPL),1
4950,2541,2024-12-23,Website,Apple Pay,1
4951,1205,2025-12-23,Website,Apple Pay,4
4952,146,2024-11-06,Online App,Credit Card,2
4953,1223,2025-12-09,Online App,Tabby (BNPL),7
4954,2032,2025-12-31,Online App,Tabby (BNPL),3
4955,1367,2024-08-23,In-Store,Tabby (BNPL),2
4956,2252,2025-12-24,Website,Apple Pay,1
4957,1094,2025-01-15,Website,Apple Pay,2
4958,1918,2025-02-28,Website,Apple Pay,7
4959,569,2024-11-23,Online App,Apple Pay,1
4960,2253,2025-12-16,In-Store,Tabby (BNPL),2
4961,1648,2025-08-02,Online App,Credit Card,2
4962,626,2024-03-27,Online App,Tabby (BNPL),1
4963,890,2025-09-08,Online App,Tabby (BNPL),1
4964,2252,2025-12-13,Website,Tabby (BNPL),1
4965,1456,2025-12-01,Online App,Apple Pay,1
4966,665,2025-01-09,Online App,Credit Card,5
4967,2909,2025-07-22,Online App,Apple Pay,6
4968,2147,2025-11-06,Website,Tabby (BNPL),2
4969,2874,2025-02-16,In-Store,Tabby (BNPL),5
4970,1291,2025-08-11,Online App,Cash on Delivery,5
4971,1440,2024-11-10,Online App,Credit Card,1
4972,2696,2025-11-17,In-Store,Credit Card,2
4973,1582,2025-10-23,Online App,Tabby (BNPL),1
4974,2124,2025-03-04,Online App,Apple Pay,4
4975,771,2025-07-29,Website,Tabby (BNPL),1
4976,1355,2025-10-17,Website,Apple Pay,1
4977,359,2025-12-06,Website,Cash on Delivery,6
4978,634,2025-09-01,Online App,Credit Card,2
4979,4,2024-12-09,In-Store,Cash on Delivery,1
4980,119,2025-12-11,Online App,Cash on Delivery,1
4981,2933,2024-04-27,Online App,Tabby (BNPL),2
4982,747,2025-12-31,Online App,Apple Pay,1
4983,2001,2025-04-12,Online App,Apple Pay,2
4984,2523,2024-09-06,Online App,Tabby (BNPL),2
4985,1659,2025-07-25,Website,Apple Pay,1
4986,461,2025-12-19,Website,Tabby (BNPL),1
4987,2188,2025-01-26,Online App,Apple Pay,4
4988,1807,2025-12-23,Website,Credit Card,4
4989,2196,2025-10-10,Online App,Tabby (BNPL),2
4990,2321,2025-09-20,Website,Credit Card,3
4991,2928,2025-12-24,In-Store,Tabby (BNPL),3
4992,1725,2024-03-10,Online App,Cash on Delivery,3
4993,1049,2025-12-03,Online App,Tabby (BNPL),1
4994,1957,2025-05-19,In-Store,Apple Pay,1
4995,200,2025-02-02,Online App,Credit Card,1
4996,2694,2025-11-21,Website,Tabby (BNPL),2
4997,348,2025-10-06,In-Store,Cash on Delivery,3
4998,1004,2025-11-07,Online App,Tabby (BNPL),2
4999,2460,2025-10-08,Online App,Credit Card,6
5000,1799,2025-12-06,Online App,Credit Card,4
5001,1202,2025-05-30,Website,Cash on Delivery,1
5002,1432,2025-10-02,Website,Credit Card,1
5003,2568,2025-12-06,In-Store,Apple Pay,3
5004,1042,2025-02-06,In-Store,Cash on Delivery,2
5005,2615,2024-08-05,Online App,Cash on Delivery,3
5006,255,2025-09-07,Website,Credit Card,3
5007,2346,2025-06-28,Online App,Cash on Delivery,1
5008,2548,2025-05-08,Online App,Credit Card,1
5009,553,2024-09-19,In-Store,Cash on Delivery,1
5010,1303,2025-12-09,Online App,Apple Pay,1
5011,505,2025-02-17,Online App,Apple Pay,1
5012,2123,2025-04-11,Online App,Apple Pay,2
5013,1611,2025-11-09,Online App,Apple Pay,1
5014,1919,2025-11-15,Website,Tabby (BNPL),1
5015,601,2025-12-31,In-Store,Tabby (BNPL),4
5016,652,2024-07-04,Website,Apple Pay,1
5017,123,2025-05-07,Online App,Cash on Delivery,2
5018,986,2025-11-21,Online App,Apple Pay,6
5019,1683,2025-11-02,Website,Cash on Delivery,1
5020,2575,2025-04-03,Online App,Credit Card,1
5021,2012,2025-05-19,In-Store,Apple Pay,2
5022,1319,2025-10-09,Website,Apple Pay,1
5023,2857,2025-10-25,Online App,Tabby (BNPL),1
5024,2156,2025-08-11,Online App,Credit Card,3
5025,2790,2025-10-21,Website,Cash on Delivery,2
5026,1587,2025-01-11,Online App,Apple Pay,5
5027,791,2024-07-13,Online App,Tabby (BNPL),1
5028,153,2025-06-25,Online App,Credit Card,2
5029,2182,2025-07-02,Online App,Cash on Delivery,2
5030,351,2024-11-02,Online App,Cash on Delivery,2
5031,921,2025-06-19,Online App,Tabby (BNPL),2
5032,1600,2025-08-13,Online App,Cash on Delivery,1
5033,1698,2025-01-22,Online App,Cash on Delivery,3
5034,1809,2025-03-25,Online App,Cash on Delivery,3
5035,509,2025-06-06,Online App,Apple Pay,4
5036,1162,2025-11-21,In-Store,Apple Pay,3
5037,1860,2025-12-21,Website,Tabby (BNPL),1
5038,2915,2024-11-27,Online App,Apple Pay,2
5039,2186,2025-10-18,Website,Credit Card,5
5040,2764,2025-11-06,Online App,Apple Pay,4
5041,2294,2025-09-11,In-Store,Credit Card,1
5042,1779,2025-08-24,Online App,Apple Pay,1
5043,587,2025-01-13,Website,Tabby (BNPL),3
5044,2011,2024-06-01,Website,Credit Card,3
5045,1878,2025-09-27,Website,Credit Card,2
5046,1815,2025-04-23,In-Store,Credit Card,1
5047,1474,2025-12-02,Website,Credit Card,2
5048,1590,2025-12-23,Online App,Tabby (BNPL),2
5049,1023,2025-06-22,Website,Tabby (BNPL),3
5050,1557,2025-11-09,In-Store,Tabby (BNPL),2
5051,603,2025-12-28,In-Store,Credit Card,2
5052,2429,2025-01-14,Online App,Cash on Delivery,1
5053,568,2025-08-07,Online App,Credit Card,1
5054,248,2024-12-10,In-Store,Tabby (BNPL),1
5055,1324,2025-10-14,In-Store,Tabby (BNPL),1
5056,1986,2025-02-27,Website,Tabby (BNPL),1
5057,1330,2024-06-06,Website,Credit Card,1
5058,840,2025-03-04,Online App,Tabby (BNPL),1
5059,1681,2025-10-17,Online App,Apple Pay,1
5060,1067,2024-05-17,Online App,Cash on Delivery,6
5061,2797,2025-04-06,Online App,Credit Card,2
5062,2765,2024-08-20,Online App,Apple Pay,2
5063,1506,2025-07-29,Website,Apple Pay,1
5064,1004,2025-10-18,In-Store,Cash on Delivery,2
5065,2218,2025-12-05,Online App,Credit Card,1
5066,116,2025-07-01,Online App,Credit Card,1
5067,1438,2024-07-20,Online App,Apple Pay,2
5068,1030,2025-01-23,In-Store,Apple Pay,6
5069,2759,2025-10-01,Website,Credit Card,1
5070,35,2024-09-03,Online App,Cash on Delivery,6
5071,1664,2025-10-19,Online App,Apple Pay,1
5072,2228,2025-06-14,Website,Apple Pay,1
5073,1460,2025-12-21,Website,Tabby (BNPL),1
5074,250,2025-02-07,In-Store,Credit Card,1
5075,2920,2025-06-12,Online App,Apple Pay,1
5076,1552,2025-10-28,Website,Apple Pay,4
5077,1848,2025-10-05,Website,Apple Pay,2
5078,730,2025-09-16,Website,Cash on Delivery,1
5079,1457,2025-10-20,In-Store,Tabby (BNPL),1
5080,1299,2025-12-08,Online App,Apple Pay,1
5081,221,2025-07-27,Website,Tabby (BNPL),1
5082,314,2025-09-10,Website,Tabby (BNPL),6
5083,2519,2025-08-09,Online App,Cash on Delivery,1
5084,738,2024-05-07,Website,Apple Pay,1
5085,598,2025-10-08,Website,Cash on Delivery,1
5086,1513,2025-05-22,Website,Tabby (BNPL),2
5087,2319,2025-10-15,Online App,Credit Card,3
5088,177,2024-05-07,Website,Cash on Delivery,2
5089,1733,2025-08-09,Website,Cash on Delivery,1
5090,348,2024-11-12,Website,Cash on Delivery,3
5091,115,2025-07-28,Online App,Cash on Delivery,1
5092,152,2025-12-18,Website,Cash on Delivery,1
5093,2511,2025-05-16,Online App,Apple Pay,1
5094,343,2025-11-13,Website,Tabby (BNPL),2
5095,130,2024-08-22,Website,Tabby (BNPL),5
5096,1330,2025-05-11,Online App,Credit Card,1
5097,2537,2025-12-11,Online App,Apple Pay,1
5098,801,2024-07-23,Website,Cash on Delivery,1
5099,1273,2025-03-31,Website,Apple Pay,3
5100,120,2025-12-31,Website,Credit Card,2
5101,1360,2024-10-22,Online App,Tabby (BNPL),1
5102,1736,2025-12-24,Online App,Tabby (BNPL),6
5103,1716,2025-11-18,Online App,Cash on Delivery,2
5104,1017,2025-01-05,Online App,Cash on Delivery,2
5105,962,2025-11-27,Website,Cash on Delivery,6
5106,316,2025-12-10,Online App,Credit Card,2
5107,1120,2025-07-25,Online App,Tabby (BNPL),2
5108,292,2025-09-12,Online App,Tabby (BNPL),1
5109,2310,2024-08-01,In-Store,Tabby (BNPL),2
5110,2907,2025-12-15,Website,Apple Pay,1
5111,2916,2025-05-27,In-Store,Tabby (BNPL),1
5112,2601,2025-10-31,Website,Tabby (BNPL),1
5113,1810,2025-10-10,Website,Credit Card,2
5114,2112,2025-08-30,Online App,Tabby (BNPL),2
5115,866,2025-03-18,In-Store,Credit Card,1
5116,1901,2025-04-12,Website,Credit Card,3
5117,1382,2025-04-15,Online App,Tabby (BNPL),1
5118,1456,2025-12-01,Online App,Apple Pay,1
5119,2278,2025-02-07,In-Store,Apple Pay,4
5120,854,2025-12-06,Online App,Credit Card,1
5121,971,2025-03-21,Website,Apple Pay,3
5122,2771,2025-01-18,Website,Cash on Delivery,1
5123,161,2025-08-04,Website,Apple Pay,1
5124,1462,2025-10-31,Website,Credit Card,3
5125,2736,2025-12-18,In-Store,Credit Card,3
5126,1839,2025-10-29,In-Store,Credit Card,3
5127,1650,2025-12-29,Online App,Credit Card,1
5128,767,2025-06-07,Website,Tabby (BNPL),2
5129,1052,2025-09-18,Online App,Tabby (BNPL),7
5130,2562,2025-08-15,Online App,Cash on Delivery,1
5131,1683,2025-12-06,In-Store,Tabby (BNPL),1
5132,1537,2025-07-20,Online App,Cash on Delivery,1
5133,292,2025-12-05,Website,Cash on Delivery,1
5134,51,2025-10-18,Website,Cash on Delivery,2
5135,2898,2025-12-12,Online App,Credit Card,1
5136,1157,2025-10-12,Online App,Credit Card,5
5137,1816,2025-04-23,Online App,Apple Pay,2
5138,231,2025-11-14,Website,Tabby (BNPL),1
5139,2060,2025-11-07,Online App,Tabby (BNPL),1
5140,2797,2025-12-22,Online App,Cash on Delivery,2
5141,1731,2025-07-06,Online App,Apple Pay,2
5142,367,2025-07-12,Online App,Credit Card,3
5143,1749,2025-10-28,Online App,Apple Pay,2
5144,2309,2025-08-11,Online App,Cash on Delivery,1
5145,1235,2025-04-24,Online App,Cash on Delivery,2
5146,2648,2025-05-08,In-Store,Apple Pay,1
5147,1958,2025-11-19,Online App,Cash on Delivery,1
5148,2700,2025-12-20,Website,Credit Card,1
5149,1879,2024-07-11,In-Store,Tabby (BNPL),3
5150,387,2025-05-18,Website,Credit Card,1
5151,942,2025-05-04,Website,Cash on Delivery,2
5152,617,2025-09-10,Website,Tabby (BNPL),3
5153,2725,2024-10-26,Online App,Tabby (BNPL),1
5154,2287,2025-07-04,In-Store,Credit Card,1
5155,2038,2025-11-23,Online App,Credit Card,3
5156,916,2025-02-06,Online App,Credit Card,3
5157,565,2025-12-16,Website,Apple Pay,1
5158,2274,2025-09-12,Online App,Cash on Delivery,2
5159,1435,2025-05-06,In-Store,Apple Pay,1
5160,693,2025-01-02,Online App,Tabby (BNPL),3
5161,1857,2025-07-04,Website,Cash on Delivery,3
5162,121,2025-04-21,Website,Credit Card,2
5163,997,2025-01-01,Website,Apple Pay,1
5164,1417,2024-11-15,In-Store,Credit Card,1
5165,445,2025-08-01,Online App,Cash on Delivery,1
5166,2956,2025-11-30,Online App,Credit Card,2
5167,642,2025-03-10,Website,Credit Card,1
5168,384,2024-10-19,Online App,Cash on Delivery,1
5169,625,2025-12-29,Online App,Credit Card,2
5170,2319,2025-11-27,Online App,Cash on Delivery,3
5171,1286,2024-08-12,Online App,Credit Card,2
5172,1702,2025-06-07,Online App,Tabby (BNPL),1
5173,70,2025-07-16,Website,Tabby (BNPL),2
5174,109,2025-12-05,Online App,Cash on Delivery,2
5175,1354,2025-11-03,Online App,Apple Pay,3
5176,2465,2025-01-31,Online App,Cash on Delivery,6
5177,2665,2025-06-06,In-Store,Tabby (BNPL),6
5178,253,2025-02-14,Online App,Credit Card,2
5179,1620,2025-09-15,In-Store,Apple Pay,6
5180,2739,2025-12-16,Online App,Credit Card,2
5181,1188,2025-04-02,Online App,Credit Card,6
5182,2497,2025-10-08,Website,Cash on Delivery,2
5183,395,2025-03-26,Website,Apple Pay,1
5184,2802,2025-12-08,Online App,Tabby (BNPL),2
5185,2259,2025-10-15,Online App,Tabby (BNPL),1
5186,2824,2025-08-26,Online App,Tabby (BNPL),7
5187,2038,2025-05-24,Online App,Cash on Delivery,3
5188,1112,2025-11-07,Online App,Credit Card,1
5189,2812,2025-03-22,Online App,Cash on Delivery,3
5190,837,2025-05-12,Website,Apple Pay,2
5191,1016,2024-11-10,Online App,Apple Pay,2
5192,2112,2025-06-20,Website,Cash on Delivery,2
5193,2304,2025-05-13,Website,Credit Card,5
5194,2789,2025-07-27,In-Store,Tabby (BNPL),1
5195,630,2025-12-31,Website,Cash on Delivery,1
5196,2409,2025-07-10,Website,Tabby (BNPL),1
5197,2222,2025-05-20,Website,Credit Card,2
5198,185,2025-10-07,Online App,Tabby (BNPL),2
5199,1187,2025-12-28,Online App,Cash on Delivery,6
5200,857,2025-03-29,In-Store,Credit Card,3
5201,925,2025-12-10,Website,Cash on Delivery,1
5202,2951,2025-03-20,Online App,Credit Card,1
5203,1935,2025-04-12,Online App,Apple Pay,2
5204,2153,2025-12-05,Online App,Tabby (BNPL),1
5205,2931,2025-12-02,Online App,Tabby (BNPL),1
5206,1157,2025-10-20,Online App,Cash on Delivery,5
5207,2420,2025-01-28,Website,Tabby (BNPL),1
5208,1316,2025-07-16,In-Store,Tabby (BNPL),1
5209,2615,2024-11-13,Online App,Cash on Delivery,3
5210,551,2025-06-26,Online App,Cash on Delivery,1
5211,2842,2025-04-19,Website,Credit Card,6
5212,674,2025-03-21,Online App,Credit Card,1
5213,998,2025-12-13,In-Store,Cash on Delivery,1
5214,2272,2025-05-05,Online App,Tabby (BNPL),3
5215,1203,2025-10-15,Website,Tabby (BNPL),7
5216,1830,2025-06-23,Online App,Tabby (BNPL),2
5217,1350,2025-11-08,Online App,Tabby (BNPL),1
5218,2234,2025-10-08,Online App,Credit Card,2
5219,702,2025-12-30,In-Store,Cash on Delivery,2
5220,168,2025-12-08,Online App,Credit Card,4
5221,913,2025-11-17,Online App,Apple Pay,4
5222,1435,2025-04-03,Online App,Tabby (BNPL),1
5223,515,2025-12-07,Online App,Credit Card,5
5224,1088,2025-12-09,Online App,Credit Card,5
5225,1216,2025-11-23,In-Store,Credit Card,2
5226,164,2025-06-24,Website,Apple Pay,2
5227,1753,2025-12-22,Online App,Tabby (BNPL),1
5228,2664,2025-02-23,Online App,Cash on Delivery,2
5229,456,2025-10-29,Online App,Cash on Delivery,1
5230,1800,2025-12-31,Online App,Apple Pay,6
5231,2008,2025-12-28,Online App,Apple Pay,7
5232,1267,2024-08-20,Website,Tabby (BNPL),1
5233,2112,2025-04-17,Website,Credit Card,2
5234,1246,2025-11-19,In-Store,Tabby (BNPL),1
5235,1513,2025-06-01,Online App,Credit Card,2
5236,22,2025-05-30,In-Store,Apple Pay,2
5237,2086,2024-02-18,Online App,Tabby (BNPL),1
5238,1994,2025-06-23,Online App,Cash on Delivery,2
5239,118,2025-11-09,Online App,Apple Pay,1
5240,1127,2025-06-04,In-Store,Credit Card,6
5241,2939,2025-12-12,Online App,Tabby (BNPL),1
5242,1271,2025-04-23,In-Store,Apple Pay,2
5243,1505,2025-07-18,Website,Apple Pay,2
5244,2729,2025-10-03,Online App,Credit Card,3
5245,2153,2025-12-05,Online App,Cash on Delivery,1
5246,1749,2025-11-15,Website,Tabby (BNPL),2
5247,2408,2025-11-01,Website,Apple Pay,1
5248,2599,2025-07-26,Online App,Cash on Delivery,2
5249,1388,2025-12-15,Online App,Tabby (BNPL),1
5250,1440,2025-08-21,Online App,Credit Card,1
5251,1183,2025-09-14,Online App,Apple Pay,1
5252,2908,2025-10-12,Online App,Cash on Delivery,3
5253,2103,2025-02-24,Website,Tabby (BNPL),3
5254,241,2025-12-06,Online App,Cash on Delivery,3
5255,2593,2025-11-19,Website,Tabby (BNPL),7
5256,1451,2025-10-15,Online App,Tabby (BNPL),2
5257,201,2025-04-12,Website,Apple Pay,1
5258,1658,2025-08-05,Online App,Tabby (BNPL),6
5259,1261,2025-07-21,Website,Cash on Delivery,2
5260,2644,2025-09-27,Website,Apple Pay,5
5261,626,2025-04-17,In-Store,Tabby (BNPL),1
5262,2491,2025-06-14,Online App,Apple Pay,3
5263,1679,2025-11-08,In-Store,Cash on Delivery,2
5264,158,2025-11-07,Website,Apple Pay,2
5265,2919,2025-03-18,Online App,Cash on Delivery,2
5266,1533,2025-04-29,Website,Tabby (BNPL),1
5267,885,2025-11-06,Website,Tabby (BNPL),1
5268,1420,2024-03-01,Online App,Credit Card,5
5269,2575,2025-06-20,In-Store,Credit Card,1
5270,927,2025-09-03,In-Store,Cash on Delivery,2
5271,589,2024-08-14,In-Store,Cash on Delivery,6
5272,379,2025-11-09,Website,Credit Card,6
5273,907,2024-07-15,Online App,Cash on Delivery,1
5274,2356,2025-12-02,Website,Credit Card,2
5275,1427,2025-02-24,Online App,Cash on Delivery,2
5276,699,2025-10-21,Online App,Apple Pay,2
5277,509,2025-05-11,Online App,Apple Pay,4
5278,1017,2025-10-20,Online App,Tabby (BNPL),2
5279,2818,2024-05-31,In-Store,Tabby (BNPL),3
5280,1051,2025-08-23,In-Store,Apple Pay,2
5281,2966,2025-07-23,Website,Credit Card,1
5282,1460,2025-07-09,Website,Tabby (BNPL),1
5283,545,2025-11-02,Online App,Credit Card,5
5284,2680,2025-03-08,Online App,Credit Card,5
5285,1398,2025-09-07,Online App,Tabby (BNPL),7
5286,2130,2025-08-06,Website,Tabby (BNPL),2
5287,2953,2025-09-25,In-Store,Cash on Delivery,1
5288,143,2025-11-01,Website,Cash on Delivery,2
5289,285,2025-05-18,Online App,Credit Card,2
5290,2162,2024-12-20,Online App,Credit Card,6
5291,854,2025-12-06,Website,Cash on Delivery,1
5292,567,2025-10-20,Online App,Cash on Delivery,2
5293,119,2025-10-03,Online App,Tabby (BNPL),1
5294,73,2024-11-05,Online App,Credit Card,1
5295,2338,2025-12-17,In-Store,Credit Card,1
5296,399,2025-03-12,Website,Apple Pay,1
5297,1416,2025-07-24,Online App,Credit Card,1
5298,1825,2025-10-30,Online App,Apple Pay,1
5299,1296,2025-08-21,Online App,Cash on Delivery,3
5300,91,2025-03-28,Online App,Credit Card,5
5301,2364,2025-11-13,Online App,Apple Pay,3
5302,31,2025-12-31,Online App,Tabby (BNPL),4
5303,2294,2025-11-13,Online App,Credit Card,1
5304,2688,2025-09-16,Online App,Tabby (BNPL),5
5305,1311,2025-04-07,In-Store,Tabby (BNPL),7
5306,1611,2025-12-04,Online App,Cash on Delivery,1
5307,1444,2025-11-05,Website,Credit Card,2
5308,1192,2024-12-03,Website,Apple Pay,1
5309,2670,2025-03-13,Website,Credit Card,5
5310,2688,2024-09-16,Website,Apple Pay,5
5311,1029,2025-10-14,Website,Credit Card,1
5312,1850,2025-12-30,Website,Apple Pay,2
5313,2778,2025-10-08,Online App,Apple Pay,1
5314,2892,2025-05-07,Online App,Credit Card,6
5315,1523,2025-09-14,Website,Apple Pay,1
5316,1374,2025-11-28,Online App,Cash on Delivery,1
5317,846,2025-05-01,Website,Credit Card,2
5318,2879,2025-09-24,Online App,Tabby (BNPL),7
5319,429,2025-12-29,Online App,Cash on Delivery,1
5320,1741,2025-06-13,Online App,Apple Pay,7
5321,856,2025-08-28,Online App,Tabby (BNPL),2
5322,846,2025-12-30,Online App,Cash on Delivery,2
5323,1229,2025-11-30,Online App,Tabby (BNPL),3
5324,2998,2025-05-12,Website,Cash on Delivery,1
5325,159,2025-08-18,Website,Cash on Delivery,3
5326,1737,2025-11-19,Online App,Apple Pay,1
5327,241,2025-12-10,Online App,Tabby (BNPL),3
5328,466,2025-01-20,In-Store,Credit Card,1
5329,1336,2025-05-12,In-Store,Credit Card,2
5330,1526,2025-02-13,Online App,Credit Card,7
5331,790,2025-10-06,Website,Credit Card,2
5332,965,2025-12-30,Website,Credit Card,3
5333,253,2025-03-09,Online App,Apple Pay,2
5334,921,2024-12-17,Website,Credit Card,2
5335,2907,2025-06-02,Website,Credit Card,1
5336,2834,2025-12-16,In-Store,Cash on Delivery,3
5337,1026,2024-11-19,In-Store,Credit Card,1
5338,1716,2025-06-29,In-Store,Credit Card,2
5339,2728,2025-07-06,Online App,Apple Pay,2
5340,21,2025-07-12,Online App,Tabby (BNPL),4
5341,2446,2025-12-03,In-Store,Cash on Delivery,1
5342,2844,2025-03-18,Online App,Credit Card,2
5343,264,2025-11-30,Online App,Cash on Delivery,1
5344,488,2024-12-31,Online App,Tabby (BNPL),1
5345,2888,2025-09-24,Website,Credit Card,4
5346,1618,2025-10-10,Online App,Apple Pay,1
5347,43,2024-05-14,Website,Cash on Delivery,2
5348,787,2024-05-17,Website,Cash on Delivery,3
5349,1365,2025-02-25,In-Store,Apple Pay,7
5350,2090,2025-12-25,In-Store,Cash on Delivery,2
5351,2202,2025-09-08,Website,Tabby (BNPL),1
5352,2990,2025-11-01,Online App,Tabby (BNPL),3
5353,876,2025-09-29,Website,Credit Card,1
5354,1620,2024-11-18,Online App,Apple Pay,6
5355,1604,2024-05-06,Website,Tabby (BNPL),6
5356,1231,2025-04-04,Online App,Tabby (BNPL),1
5357,516,2025-01-18,Website,Cash on Delivery,1
5358,2934,2025-07-04,Online App,Tabby (BNPL),1
5359,2565,2025-12-26,Online App,Tabby (BNPL),1
5360,1496,2025-05-25,Website,Tabby (BNPL),3
5361,1816,2024-09-28,Website,Cash on Delivery,2
5362,699,2025-06-26,Website,Credit Card,2
5363,1642,2025-12-14,Website,Apple Pay,1
5364,2095,2025-08-12,In-Store,Apple Pay,5
5365,1539,2025-05-31,Website,Cash on Delivery,5
5366,2973,2025-03-03,Website,Credit Card,3
5367,1842,2025-10-05,Website,Cash on Delivery,1
5368,1136,2025-10-27,Online App,Apple Pay,7
5369,2332,2024-08-21,Online App,Credit Card,2
5370,519,2025-12-08,Online App,Tabby (BNPL),2
5371,1177,2025-10-19,Online App,Apple Pay,1
5372,1066,2025-09-08,Online App,Credit Card,1
5373,1309,2025-09-26,Website,Tabby (BNPL),3
5374,2360,2025-04-01,Online App,Apple Pay,2
5375,1459,2025-05-13,Website,Credit Card,7
5376,2396,2025-12-28,Online App,Tabby (BNPL),2
5377,1733,2025-12-23,Website,Cash on Delivery,1
5378,1049,2025-12-26,Website,Cash on Delivery,1
5379,2443,2024-07-22,Website,Tabby (BNPL),1
5380,735,2025-06-10,Online App,Apple Pay,7
5381,690,2025-08-07,Website,Tabby (BNPL),2
5382,1512,2025-09-22,Website,Apple Pay,6
5383,796,2025-06-13,Online App,Tabby (BNPL),2
5384,25,2025-08-27,Online App,Credit Card,6
5385,1956,2024-03-27,Online App,Apple Pay,4
5386,1529,2025-08-10,Website,Tabby (BNPL),4
5387,1352,2025-03-25,Online App,Tabby (BNPL),1
5388,2908,2025-09-03,Online App,Cash on Delivery,3
5389,1717,2025-09-10,In-Store,Credit Card,1
5390,2595,2025-10-15,Website,Apple Pay,1
5391,417,2025-10-23,Website,Apple Pay,2
5392,1713,2025-11-02,In-Store,Tabby (BNPL),2
5393,2611,2025-02-17,Website,Apple Pay,1
5394,1753,2025-12-26,Online App,Apple Pay,1
5395,2154,2025-11-28,Online App,Credit Card,3
5396,1140,2024-04-10,Website,Tabby (BNPL),2
5397,268,2025-11-07,Online App,Tabby (BNPL),2
5398,1392,2025-06-11,Online App,Cash on Delivery,2
5399,1205,2025-10-29,Website,Tabby (BNPL),4
5400,2607,2025-10-25,Website,Credit Card,1
5401,751,2025-07-18,Online App,Apple Pay,2
5402,2908,2025-10-24,Online App,Tabby (BNPL),3
5403,2878,2025-01-17,Website,Apple Pay,7
5404,760,2025-01-22,Website,Tabby (BNPL),3
5405,1069,2025-07-06,Online App,Cash on Delivery,6
5406,2690,2025-06-23,Website,Cash on Delivery,2
5407,2907,2025-11-22,Website,Cash on Delivery,1
5408,1349,2024-03-19,Website,Credit Card,4
5409,982,2025-12-31,Website,Tabby (BNPL),2
5410,1586,2025-11-12,Online App,Apple Pay,3
5411,2072,2025-11-30,Online App,Credit Card,2
5412,828,2025-07-27,Online App,Apple Pay,2
5413,2217,2024-10-13,In-Store,Tabby (BNPL),6
5414,148,2025-12-26,In-Store,Tabby (BNPL),1
5415,141,2024-08-14,Website,Tabby (BNPL),4
5416,1184,2024-12-25,Online App,Cash on Delivery,1
5417,1083,2025-02-21,Online App,Cash on Delivery,3
5418,963,2025-07-23,Website,Tabby (BNPL),2
5419,1477,2025-04-30,Online App,Cash on Delivery,5
5420,981,2024-04-13,Online App,Tabby (BNPL),1
5421,588,2025-06-30,Website,Credit Card,4
5422,941,2025-12-17,Website,Tabby (BNPL),2
5423,2927,2024-10-23,Online App,Tabby (BNPL),1
5424,1246,2025-10-19,In-Store,Cash on Delivery,1
5425,1351,2025-11-09,Online App,Cash on Delivery,2
5426,1733,2025-01-25,Online App,Apple Pay,1
5427,2952,2025-08-25,Website,Credit Card,4
5428,743,2025-12-01,Website,Tabby (BNPL),1
5429,2052,2025-11-06,Website,Tabby (BNPL),5
5430,2149,2024-11-18,Website,Tabby (BNPL),2
5431,1828,2025-08-12,Online App,Apple Pay,2
5432,256,2025-10-29,Online App,Cash on Delivery,3
5433,2038,2025-09-01,In-Store,Credit Card,3
5434,185,2025-06-15,Website,Cash on Delivery,2
5435,1795,2024-10-10,Online App,Credit Card,1
5436,2224,2025-11-18,In-Store,Tabby (BNPL),1
5437,651,2025-02-25,Website,Apple Pay,1
5438,2530,2025-09-14,Online App,Tabby (BNPL),3
5439,100,2025-09-28,In-Store,Tabby (BNPL),1
5440,2536,2025-11-07,In-Store,Apple Pay,4
5441,1398,2025-06-20,Online App,Tabby (BNPL),7
5442,669,2024-07-09,In-Store,Apple Pay,2
5443,396,2025-07-23,Online App,Cash on Delivery,3
5444,2858,2025-10-20,Website,Apple Pay,1
5445,213,2024-04-06,Website,Cash on Delivery,2
5446,608,2025-09-04,In-Store,Tabby (BNPL),3
5447,1068,2025-09-20,Website,Cash on Delivery,2
5448,1870,2025-08-20,Online App,Cash on Delivery,2
5449,1647,2025-09-29,Online App,Credit Card,2
5450,365,2025-06-01,Online App,Tabby (BNPL),3
5451,881,2025-12-22,Online App,Tabby (BNPL),3
5452,736,2025-01-13,Website,Cash on Delivery,1
5453,656,2024-07-01,Online App,Cash on Delivery,3
5454,1246,2025-12-07,Website,Tabby (BNPL),1
5455,2117,2025-07-07,Online App,Tabby (BNPL),7
5456,668,2025-12-27,Online App,Cash on Delivery,1
5457,1119,2025-04-28,Online App,Credit Card,2
5458,1197,2025-10-29,Online App,Apple Pay,2
5459,2930,2025-01-26,Website,Tabby (BNPL),3
5460,2863,2025-05-03,In-Store,Cash on Delivery,1
5461,2414,2025-10-30,Online App,Cash on Delivery,3
5462,743,2025-11-13,Website,Credit Card,1
5463,199,2024-06-16,Online App,Credit Card,2
5464,966,2025-07-23,Online App,Credit Card,2
5465,812,2025-10-06,In-Store,Cash on Delivery,5
5466,1515,2024-10-09,Website,Tabby (BNPL),1
5467,2347,2025-12-27,In-Store,Tabby (BNPL),2
5468,2576,2025-12-23,Online App,Tabby (BNPL),1
5469,2540,2025-05-03,Online App,Apple Pay,1
5470,1101,2025-03-02,Online App,Cash on Delivery,1
5471,2071,2025-09-23,Website,Tabby (BNPL),2
5472,952,2025-02-04,Website,Cash on Delivery,1
5473,175,2025-12-29,Website,Tabby (BNPL),2
5474,2114,2024-05-08,Website,Tabby (BNPL),2
5475,29,2025-10-09,Website,Tabby (BNPL),1
5476,1242,2025-10-09,In-Store,Credit Card,2
5477,1008,2025-12-30,Online App,Cash on Delivery,2
5478,2091,2025-04-30,Website,Tabby (BNPL),2
5479,2309,2025-03-07,Website,Credit Card,1
5480,925,2025-11-06,Online App,Apple Pay,1
5481,2447,2025-06-11,Online App,Apple Pay,1
5482,893,2025-10-20,In-Store,Credit Card,2
5483,1355,2025-02-24,In-Store,Tabby (BNPL),1
5484,2184,2025-11-27,Website,Credit Card,2
5485,2090,2025-12-24,Online App,Cash on Delivery,2
5486,2962,2025-09-25,Website,Credit Card,3
5487,692,2025-11-14,Online App,Tabby (BNPL),2
5488,1998,2025-11-02,Website,Tabby (BNPL),5
5489,1836,2025-12-12,Online App,Cash on Delivery,1
5490,2743,2025-06-13,Online App,Tabby (BNPL),1
5491,471,2025-05-05,Online App,Credit Card,1
5492,2261,2025-12-29,Online App,Tabby (BNPL),6
5493,1712,2025-12-11,Website,Tabby (BNPL),1
5494,833,2025-07-15,Website,Credit Card,5
5495,1436,2024-08-22,Online App,Cash on Delivery,2
5496,1021,2025-12-25,In-Store,Apple Pay,1
5497,1739,2025-07-21,Website,Apple Pay,1
5498,2674,2024-04-10,In-Store,Tabby (BNPL),1
5499,1713,2025-12-06,In-Store,Apple Pay,2
5500,1905,2025-09-22,Online App,Credit Card,2
5501,1556,2025-07-10,In-Store,Cash on Delivery,3
5502,146,2024-04-04,Online App,Cash on Delivery,2
5503,718,2025-04-26,Online App,Tabby (BNPL),1
5504,1479,2025-12-08,Online App,Credit Card,4
5505,944,2025-08-24,Online App,Cash on Delivery,1
5506,553,2025-05-18,Online App,Tabby (BNPL),1
5507,1511,2025-01-15,Online App,Cash on Delivery,5
5508,987,2025-07-12,Website,Apple Pay,2
5509,788,2024-09-21,Online App,Tabby (BNPL),4
5510,1407,2025-07-28,Online App,Apple Pay,1
5511,393,2025-08-09,Website,Tabby (BNPL),7
5512,2782,2024-10-18,In-Store,Apple Pay,2
5513,2610,2024-04-11,Website,Apple Pay,1
5514,2126,2025-04-21,Website,Credit Card,4
5515,314,2025-09-24,Online App,Credit Card,6
5516,2343,2025-06-22,In-Store,Apple Pay,2
5517,2438,2025-12-12,Online App,Tabby (BNPL),2
5518,2315,2025-02-10,In-Store,Cash on Delivery,1
5519,331,2025-11-17,Website,Apple Pay,6
5520,1940,2025-12-15,In-Store,Credit Card,2
5521,2511,2025-10-23,Website,Apple Pay,1
5522,1736,2025-12-25,Online App,Apple Pay,6
5523,1949,2025-10-09,Online App,Tabby (BNPL),2
5524,1393,2025-12-15,Website,Cash on Delivery,2
5525,1590,2025-09-27,In-Store,Tabby (BNPL),2
5526,109,2025-09-28,In-Store,Credit Card,2
5527,1928,2025-07-02,Website,Cash on Delivery,1
5528,236,2025-11-23,Online App,Cash on Delivery,2
5529,1318,2025-11-20,Website,Cash on Delivery,3
5530,891,2025-09-12,Online App,Tabby (BNPL),6
5531,1647,2025-10-02,In-Store,Cash on Delivery,2
5532,394,2025-12-25,Online App,Cash on Delivery,4
5533,2086,2025-09-17,In-Store,Credit Card,1
5534,2398,2025-05-27,Website,Cash on Delivery,3
5535,497,2024-12-13,In-Store,Credit Card,1
5536,308,2025-04-16,Online App,Cash on Delivery,5
5537,438,2025-08-18,Online App,Tabby (BNPL),3
5538,2643,2025-09-04,Online App,Credit Card,1
5539,1589,2024-08-19,Website,Credit Card,1
5540,1416,2025-09-23,Online App,Tabby (BNPL),1
5541,317,2025-02-09,Website,Apple Pay,2
5542,1961,2025-10-07,In-Store,Credit Card,6
5543,2611,2024-10-09,Website,Apple Pay,1
5544,2495,2024-08-16,Website,Credit Card,1
5545,1888,2025-04-04,Online App,Cash on Delivery,2
5546,221,2025-11-30,In-Store,Credit Card,1
5547,328,2024-11-18,Online App,Cash on Delivery,2
5548,141,2025-06-22,Website,Cash on Delivery,4
5549,786,2024-07-16,Online App,Credit Card,2
5550,406,2025-11-05,In-Store,Cash on Delivery,2
5551,795,2025-12-02,Online App,Apple Pay,5
5552,1179,2024-11-26,In-Store,Apple Pay,3
5553,2829,2025-04-18,In-Store,Credit Card,2
5554,1839,2025-10-23,Online App,Credit Card,3
5555,2512,2025-05-18,Online App,Credit Card,2
5556,2133,2025-02-19,Online App,Credit Card,3
5557,328,2025-05-03,Website,Credit Card,2
5558,2214,2025-09-20,Online App,Tabby (BNPL),5
5559,835,2025-12-21,In-Store,Tabby (BNPL),2
5560,1928,2025-08-01,Online App,Tabby (BNPL),1
5561,1045,2025-11-07,Online App,Apple Pay,1
5562,2995,2025-01-08,Website,Credit Card,1
5563,803,2025-12-31,Online App,Tabby (BNPL),4
5564,847,2025-08-22,Online App,Apple Pay,6
5565,2792,2025-09-04,Website,Tabby (BNPL),1
5566,83,2025-07-04,Online App,Tabby (BNPL),3
5567,2101,2025-11-02,Website,Tabby (BNPL),2
5568,2180,2025-12-23,Website,Apple Pay,1
5569,2514,2025-12-27,Online App,Credit Card,5
5570,2925,2025-08-05,Online App,Cash on Delivery,2
5571,2929,2024-12-09,Website,Apple Pay,2
5572,189,2025-07-13,Online App,Apple Pay,2
5573,2478,2024-06-03,In-Store,Credit Card,5
5574,1948,2025-12-25,In-Store,Apple Pay,5
5575,1952,2025-09-15,In-Store,Cash on Delivery,1
5576,376,2024-12-17,Online App,Apple Pay,3
5577,1962,2025-07-22,Online App,Apple Pay,1
5578,2950,2024-09-24,Online App,Tabby (BNPL),1
5579,2733,2025-08-24,Website,Credit Card,1
5580,1333,2025-12-17,Website,Apple Pay,2
5581,120,2025-12-29,Website,Credit Card,2
5582,1108,2025-09-21,Online App,Apple Pay,2
5583,2491,2025-09-14,Website,Apple Pay,3
5584,2113,2025-02-07,Online App,Credit Card,5
5585,1394,2025-09-28,Website,Credit Card,1
5586,159,2024-09-12,In-Store,Cash on Delivery,3
5587,1291,2025-12-08,Online App,Credit Card,5
5588,1419,2025-12-26,Online App,Cash on Delivery,1
5589,2785,2024-08-28,Online App,Tabby (BNPL),5
5590,1934,2025-11-17,In-Store,Cash on Delivery,3
5591,950,2025-11-30,Online App,Apple Pay,1
5592,1583,2025-12-04,Online App,Cash on Delivery,2
5593,191,2025-01-21,Website,Tabby (BNPL),3
5594,2920,2025-10-01,Online App,Credit Card,1
5595,1101,2025-04-08,Online App,Tabby (BNPL),1
5596,1445,2024-11-13,Online App,Credit Card,1
5597,1091,2025-08-16,In-Store,Tabby (BNPL),1
5598,2057,2025-12-18,Online App,Credit Card,1
5599,1997,2025-07-03,Online App,Credit Card,1
5600,2148,2025-12-08,Online App,Apple Pay,6
5601,816,2025-10-13,Website,Cash on Delivery,1
5602,963,2025-02-28,In-Store,Cash on Delivery,2
5603,363,2025-12-13,Online App,Credit Card,1
5604,1976,2025-11-19,In-Store,Cash on Delivery,2
5605,120,2025-12-28,In-Store,Credit Card,2
5606,1800,2025-12-29,Online App,Tabby (BNPL),6
5607,2615,2025-07-27,Online App,Credit Card,3
5608,2679,2025-11-18,In-Store,Tabby (BNPL),3
5609,1360,2025-02-06,In-Store,Apple Pay,1
5610,1394,2025-10-18,Online App,Credit Card,1
5611,226,2025-10-27,Online App,Cash on Delivery,6
5612,2023,2025-12-26,Website,Tabby (BNPL),1
5613,2476,2025-12-03,Online App,Cash on Delivery,2
5614,752,2025-10-04,Online App,Apple Pay,1
5615,1272,2025-07-19,In-Store,Tabby (BNPL),1
5616,2523,2024-06-11,Online App,Cash on Delivery,2
5617,2643,2025-03-07,Online App,Credit Card,1
5618,748,2025-10-26,In-Store,Cash on Delivery,1
5619,1659,2025-08-02,Website,Cash on Delivery,1
5620,589,2025-08-03,Online App,Tabby (BNPL),6
5621,302,2024-10-04,Website,Apple Pay,1
5622,2732,2025-10-15,Website,Tabby (BNPL),1
5623,2473,2024-08-01,Online App,Credit Card,1
5624,2287,2025-04-30,Online App,Credit Card,1
5625,141,2024-10-19,Website,Cash on Delivery,4
5626,2536,2025-10-12,Online App,Tabby (BNPL),4
5627,1330,2025-07-05,Online App,Credit Card,1
5628,1049,2025-10-03,Online App,Cash on Delivery,1
5629,1650,2025-04-10,Online App,Apple Pay,1
5630,264,2025-11-25,Online App,Cash on Delivery,1
5631,2274,2025-09-02,Online App,Cash on Delivery,2
5632,1749,2025-07-02,Online App,Tabby (BNPL),2
5633,569,2024-03-19,Website,Apple Pay,1
5634,573,2025-12-09,Website,Cash on Delivery,4
5635,566,2025-11-13,Website,Tabby (BNPL),1
5636,164,2025-05-24,Website,Credit Card,2
5637,1769,2025-03-09,Online App,Credit Card,1
5638,2528,2025-10-14,Website,Credit Card,1
5639,54,2025-01-12,In-Store,Tabby (BNPL),7
5640,141,2024-12-07,Online App,Credit Card,4
5641,1721,2025-10-10,Online App,Credit Card,2
5642,2469,2025-08-31,Online App,Cash on Delivery,2
5643,999,2024-12-04,Website,Apple Pay,3
5644,1074,2024-10-19,Online App,Tabby (BNPL),2
5645,1797,2025-04-02,Online App,Cash on Delivery,2
5646,832,2025-03-22,Website,Cash on Delivery,6
5647,90,2025-04-12,Online App,Tabby (BNPL),1
5648,2211,2025-10-04,In-Store,Apple Pay,2
5649,1886,2024-11-13,In-Store,Cash on Delivery,2
5650,1745,2025-07-11,Website,Cash on Delivery,1
5651,2230,2025-03-28,Online App,Apple Pay,3
5652,2037,2025-10-04,Online App,Credit Card,6
5653,634,2025-08-03,Online App,Credit Card,2
5654,1080,2025-11-17,Online App,Apple Pay,3
5655,367,2024-10-24,Online App,Cash on Delivery,3
5656,383,2025-02-11,In-Store,Tabby (BNPL),6
5657,2038,2025-08-03,Online App,Cash on Delivery,3
5658,2577,2025-01-14,Website,Tabby (BNPL),2
5659,2895,2025-11-19,Online App,Cash on Delivery,7
5660,1893,2025-03-31,Online App,Tabby (BNPL),4
5661,566,2025-07-07,Website,Cash on Delivery,1
5662,312,2025-01-03,Online App,Credit Card,4
5663,2452,2025-05-06,In-Store,Cash on Delivery,2
5664,1738,2025-09-26,Website,Tabby (BNPL),6
5665,1862,2025-11-29,Online App,Cash on Delivery,1
5666,2360,2024-12-14,Online App,Credit Card,2
5667,2115,2025-07-03,Online App,Apple Pay,3
5668,2512,2025-11-07,Online App,Credit Card,2
5669,161,2025-09-05,Online App,Apple Pay,1
5670,2251,2025-12-13,Online App,Credit Card,1
5671,2557,2025-12-24,In-Store,Tabby (BNPL),3
5672,871,2025-11-08,Online App,Credit Card,7
5673,1931,2025-09-26,Website,Credit Card,3
5674,956,2025-08-16,Website,Apple Pay,2
5675,2877,2024-05-04,Online App,Cash on Delivery,2
5676,107,2025-01-08,Online App,Cash on Delivery,3
5677,1741,2025-08-13,Online App,Cash on Delivery,7
5678,511,2025-04-01,Website,Tabby (BNPL),1
5679,2140,2025-10-28,Online App,Cash on Delivery,2
5680,535,2025-11-07,Website,Apple Pay,1
5681,727,2025-06-05,Online App,Apple Pay,1
5682,1487,2024-09-21,In-Store,Apple Pay,2
5683,2742,2025-10-23,Online App,Apple Pay,2
5684,652,2025-09-14,Online App,Tabby (BNPL),1
5685,434,2025-04-15,In-Store,Tabby (BNPL),2
5686,2283,2025-05-18,In-Store,Credit Card,5
5687,1504,2025-06-02,Online App,Apple Pay,1
5688,2733,2025-10-14,Online App,Credit Card,1
5689,441,2025-09-29,Website,Apple Pay,7
5690,1947,2025-02-17,Online App,Apple Pay,2
5691,718,2025-04-07,Online App,Tabby (BNPL),1
5692,472,2024-06-09,In-Store,Apple Pay,1
5693,2061,2025-10-03,In-Store,Tabby (BNPL),2
5694,1786,2025-10-23,Online App,Cash on Delivery,2
5695,2269,2025-09-24,Website,Apple Pay,1
5696,941,2025-12-15,Website,Tabby (BNPL),2
5697,1359,2025-11-27,Online App,Apple Pay,6
5698,1231,2025-04-07,In-Store,Cash on Delivery,1
5699,2954,2025-10-19,Online App,Apple Pay,2
5700,891,2024-08-02,Online App,Tabby (BNPL),6
5701,896,2025-11-13,Website,Tabby (BNPL),2
5702,1088,2025-08-17,In-Store,Cash on Delivery,5
5703,1698,2024-06-08,Website,Cash on Delivery,3
5704,771,2025-09-09,Website,Apple Pay,1
5705,2744,2024-07-30,In-Store,Tabby (BNPL),1
5706,809,2025-11-25,Online App,Tabby (BNPL),1
5707,2690,2025-01-31,In-Store,Cash on Delivery,2
5708,306,2025-11-05,Online App,Credit Card,5
5709,1980,2025-12-28,Website,Tabby (BNPL),1
5710,2719,2025-06-14,In-Store,Apple Pay,1
5711,516,2024-10-04,Online App,Apple Pay,1
5712,2911,2024-05-16,Online App,Cash on Delivery,1
5713,1374,2025-12-11,Online App,Apple Pay,1
5714,2836,2024-06-26,Online App,Cash on Delivery,4
5715,2038,2025-03-18,Online App,Cash on Delivery,3
5716,917,2025-08-14,Online App,Credit Card,1
5717,573,2024-02-10,In-Store,Cash on Delivery,4
5718,923,2025-05-16,Online App,Tabby (BNPL),2
5719,271,2025-06-29,In-Store,Tabby (BNPL),2
5720,433,2025-11-06,Online App,Apple Pay,1
5721,309,2025-10-09,Website,Cash on Delivery,5
5722,1278,2025-01-30,In-Store,Cash on Delivery,1
5723,2400,2025-10-26,Website,Cash on Delivery,2
5724,423,2025-02-24,Website,Apple Pay,3
5725,384,2024-11-20,Website,Credit Card,1
5726,1937,2025-11-29,Website,Apple Pay,5
5727,602,2025-12-04,Online App,Credit Card,2
5728,286,2024-09-20,Website,Tabby (BNPL),1
5729,513,2025-09-29,Website,Apple Pay,7
5730,2769,2025-02-26,Website,Apple Pay,4
5731,2477,2025-05-24,Online App,Tabby (BNPL),2
5732,1086,2025-08-26,Website,Tabby (BNPL),1
5733,1978,2025-09-27,Online App,Cash on Delivery,3
5734,1616,2025-11-19,Website,Cash on Delivery,1
5735,2039,2025-04-08,Website,Cash on Delivery,1
5736,2057,2025-11-18,Online App,Apple Pay,1
5737,1895,2025-10-17,Website,Tabby (BNPL),1
5738,811,2025-12-15,Online App,Credit Card,6
5739,119,2025-11-25,Website,Credit Card,1
5740,1382,2025-07-09,Website,Credit Card,1
5741,2679,2025-09-25,Online App,Cash on Delivery,3
5742,1714,2025-11-24,Online App,Credit Card,6
5743,2509,2025-05-12,Online App,Tabby (BNPL),1
5744,2975,2025-12-12,Online App,Tabby (BNPL),2
5745,497,2025-10-13,Online App,Apple Pay,1
5746,2086,2024-06-17,Online App,Credit Card,1
5747,2033,2025-11-08,Online App,Credit Card,2
5748,2942,2025-12-17,Online App,Credit Card,2
5749,2958,2025-11-10,Website,Credit Card,1
5750,2069,2024-08-14,Online App,Credit Card,2
5751,750,2025-01-20,Website,Tabby (BNPL),3
5752,2410,2025-08-19,Online App,Apple Pay,3
5753,318,2025-09-30,Online App,Credit Card,1
5754,2358,2025-08-19,Online App,Cash on Delivery,1
5755,2730,2025-12-14,Website,Credit Card,5
5756,1171,2025-12-31,Website,Cash on Delivery,2
5757,1901,2025-10-13,Online App,Apple Pay,3
5758,1303,2025-12-21,Website,Apple Pay,1
5759,1330,2025-10-21,In-Store,Cash on Delivery,1
5760,944,2025-11-24,Website,Credit Card,1
5761,2294,2025-07-06,Website,Tabby (BNPL),1
5762,2805,2025-10-09,Website,Apple Pay,1
5763,2821,2025-04-07,Online App,Credit Card,1
5764,530,2024-12-07,In-Store,Apple Pay,1
5765,2633,2025-07-21,Online App,Cash on Delivery,2
5766,2218,2025-12-12,Online App,Tabby (BNPL),1
5767,774,2025-10-13,Online App,Tabby (BNPL),3
5768,196,2024-09-26,Online App,Credit Card,2
5769,815,2025-11-21,Online App,Apple Pay,7
5770,2735,2025-12-14,Website,Cash on Delivery,4
5771,1911,2025-12-15,In-Store,Tabby (BNPL),3
5772,2164,2025-11-10,Online App,Cash on Delivery,1
5773,785,2025-06-03,Online App,Apple Pay,2
5774,2157,2025-05-30,In-Store,Apple Pay,2
5775,95,2025-03-14,Online App,Credit Card,3
5776,1151,2025-12-31,Online App,Credit Card,2
5777,1890,2025-10-11,Online App,Cash on Delivery,2
5778,439,2025-11-01,Website,Apple Pay,3
5779,2481,2025-12-13,Online App,Cash on Delivery,4
5780,727,2024-07-20,In-Store,Apple Pay,1
5781,1967,2025-08-08,Online App,Cash on Delivery,1
5782,1230,2025-08-18,Online App,Credit Card,1
5783,1795,2025-08-30,Website,Apple Pay,1
5784,319,2025-09-26,In-Store,Tabby (BNPL),2
5785,54,2025-01-22,In-Store,Credit Card,7
5786,2728,2025-03-03,Online App,Apple Pay,2
5787,820,2025-09-06,In-Store,Cash on Delivery,5
5788,2470,2025-12-12,Website,Cash on Delivery,2
5789,2999,2025-10-30,In-Store,Cash on Delivery,1
5790,652,2024-05-16,Website,Tabby (BNPL),1
5791,806,2025-05-25,Online App,Credit Card,1
5792,2000,2025-11-08,Online App,Apple Pay,3
5793,2903,2025-03-08,Online App,Credit Card,1
5794,2747,2025-10-06,Website,Credit Card,5
5795,1507,2025-12-09,Online App,Credit Card,2
5796,2398,2025-08-22,Online App,Cash on Delivery,3
5797,406,2025-09-09,Online App,Tabby (BNPL),2
5798,2934,2025-11-25,In-Store,Tabby (BNPL),1
5799,2900,2025-07-12,Online App,Apple Pay,1
5800,497,2025-04-01,Online App,Cash on Delivery,1
5801,911,2025-03-26,Website,Cash on Delivery,3
5802,295,2025-08-13,In-Store,Credit Card,5
5803,824,2025-12-30,Online App,Cash on Delivery,4
5804,2461,2025-09-27,Website,Credit Card,1
5805,1160,2025-12-10,In-Store,Tabby (BNPL),5
5806,256,2025-07-12,Website,Cash on Delivery,3
5807,1049,2025-09-04,Online App,Cash on Delivery,1
5808,2949,2025-12-30,Online App,Tabby (BNPL),3
5809,1897,2025-05-19,Online App,Cash on Delivery,2
5810,1257,2025-08-19,In-Store,Apple Pay,1
5811,511,2025-12-11,Website,Tabby (BNPL),1
5812,2960,2025-03-11,In-Store,Cash on Delivery,1
5813,2474,2025-04-19,Online App,Tabby (BNPL),2
5814,854,2025-12-26,Online App,Apple Pay,1
5815,205,2025-06-19,Online App,Cash on Delivery,5
5816,162,2025-11-17,Online App,Credit Card,2
5817,350,2025-02-06,In-Store,Credit Card,2
5818,1745,2025-05-13,In-Store,Apple Pay,1
5819,2786,2025-10-31,Online App,Tabby (BNPL),1
5820,1495,2025-10-13,Online App,Cash on Delivery,4
5821,2531,2024-03-30,Online App,Cash on Delivery,3
5822,1354,2025-12-03,Online App,Credit Card,3
5823,2128,2025-10-02,Online App,Cash on Delivery,1
5824,2199,2025-12-29,Online App,Apple Pay,2
5825,528,2025-05-23,Online App,Cash on Delivery,2
5826,1105,2025-05-20,Online App,Credit Card,1
5827,1923,2025-10-02,Online App,Apple Pay,1
5828,207,2025-06-09,Online App,Cash on Delivery,1
5829,1105,2025-11-19,Online App,Credit Card,1
5830,1610,2025-10-15,Website,Tabby (BNPL),6
5831,2991,2024-07-09,In-Store,Tabby (BNPL),1
5832,1437,2024-11-22,Website,Cash on Delivery,3
5833,2462,2025-03-29,Website,Apple Pay,1
5834,1309,2024-08-19,Online App,Apple Pay,3
5835,2403,2025-04-03,Website,Apple Pay,1
5836,1794,2025-10-14,Website,Apple Pay,1
5837,2667,2025-10-11,Online App,Apple Pay,2
5838,1246,2025-01-24,Website,Cash on Delivery,1
5839,1819,2025-12-29,Website,Apple Pay,3
5840,1898,2025-05-27,Online App,Credit Card,1
5841,1262,2025-03-30,Website,Credit Card,2
5842,434,2025-04-16,In-Store,Credit Card,2
5843,273,2025-10-05,Website,Apple Pay,2
5844,53,2025-11-30,Online App,Credit Card,1
5845,2630,2025-12-24,Website,Tabby (BNPL),5
5846,729,2025-05-07,In-Store,Apple Pay,1
5847,652,2025-10-07,Website,Tabby (BNPL),1
5848,2214,2024-11-04,Website,Apple Pay,5
5849,979,2025-10-29,In-Store,Tabby (BNPL),2
5850,1515,2025-02-14,Online App,Cash on Delivery,1
5851,493,2025-11-12,In-Store,Apple Pay,3
5852,2884,2024-05-24,Online App,Credit Card,1
5853,2559,2025-12-28,In-Store,Tabby (BNPL),4
5854,2596,2024-11-29,In-Store,Apple Pay,1
5855,1236,2025-04-27,Online App,Cash on Delivery,1
5856,2295,2025-06-18,In-Store,Tabby (BNPL),2
5857,433,2025-10-23,Website,Apple Pay,1
5858,25,2025-05-12,In-Store,Credit Card,6
5859,65,2025-11-03,Online App,Cash on Delivery,2
5860,1764,2025-03-08,Online App,Cash on Delivery,1
5861,1381,2025-12-26,In-Store,Apple Pay,2
5862,1552,2024-12-22,Online App,Cash on Delivery,4
5863,22,2024-11-02,Website,Tabby (BNPL),2
5864,1277,2025-08-16,In-Store,Cash on Delivery,1
5865,2154,2024-12-15,Online App,Cash on Delivery,3
5866,1346,2025-07-20,In-Store,Apple Pay,1
5867,2200,2025-08-16,Website,Tabby (BNPL),1
5868,718,2024-03-17,In-Store,Tabby (BNPL),1
5869,2453,2025-08-04,Website,Tabby (BNPL),3
5870,1770,2024-11-15,Online App,Apple Pay,1
5871,651,2025-11-05,In-Store,Tabby (BNPL),1
5872,730,2025-03-23,Website,Apple Pay,1
5873,1893,2025-02-09,Website,Apple Pay,4
5874,2499,2025-02-24,In-Store,Credit Card,3
5875,1254,2024-05-19,Website,Credit Card,1
5876,789,2024-12-30,In-Store,Apple Pay,2
5877,2607,2025-11-03,Website,Tabby (BNPL),1
5878,2017,2025-01-15,Online App,Tabby (BNPL),3
5879,1359,2025-12-24,Website,Credit Card,6
5880,1469,2024-02-02,Online App,Apple Pay,1
5881,627,2024-10-16,In-Store,Tabby (BNPL),2
5882,1890,2025-04-05,Online App,Tabby (BNPL),2
5883,1098,2025-10-28,In-Store,Cash on Delivery,1
5884,2991,2024-07-14,In-Store,Credit Card,1
5885,1450,2024-04-27,Website,Apple Pay,1
5886,1463,2025-04-12,Website,Tabby (BNPL),1
5887,1703,2025-11-30,Website,Tabby (BNPL),1
5888,2750,2025-12-13,Online App,Apple Pay,1
5889,2416,2025-02-01,Online App,Credit Card,1
5890,1370,2025-11-10,Online App,Tabby (BNPL),7
5891,2155,2025-12-06,Online App,Apple Pay,5
5892,1762,2025-08-20,Website,Credit Card,3
5893,1480,2025-12-13,Online App,Credit Card,3
5894,589,2024-03-17,In-Store,Cash on Delivery,6
5895,1407,2024-12-06,In-Store,Tabby (BNPL),1
5896,756,2025-12-21,In-Store,Credit Card,1
5897,2742,2025-01-09,Website,Apple Pay,2
5898,1027,2024-11-09,Website,Credit Card,3
5899,2853,2025-05-29,Online App,Cash on Delivery,1
5900,1604,2024-08-06,Online App,Cash on Delivery,6
5901,1904,2025-10-17,Website,Apple Pay,2
5902,1639,2025-12-10,Online App,Cash on Delivery,1
5903,380,2025-02-07,Website,Tabby (BNPL),1
5904,1152,2025-12-08,Online App,Credit Card,3
5905,291,2025-02-25,Online App,Apple Pay,1
5906,1878,2024-10-21,Online App,Cash on Delivery,2
5907,1355,2025-12-05,Online App,Cash on Delivery,1
5908,2347,2025-12-28,In-Store,Apple Pay,2
5909,680,2025-09-18,Website,Tabby (BNPL),1
5910,500,2025-06-27,Online App,Apple Pay,6
5911,1234,2025-08-20,Online App,Tabby (BNPL),2
5912,2776,2025-05-04,In-Store,Cash on Delivery,1
5913,2133,2025-10-14,Online App,Cash on Delivery,3
5914,1267,2024-11-12,Website,Tabby (BNPL),1
5915,1549,2024-08-03,Online App,Cash on Delivery,2
5916,245,2025-03-28,Online App,Apple Pay,1
5917,2956,2025-11-12,Online App,Cash on Delivery,2
5918,2010,2025-05-18,Online App,Apple Pay,1
5919,867,2025-05-27,Online App,Tabby (BNPL),1
5920,1761,2025-09-07,Online App,Tabby (BNPL),2
5921,323,2025-11-19,Online App,Tabby (BNPL),2
5922,2905,2025-04-25,Website,Apple Pay,1
5923,530,2024-12-18,Online App,Tabby (BNPL),1
5924,1956,2025-03-23,Online App,Apple Pay,4
5925,754,2025-12-31,In-Store,Tabby (BNPL),1
5926,2153,2025-12-18,In-Store,Cash on Delivery,1
5927,2346,2025-09-02,Website,Apple Pay,1
5928,2032,2025-10-29,Website,Cash on Delivery,3
5929,1849,2025-10-17,Online App,Credit Card,3
5930,2684,2024-04-08,In-Store,Cash on Delivery,5
5931,229,2025-04-22,Website,Cash on Delivery,6
5932,1013,2024-06-07,Website,Cash on Delivery,1
5933,763,2025-03-01,Website,Cash on Delivery,2
5934,2966,2025-12-15,Online App,Cash on Delivery,1
5935,1192,2025-02-15,Online App,Cash on Delivery,1
5936,2200,2025-07-19,Online App,Apple Pay,1
5937,2064,2025-09-26,Online App,Cash on Delivery,3
5938,652,2024-03-05,In-Store,Credit Card,1
5939,737,2025-10-11,In-Store,Credit Card,3
5940,853,2024-11-14,Online App,Apple Pay,4
5941,1246,2025-08-17,In-Store,Credit Card,1
5942,723,2024-12-16,Online App,Credit Card,1
5943,64,2025-08-06,Online App,Cash on Delivery,1
5944,2647,2025-09-13,Website,Tabby (BNPL),1
5945,2903,2025-01-03,In-Store,Tabby (BNPL),1
5946,1048,2025-10-03,Website,Apple Pay,1
5947,1037,2025-10-14,Online App,Apple Pay,1
5948,22,2025-01-27,Online App,Cash on Delivery,2
5949,2049,2025-02-01,In-Store,Tabby (BNPL),1
5950,2489,2025-05-05,Website,Tabby (BNPL),1
5951,441,2024-06-15,Online App,Credit Card,7
5952,484,2025-08-21,Online App,Cash on Delivery,7
5953,2382,2024-08-20,Online App,Tabby (BNPL),1
5954,1855,2025-10-12,Online App,Cash on Delivery,3
5955,130,2024-08-05,Website,Tabby (BNPL),5
5956,1878,2025-02-15,In-Store,Tabby (BNPL),2
5957,938,2025-06-29,Online App,Apple Pay,2
5958,1129,2025-08-09,Website,Tabby (BNPL),1
5959,2321,2025-09-12,Online App,Credit Card,3
5960,2447,2025-01-15,In-Store,Apple Pay,1
5961,1217,2025-11-25,In-Store,Apple Pay,1
5962,2839,2025-09-30,In-Store,Tabby (BNPL),2
5963,1235,2024-09-05,Website,Cash on Delivery,2
5964,2331,2024-07-01,Online App,Tabby (BNPL),2
5965,1458,2024-10-14,Website,Cash on Delivery,6
5966,2695,2025-02-09,Website,Apple Pay,2
5967,2723,2024-08-22,Online App,Credit Card,1
5968,255,2025-12-03,Website,Tabby (BNPL),3
5969,2807,2024-12-31,Website,Apple Pay,5
5970,2489,2025-04-25,Website,Credit Card,1
5971,2386,2024-12-13,Website,Credit Card,1
5972,616,2025-07-22,Online App,Credit Card,1
5973,2429,2025-04-30,Online App,Apple Pay,1
5974,2554,2025-01-21,Website,Apple Pay,7
5975,880,2024-09-13,In-Store,Cash on Delivery,4
5976,2853,2024-08-13,In-Store,Cash on Delivery,1
5977,142,2025-01-15,Online App,Tabby (BNPL),1
5978,449,2025-09-12,Website,Credit Card,1
5979,1618,2025-10-12,Online App,Cash on Delivery,1
5980,1731,2025-01-24,Website,Tabby (BNPL),2
5981,1945,2025-01-09,Online App,Credit Card,3
5982,54,2025-01-14,Online App,Tabby (BNPL),7
5983,2886,2024-05-18,Online App,Credit Card,2
5984,130,2024-07-27,Online App,Cash on Delivery,5
5985,430,2024-10-22,Online App,Cash on Delivery,1
5986,42,2024-11-28,Online App,Cash on Delivery,2
5987,1707,2025-08-13,Website,Tabby (BNPL),1
5988,2795,2025-12-02,Website,Cash on Delivery,1
5989,2009,2025-12-02,Online App,Apple Pay,1
5990,2479,2025-08-01,Online App,Cash on Delivery,3
5991,38,2025-04-08,Online App,Cash on Delivery,6
5992,1637,2024-06-02,Website,Apple Pay,4
5993,1395,2024-08-17,In-Store,Credit Card,2
5994,1498,2025-12-23,Online App,Cash on Delivery,1
5995,212,2025-09-25,Website,Apple Pay,2
5996,2064,2024-08-27,In-Store,Cash on Delivery,3
5997,1509,2025-12-17,Website,Tabby (BNPL),5
5998,2303,2025-12-20,Website,Cash on Delivery,2
5999,1460,2025-10-02,Online App,Credit Card,1
6000,448,2024-08-04,Online App,Tabby (BNPL),2
6001,1956,2024-08-01,Online App,Apple Pay,4
6002,525,2025-12-17,Online App,Apple Pay,1
6003,2625,2025-06-27,Online App,Apple Pay,1
6004,1846,2024-06-08,Online App,Apple Pay,1
6005,474,2025-12-11,Online App,Apple Pay,1
6006,2893,2025-10-01,Online App,Tabby (BNPL),2
6007,1554,2025-11-01,Online App,Apple Pay,2
6008,213,2025-11-04,In-Store,Apple Pay,2
6009,1890,2024-08-03,Online App,Credit Card,2
6010,775,2024-12-04,Website,Credit Card,2
6011,2423,2025-12-05,Website,Credit Card,2
6012,2466,2025-03-12,Online App,Credit Card,6
6013,2939,2025-12-28,Website,Tabby (BNPL),1
6014,1505,2025-04-17,Website,Apple Pay,2
6015,1379,2025-10-16,Online App,Apple Pay,7
6016,2265,2025-07-22,Online App,Credit Card,2
6017,391,2025-09-25,Online App,Tabby (BNPL),1
6018,1651,2025-12-26,Website,Credit Card,2
6019,1650,2025-05-02,Online App,Cash on Delivery,1
6020,258,2025-11-18,Online App,Credit Card,7
6021,1265,2024-12-26,Online App,Credit Card,3
6022,2565,2024-11-14,Website,Apple Pay,1
6023,2573,2025-11-29,In-Store,Tabby (BNPL),1
6024,291,2024-12-14,Online App,Cash on Delivery,1
6025,262,2025-07-26,Online App,Credit Card,1
6026,801,2025-01-11,Online App,Apple Pay,1
6027,2633,2025-09-01,Online App,Tabby (BNPL),2
6028,378,2025-03-27,In-Store,Apple Pay,2
6029,2160,2025-09-21,Website,Credit Card,1
6030,299,2025-04-19,Online App,Apple Pay,6
6031,1878,2025-09-05,Website,Credit Card,2
6032,1092,2025-10-20,Online App,Apple Pay,1
6033,2379,2025-02-10,Online App,Tabby (BNPL),1
6034,721,2024-10-30,Online App,Credit Card,1
6035,1928,2025-05-19,Online App,Cash on Delivery,1
6036,728,2024-07-01,Online App,Cash on Delivery,1
6037,2143,2024-09-27,Online App,Tabby (BNPL),1
6038,2630,2025-10-04,Online App,Tabby (BNPL),5
6039,370,2025-08-26,Online App,Tabby (BNPL),1
6040,2606,2024-09-17,Website,Tabby (BNPL),1
6041,1786,2025-12-31,Website,Tabby (BNPL),2
6042,371,2025-06-12,Website,Cash on Delivery,1
6043,1291,2025-11-27,Website,Tabby (BNPL),5
6044,486,2025-12-29,Online App,Tabby (BNPL),1
6045,2111,2024-07-10,Online App,Credit Card,2
6046,2282,2025-01-31,Website,Cash on Delivery,2
6047,312,2025-03-20,Online App,Tabby (BNPL),4
6048,1515,2024-12-07,In-Store,Tabby (BNPL),1
6049,2458,2025-06-06,In-Store,Tabby (BNPL),1
6050,2805,2025-09-04,Online App,Credit Card,1
6051,1535,2025-12-05,Online App,Tabby (BNPL),1
6052,2848,2025-08-25,Website,Tabby (BNPL),2
6053,1611,2025-12-17,Online App,Apple Pay,1
6054,1204,2025-12-27,Website,Apple Pay,1
6055,2549,2025-08-02,Online App,Credit Card,1
6056,1482,2025-09-05,Website,Cash on Delivery,1
6057,1428,2025-11-09,Online App,Tabby (BNPL),1
6058,1475,2025-12-30,Online App,Cash on Delivery,2
6059,2545,2025-09-16,Website,Tabby (BNPL),1
6060,2507,2025-11-22,Website,Credit Card,3
6061,1225,2025-12-03,Online App,Apple Pay,2
6062,1019,2024-04-07,Website,Apple Pay,5
6063,1479,2025-11-05,In-Store,Cash on Delivery,4
6064,1721,2025-10-15,Website,Apple Pay,2
6065,735,2025-12-07,Online App,Tabby (BNPL),7
6066,2396,2025-12-25,Online App,Cash on Delivery,2
6067,1465,2025-01-27,Online App,Tabby (BNPL),2
6068,1022,2024-12-29,In-Store,Credit Card,2
6069,317,2024-12-01,In-Store,Credit Card,2
6070,736,2025-01-31,Online App,Cash on Delivery,1
6071,2847,2024-08-28,Online App,Apple Pay,1
6072,927,2025-10-18,Website,Cash on Delivery,2
6073,516,2024-10-06,Online App,Apple Pay,1
6074,1399,2025-10-22,Online App,Credit Card,1
6075,934,2025-11-24,Website,Apple Pay,3
6076,111,2025-07-11,Online App,Tabby (BNPL),1
6077,988,2025-12-22,Online App,Credit Card,3
6078,1644,2024-10-01,Online App,Tabby (BNPL),1
6079,1661,2025-07-08,In-Store,Apple Pay,1
6080,1094,2025-11-16,Online App,Apple Pay,2
6081,1356,2025-05-27,In-Store,Credit Card,5
6082,2903,2025-09-28,In-Store,Tabby (BNPL),1
6083,1157,2025-12-01,Online App,Cash on Delivery,5
6084,789,2025-05-18,Website,Cash on Delivery,2
6085,750,2025-03-19,Website,Apple Pay,3
6086,1391,2024-11-19,Website,Cash on Delivery,2
6087,2285,2025-06-19,Website,Cash on Delivery,4
6088,634,2025-09-15,Website,Cash on Delivery,2
6089,2130,2025-07-20,Online App,Cash on Delivery,2
6090,70,2025-07-02,In-Store,Apple Pay,2
6091,1267,2025-10-27,Website,Credit Card,1
6092,2343,2025-07-19,In-Store,Credit Card,2
6093,1037,2025-04-15,Online App,Cash on Delivery,1
6094,1696,2025-11-12,Website,Cash on Delivery,4
6095,631,2025-11-27,Website,Tabby (BNPL),1
6096,2232,2025-11-17,Website,Cash on Delivery,3
6097,151,2025-12-17,Online App,Credit Card,7
6098,2564,2025-09-20,Online App,Apple Pay,2
6099,605,2025-05-04,Online App,Apple Pay,2
6100,2632,2025-12-13,Online App,Tabby (BNPL),3
6101,1080,2025-05-07,Online App,Apple Pay,3
6102,2167,2024-05-30,Online App,Tabby (BNPL),1
6103,976,2025-09-16,Online App,Tabby (BNPL),2
6104,2717,2025-09-21,Online App,Credit Card,2
6105,369,2025-03-18,Website,Apple Pay,6
6106,544,2025-05-13,Website,Apple Pay,2
6107,1482,2025-04-01,In-Store,Apple Pay,1
6108,238,2025-08-26,Online App,Apple Pay,6
6109,600,2025-03-30,Online App,Credit Card,3
6110,2832,2025-12-29,In-Store,Cash on Delivery,1
6111,2930,2025-02-12,Online App,Credit Card,3
6112,1153,2024-06-10,Online App,Cash on Delivery,2
6113,2767,2025-11-27,Online App,Cash on Delivery,4
6114,1647,2024-11-28,In-Store,Tabby (BNPL),2
6115,820,2025-04-20,Online App,Cash on Delivery,5
6116,2114,2024-10-11,Online App,Tabby (BNPL),2
6117,1988,2025-10-29,Website,Credit Card,1
6118,2969,2025-10-22,In-Store,Credit Card,2
6119,806,2024-07-18,Website,Cash on Delivery,1
6120,2027,2025-09-13,In-Store,Cash on Delivery,1
6121,150,2024-10-31,Website,Tabby (BNPL),2
6122,329,2024-06-03,In-Store,Tabby (BNPL),3
6123,14,2025-02-16,In-Store,Credit Card,1
6124,2999,2025-10-30,In-Store,Tabby (BNPL),1
6125,2420,2025-01-05,In-Store,Apple Pay,1
6126,2373,2025-12-17,Website,Tabby (BNPL),7
6127,1524,2025-09-02,Online App,Apple Pay,1
6128,913,2025-11-13,Online App,Tabby (BNPL),4
6129,454,2025-01-06,Website,Tabby (BNPL),1
6130,865,2025-12-26,Website,Apple Pay,1
6131,1153,2024-10-14,Online App,Tabby (BNPL),2
6132,2273,2025-03-02,Online App,Credit Card,2
6133,1627,2025-11-07,Website,Cash on Delivery,2
6134,227,2025-12-29,Online App,Apple Pay,4
6135,57,2025-08-26,Online App,Credit Card,1
6136,304,2025-08-26,Website,Tabby (BNPL),1
6137,1246,2025-11-23,Online App,Tabby (BNPL),1
6138,2799,2025-12-31,Online App,Cash on Delivery,1
6139,1924,2025-01-22,In-Store,Tabby (BNPL),1
6140,2420,2025-10-25,In-Store,Tabby (BNPL),1
6141,1415,2025-11-21,In-Store,Cash on Delivery,2
6142,1105,2025-03-23,Online App,Tabby (BNPL),1
6143,320,2025-05-25,Online App,Tabby (BNPL),5
6144,2639,2025-08-28,Website,Tabby (BNPL),1
6145,2362,2025-02-08,Website,Credit Card,6
6146,515,2025-08-18,Online App,Apple Pay,5
6147,1532,2025-11-13,Website,Apple Pay,1
6148,1469,2025-10-08,Online App,Tabby (BNPL),1
6149,1884,2025-07-30,Online App,Cash on Delivery,2
6150,2837,2025-08-22,In-Store,Apple Pay,1
6151,1741,2025-03-27,In-Store,Cash on Delivery,7
6152,1630,2024-10-08,Online App,Cash on Delivery,2
6153,143,2025-12-09,In-Store,Credit Card,2
6154,181,2025-04-05,Website,Credit Card,4
6155,570,2025-12-25,Website,Tabby (BNPL),1
6156,105,2025-12-11,Online App,Apple Pay,1
6157,2238,2025-11-26,Online App,Apple Pay,2
6158,2171,2024-09-01,Online App,Cash on Delivery,3
6159,407,2025-12-04,Website,Credit Card,1
6160,2514,2025-12-30,In-Store,Apple Pay,5
6161,467,2024-09-09,In-Store,Tabby (BNPL),1
6162,916,2025-03-29,In-Store,Cash on Delivery,3
6163,765,2025-08-26,Website,Cash on Delivery,3
6164,1142,2025-05-10,Online App,Apple Pay,5
6165,779,2025-09-29,Online App,Cash on Delivery,3
6166,1473,2025-02-06,Online App,Apple Pay,2
6167,1236,2025-08-29,Online App,Credit Card,1
6168,2960,2025-03-08,Website,Cash on Delivery,1
6169,160,2025-11-26,Online App,Credit Card,4
6170,427,2025-12-20,Online App,Apple Pay,7
6171,153,2025-11-27,Online App,Apple Pay,2
6172,1887,2025-12-01,Website,Apple Pay,2
6173,158,2024-08-01,Website,Cash on Delivery,2
6174,2514,2025-11-29,Online App,Cash on Delivery,5
6175,1530,2025-09-21,Online App,Tabby (BNPL),1
6176,1587,2024-12-04,Online App,Cash on Delivery,5
6177,1690,2025-04-15,Online App,Tabby (BNPL),1
6178,520,2024-12-28,Website,Tabby (BNPL),1
6179,603,2025-12-30,In-Store,Tabby (BNPL),2
6180,974,2024-10-22,Online App,Tabby (BNPL),1
6181,1785,2025-12-13,In-Store,Apple Pay,1
6182,647,2025-10-11,In-Store,Apple Pay,2
6183,339,2025-12-26,Online App,Tabby (BNPL),4
6184,2916,2024-09-25,Online App,Tabby (BNPL),1
6185,73,2024-07-19,Online App,Apple Pay,1
6186,2420,2025-08-07,Online App,Credit Card,1
6187,2377,2025-12-14,Website,Apple Pay,2
6188,904,2025-03-06,In-Store,Cash on Delivery,1
6189,405,2025-12-11,Online App,Credit Card,2
6190,438,2024-03-05,In-Store,Apple Pay,3
6191,2103,2025-08-13,Online App,Credit Card,3
6192,1935,2025-10-18,In-Store,Cash on Delivery,2
6193,2362,2024-10-28,In-Store,Apple Pay,6
6194,2812,2025-02-24,Online App,Credit Card,3
6195,2086,2025-04-14,Website,Credit Card,1
6196,469,2025-05-12,Online App,Apple Pay,6
6197,749,2025-06-10,Online App,Cash on Delivery,1
6198,2531,2025-07-05,Website,Cash on Delivery,3
6199,643,2025-07-02,Online App,Tabby (BNPL),1
6200,212,2025-09-24,Online App,Cash on Delivery,2
6201,2115,2025-03-18,Website,Cash on Delivery,3
6202,1223,2025-12-18,In-Store,Credit Card,7
6203,2758,2025-01-02,Online App,Cash on Delivery,2
6204,1962,2024-10-15,Online App,Apple Pay,1
6205,260,2025-09-04,In-Store,Credit Card,1
6206,2843,2025-09-30,Website,Credit Card,1
6207,789,2025-06-09,Online App,Tabby (BNPL),2
6208,1033,2024-12-09,Online App,Apple Pay,1
6209,1223,2025-12-15,Online App,Credit Card,7
6210,146,2025-04-17,In-Store,Cash on Delivery,2
6211,1494,2025-10-01,Website,Tabby (BNPL),1
6212,358,2025-10-21,Online App,Apple Pay,2
6213,1220,2025-06-10,In-Store,Cash on Delivery,4
6214,1076,2025-01-19,Online App,Credit Card,1
6215,2332,2025-04-25,Online App,Cash on Delivery,2
6216,2422,2025-10-24,In-Store,Apple Pay,1
6217,461,2025-12-03,Website,Apple Pay,1
6218,1118,2025-03-17,Online App,Cash on Delivery,2
6219,1146,2025-09-05,Website,Cash on Delivery,1
6220,454,2024-10-23,Online App,Cash on Delivery,1
6221,2410,2025-04-11,In-Store,Apple Pay,3
6222,2124,2025-11-09,In-Store,Cash on Delivery,4
6223,581,2025-09-13,In-Store,Cash on Delivery,7
6224,1119,2024-05-27,Online App,Credit Card,2
6225,312,2025-05-04,In-Store,Credit Card,4
6226,1893,2024-12-30,Website,Apple Pay,4
6227,351,2024-07-23,In-Store,Tabby (BNPL),2
6228,2960,2024-01-30,In-Store,Tabby (BNPL),1
6229,2358,2024-04-10,Online App,Cash on Delivery,1
6230,1195,2025-11-03,Website,Cash on Delivery,1
6231,1737,2025-12-27,Online App,Cash on Delivery,1
6232,2732,2025-10-31,Online App,Apple Pay,1
6233,1667,2024-11-06,Online App,Tabby (BNPL),2
6234,530,2025-02-02,Online App,Credit Card,1
6235,1160,2025-11-24,Website,Tabby (BNPL),5
6236,2532,2025-07-30,In-Store,Cash on Delivery,1
6237,1941,2025-04-27,Online App,Cash on Delivery,6
6238,1962,2024-03-14,In-Store,Cash on Delivery,1
6239,2606,2024-06-12,Online App,Tabby (BNPL),1
6240,2688,2024-11-25,Website,Tabby (BNPL),5
6241,2757,2025-08-24,In-Store,Credit Card,3
6242,278,2025-05-25,Online App,Tabby (BNPL),2
6243,1644,2025-10-16,Online App,Credit Card,1
6244,2227,2024-10-19,Online App,Tabby (BNPL),2
6245,2275,2025-12-10,Online App,Cash on Delivery,1
6246,1828,2025-10-06,In-Store,Cash on Delivery,2
6247,512,2025-12-23,Website,Cash on Delivery,2
6248,2406,2025-12-25,Online App,Credit Card,2
6249,2160,2025-12-19,Website,Apple Pay,1
6250,252,2025-07-26,Website,Cash on Delivery,3
6251,1407,2025-01-27,In-Store,Tabby (BNPL),1
6252,528,2025-11-01,Online App,Tabby (BNPL),2
6253,1033,2024-11-07,Website,Cash on Delivery,1
6254,57,2025-11-06,Website,Apple Pay,1
6255,1217,2025-12-29,Website,Credit Card,1
6256,1658,2025-10-20,In-Store,Cash on Delivery,6
6257,1866,2025-08-26,Online App,Apple Pay,5
6258,2001,2024-10-02,Online App,Tabby (BNPL),2
6259,2514,2025-12-20,Online App,Apple Pay,5
6260,662,2025-11-15,Website,Cash on Delivery,2
6261,350,2024-11-12,In-Store,Credit Card,2
6262,2559,2025-11-21,Online App,Apple Pay,4
6263,472,2024-11-06,Online App,Apple Pay,1
6264,2926,2025-04-17,Online App,Credit Card,2
6265,2531,2025-02-06,In-Store,Tabby (BNPL),3
6266,1504,2025-10-07,Website,Apple Pay,1
6267,2949,2025-12-04,Website,Apple Pay,3
6268,286,2025-03-11,Online App,Tabby (BNPL),1
6269,921,2024-09-27,Online App,Cash on Delivery,2
6270,1927,2025-11-21,Website,Credit Card,2
6271,1075,2024-03-31,Website,Credit Card,1
6272,2785,2024-12-20,Online App,Cash on Delivery,5
6273,190,2025-10-02,Online App,Cash on Delivery,1
6274,1658,2025-12-10,Online App,Apple Pay,6
6275,1777,2025-10-15,Website,Tabby (BNPL),1
6276,1970,2024-05-29,Website,Tabby (BNPL),1
6277,782,2025-08-13,In-Store,Tabby (BNPL),2
6278,1115,2025-08-01,Website,Apple Pay,1
6279,2535,2024-11-01,Online App,Tabby (BNPL),1
6280,598,2025-11-24,Online App,Cash on Delivery,1
6281,2491,2025-05-22,In-Store,Apple Pay,3
6282,1693,2025-12-29,Website,Apple Pay,2
6283,2294,2025-09-16,Website,Credit Card,1
6284,2143,2025-08-01,In-Store,Cash on Delivery,1
6285,638,2025-10-27,Online App,Tabby (BNPL),1
6286,1712,2024-11-13,In-Store,Cash on Delivery,1
6287,2610,2024-10-23,In-Store,Tabby (BNPL),1
6288,1309,2025-09-17,In-Store,Cash on Delivery,3
6289,2907,2025-04-21,Online App,Tabby (BNPL),1
6290,1373,2024-10-30,In-Store,Apple Pay,1
6291,429,2025-12-24,Online App,Tabby (BNPL),1
6292,1192,2025-12-12,Online App,Cash on Delivery,1
6293,2851,2024-12-01,Online App,Cash on Delivery,2
6294,978,2025-07-06,Online App,Tabby (BNPL),1
6295,2612,2025-11-10,Website,Apple Pay,3
6296,2650,2025-08-27,Online App,Credit Card,6
6297,1075,2025-01-11,Online App,Apple Pay,1
6298,241,2025-12-26,Online App,Cash on Delivery,3
6299,2177,2025-12-09,Online App,Cash on Delivery,6
6300,949,2025-09-18,Online App,Apple Pay,2
6301,2362,2024-07-23,Website,Apple Pay,6
6302,1345,2024-11-10,Website,Apple Pay,2
6303,1460,2025-07-05,In-Store,Apple Pay,1
6304,2347,2025-12-27,Online App,Credit Card,2
6305,1169,2025-12-02,Online App,Apple Pay,1
6306,1348,2025-03-16,In-Store,Cash on Delivery,7
6307,1153,2025-07-19,Website,Apple Pay,2
6308,1122,2025-08-15,Website,Apple Pay,4
6309,1586,2025-10-23,Website,Apple Pay,3
6310,2439,2024-06-30,In-Store,Credit Card,2
6311,1105,2025-06-03,In-Store,Apple Pay,1
6312,1577,2025-10-05,Online App,Credit Card,3
6313,2023,2025-12-13,Online App,Credit Card,1
6314,820,2025-05-10,Online App,Tabby (BNPL),5
6315,843,2025-05-07,In-Store,Cash on Delivery,4
6316,2800,2025-09-26,Online App,Cash on Delivery,1
6317,2172,2024-08-02,Online App,Cash on Delivery,1
6318,1735,2024-12-07,Online App,Apple Pay,1
6319,1954,2025-01-11,Online App,Credit Card,2
6320,96,2025-11-13,Website,Apple Pay,2
6321,1862,2025-12-15,Online App,Cash on Delivery,1
6322,1524,2025-10-14,Online App,Tabby (BNPL),1
6323,1649,2025-02-04,Website,Apple Pay,1
6324,1101,2025-03-05,Online App,Apple Pay,1
6325,236,2025-03-16,Online App,Tabby (BNPL),2
6326,592,2025-11-03,Website,Apple Pay,1
6327,2848,2025-12-10,Online App,Apple Pay,2
6328,1240,2025-09-20,In-Store,Tabby (BNPL),3
6329,1415,2025-12-31,Online App,Cash on Delivery,2
6330,152,2025-11-07,Website,Apple Pay,1
6331,118,2025-11-05,Online App,Cash on Delivery,1
6332,2153,2025-12-07,Online App,Apple Pay,1
6333,1619,2024-11-05,Website,Credit Card,7
6334,1523,2025-08-24,In-Store,Cash on Delivery,1
6335,748,2025-12-10,Online App,Tabby (BNPL),1
6336,2243,2025-10-26,Online App,Tabby (BNPL),1
6337,515,2025-09-20,Online App,Tabby (BNPL),5
6338,579,2025-12-06,Online App,Apple Pay,4
6339,1400,2025-07-09,Website,Tabby (BNPL),1
6340,872,2025-09-02,Website,Cash on Delivery,3
6341,760,2025-02-24,In-Store,Credit Card,3
6342,1945,2025-05-14,In-Store,Tabby (BNPL),3
6343,1963,2025-11-15,Online App,Apple Pay,1
6344,2485,2025-07-29,Online App,Credit Card,5
6345,1264,2025-11-28,Website,Apple Pay,1
6346,214,2025-03-08,Online App,Tabby (BNPL),1
6347,829,2024-08-16,Website,Tabby (BNPL),1
6348,2942,2025-10-13,Website,Tabby (BNPL),2
6349,1796,2025-07-19,Online App,Tabby (BNPL),1
6350,2131,2025-07-23,Online App,Tabby (BNPL),2
6351,22,2024-02-26,Online App,Apple Pay,2
6352,1554,2025-01-07,Website,Credit Card,2
6353,118,2025-12-13,Website,Cash on Delivery,1
6354,1713,2025-08-23,In-Store,Apple Pay,2
6355,2760,2025-09-09,Online App,Apple Pay,1
6356,2911,2025-08-27,Website,Credit Card,1
6357,1632,2025-09-08,Online App,Cash on Delivery,3
6358,1393,2025-12-28,Online App,Credit Card,2
6359,2835,2025-12-04,In-Store,Tabby (BNPL),2
6360,2032,2025-03-12,Online App,Cash on Delivery,3
6361,188,2025-04-16,In-Store,Apple Pay,3
6362,1413,2025-05-07,Website,Cash on Delivery,2
6363,741,2025-09-13,Online App,Tabby (BNPL),2
6364,1421,2025-07-02,Online App,Apple Pay,1
6365,1381,2025-12-17,Online App,Apple Pay,2
6366,1749,2025-08-14,Online App,Apple Pay,2
6367,1094,2025-06-15,Online App,Credit Card,2
6368,499,2025-03-18,Website,Credit Card,1
6369,1511,2025-02-02,In-Store,Credit Card,5
6370,2500,2025-09-17,Online App,Credit Card,1
6371,2004,2025-12-22,Website,Apple Pay,1
6372,1036,2025-09-19,Website,Apple Pay,1
6373,2803,2025-05-09,Online App,Credit Card,1
6374,2735,2025-09-29,In-Store,Cash on Delivery,4
6375,643,2025-10-15,Website,Cash on Delivery,1
6376,120,2025-12-21,Online App,Cash on Delivery,2
6377,2229,2025-08-10,In-Store,Tabby (BNPL),2
6378,2493,2025-06-16,Online App,Tabby (BNPL),3
6379,2910,2025-11-02,Online App,Tabby (BNPL),1
6380,2676,2025-10-12,In-Store,Credit Card,1
6381,1809,2024-07-09,Website,Credit Card,3
6382,1594,2025-11-09,Website,Tabby (BNPL),3
6383,93,2025-12-23,In-Store,Credit Card,1
6384,759,2025-11-15,Online App,Apple Pay,1
6385,1395,2024-07-07,Online App,Tabby (BNPL),2
6386,1894,2025-11-07,Online App,Apple Pay,1
6387,1678,2025-11-13,Online App,Tabby (BNPL),2
6388,2234,2025-06-30,Website,Credit Card,2
6389,847,2024-11-18,Website,Apple Pay,6
6390,1700,2025-06-28,Website,Apple Pay,3
6391,255,2025-08-28,Online App,Apple Pay,3
6392,1251,2025-09-20,Website,Cash on Delivery,4
6393,2254,2025-09-25,Website,Credit Card,1
6394,2091,2025-10-31,Online App,Credit Card,2
6395,2973,2025-03-25,Online App,Tabby (BNPL),3
6396,843,2025-11-18,Online App,Credit Card,4
6397,1496,2025-07-26,Website,Cash on Delivery,3
6398,1008,2025-07-23,Website,Apple Pay,2
6399,1338,2025-03-30,In-Store,Credit Card,1
6400,2574,2025-12-10,Website,Tabby (BNPL),2
6401,2064,2025-10-07,Website,Credit Card,3
6402,2655,2025-07-15,Website,Credit Card,1
6403,625,2025-12-08,Online App,Credit Card,2
6404,2629,2025-06-13,In-Store,Tabby (BNPL),3
6405,171,2025-05-29,Online App,Apple Pay,1
6406,2672,2024-09-04,Online App,Apple Pay,1
6407,1008,2024-11-25,Online App,Cash on Delivery,2
6408,958,2025-04-24,Online App,Apple Pay,1
6409,1531,2025-03-24,In-Store,Tabby (BNPL),1
6410,2821,2024-08-17,In-Store,Credit Card,1
6411,140,2025-10-25,Website,Apple Pay,2
6412,1079,2025-05-30,Website,Credit Card,2
6413,2574,2025-07-14,Online App,Tabby (BNPL),2
6414,1207,2025-09-02,Online App,Credit Card,1
6415,608,2025-07-03,Website,Apple Pay,3
6416,1282,2025-06-09,In-Store,Cash on Delivery,2
6417,1182,2025-05-19,Online App,Tabby (BNPL),2
6418,2745,2025-02-21,Online App,Credit Card,6
6419,2294,2025-06-26,Online App,Credit Card,1
6420,1513,2025-11-17,Website,Cash on Delivery,2
6421,2967,2025-09-24,In-Store,Credit Card,2
6422,1412,2025-01-11,Online App,Tabby (BNPL),2
6423,167,2024-04-13,Online App,Cash on Delivery,6
6424,800,2025-08-03,Online App,Tabby (BNPL),1
6425,1323,2025-03-20,Website,Apple Pay,6
6426,473,2024-08-29,Online App,Cash on Delivery,1
6427,2842,2024-12-19,In-Store,Cash on Delivery,6
6428,2312,2025-04-02,Online App,Cash on Delivery,5
6429,816,2025-06-29,Online App,Credit Card,1
6430,1777,2025-12-04,Online App,Apple Pay,1
6431,2165,2025-07-18,Website,Credit Card,2
6432,2824,2025-05-12,In-Store,Cash on Delivery,7
6433,2651,2024-10-08,Online App,Credit Card,1
6434,1539,2025-05-15,Website,Apple Pay,5
6435,2339,2025-10-22,In-Store,Credit Card,6
6436,1693,2025-10-14,Online App,Credit Card,2
6437,1664,2024-03-02,Online App,Apple Pay,1
6438,335,2025-12-26,Online App,Apple Pay,1
6439,367,2025-05-27,Online App,Cash on Delivery,3
6440,1592,2025-12-10,Online App,Tabby (BNPL),1
6441,817,2025-12-18,In-Store,Tabby (BNPL),1
6442,70,2025-08-15,Website,Cash on Delivery,2
6443,2168,2025-01-20,Online App,Cash on Delivery,4
6444,105,2025-01-10,Online App,Credit Card,1
6445,1794,2025-12-05,Website,Apple Pay,1
6446,1625,2025-12-12,Website,Apple Pay,1
6447,2912,2025-11-28,Online App,Apple Pay,1
6448,1459,2025-02-01,Online App,Credit Card,7
6449,184,2025-10-19,Online App,Apple Pay,2
6450,1661,2025-06-25,Online App,Apple Pay,1
6451,2529,2025-04-01,Website,Credit Card,2
6452,2992,2024-06-29,Online App,Apple Pay,1
6453,1303,2025-12-15,Website,Credit Card,1
6454,980,2025-01-15,Online App,Credit Card,2
6455,2719,2024-07-07,Online App,Credit Card,1
6456,583,2025-09-30,Online App,Cash on Delivery,1
6457,1851,2025-07-06,Website,Credit Card,3
6458,1231,2025-12-02,Online App,Cash on Delivery,1
6459,122,2025-12-28,Online App,Credit Card,1
6460,1067,2024-03-19,In-Store,Tabby (BNPL),6
6461,807,2025-11-14,Website,Credit Card,3
6462,2068,2025-02-07,Online App,Apple Pay,1
6463,2845,2025-09-23,In-Store,Credit Card,6
6464,816,2025-10-16,Website,Apple Pay,1
6465,2447,2025-03-30,Online App,Credit Card,1
6466,159,2025-08-14,Online App,Apple Pay,3
6467,1619,2025-04-22,Website,Tabby (BNPL),7
6468,206,2024-10-27,Website,Cash on Delivery,1
6469,2800,2024-10-14,Online App,Credit Card,1
6470,2309,2025-04-12,Online App,Credit Card,1
6471,1984,2025-08-16,Website,Tabby (BNPL),1
6472,2483,2025-12-14,Website,Credit Card,1
6473,1953,2025-10-13,Online App,Credit Card,3
6474,2912,2025-12-08,Website,Credit Card,1
6475,2145,2025-12-09,In-Store,Cash on Delivery,1
6476,2771,2024-10-05,In-Store,Cash on Delivery,1
6477,1548,2025-09-05,Website,Cash on Delivery,1
6478,341,2025-08-15,Website,Apple Pay,5
6479,1589,2025-08-25,Online App,Credit Card,1
6480,370,2025-11-09,Online App,Tabby (BNPL),1
6481,1782,2025-04-13,Website,Cash on Delivery,5
6482,1456,2025-12-10,Online App,Tabby (BNPL),1
6483,1878,2025-04-29,Online App,Cash on Delivery,2
6484,30,2025-11-13,In-Store,Tabby (BNPL),1
6485,598,2025-11-02,Online App,Tabby (BNPL),1
6486,1479,2025-11-20,Website,Credit Card,4
6487,2848,2025-11-12,Website,Apple Pay,2
6488,1174,2025-07-16,Website,Credit Card,2
6489,1281,2025-06-25,Online App,Apple Pay,1
6490,2147,2025-11-26,Online App,Cash on Delivery,2
6491,1817,2025-12-16,Online App,Tabby (BNPL),1
6492,910,2025-08-27,Website,Tabby (BNPL),1
6493,1246,2025-11-04,In-Store,Credit Card,1
6494,670,2024-04-14,Online App,Apple Pay,1
6495,2906,2025-03-05,Online App,Credit Card,4
6496,384,2024-07-24,In-Store,Apple Pay,1
6497,1139,2025-05-03,Website,Tabby (BNPL),1
6498,88,2025-08-05,Online App,Credit Card,3
6499,685,2025-03-29,Online App,Tabby (BNPL),7
6500,2357,2025-09-21,Website,Tabby (BNPL),1
6501,616,2025-08-31,Online App,Cash on Delivery,1
6502,231,2025-11-11,In-Store,Cash on Delivery,1
6503,1436,2024-09-28,Online App,Cash on Delivery,2
6504,30,2025-12-11,Online App,Cash on Delivery,1
6505,247,2025-04-11,Online App,Credit Card,3
6506,2437,2024-10-29,Website,Apple Pay,3
6507,2330,2025-06-04,Online App,Tabby (BNPL),4
6508,2743,2025-09-23,Online App,Cash on Delivery,1
6509,2568,2025-12-18,Website,Apple Pay,3
6510,2060,2025-09-19,In-Store,Cash on Delivery,1
6511,151,2025-12-07,In-Store,Cash on Delivery,7
6512,2362,2024-08-08,Online App,Apple Pay,6
6513,2541,2025-07-27,Online App,Credit Card,1
6514,2410,2024-06-19,Online App,Credit Card,3
6515,1522,2025-10-18,Website,Apple Pay,1
6516,718,2024-06-06,Website,Cash on Delivery,1
6517,2541,2024-09-16,Website,Tabby (BNPL),1
6518,2185,2024-09-07,Online App,Tabby (BNPL),3
6519,2945,2025-12-01,Website,Tabby (BNPL),6
6520,468,2025-11-19,Online App,Apple Pay,1
6521,693,2025-03-14,In-Store,Apple Pay,3
6522,652,2024-10-27,Online App,Credit Card,1
6523,2388,2025-06-02,Online App,Credit Card,1
6524,569,2025-07-26,Online App,Apple Pay,1
6525,193,2025-06-03,Online App,Cash on Delivery,5
6526,2998,2025-07-29,Website,Credit Card,1
6527,84,2025-10-08,Online App,Credit Card,1
6528,2512,2025-08-28,In-Store,Cash on Delivery,2
6529,1116,2025-06-17,In-Store,Apple Pay,1
6530,2530,2025-05-19,Online App,Tabby (BNPL),3
6531,1669,2024-11-22,Online App,Cash on Delivery,1
6532,2709,2025-09-06,Website,Credit Card,1
6533,2774,2025-12-31,Online App,Tabby (BNPL),7
6534,25,2025-09-13,Online App,Credit Card,6
6535,222,2025-12-10,Website,Credit Card,2
6536,768,2025-11-11,In-Store,Credit Card,2
6537,2017,2025-12-18,Online App,Apple Pay,3
6538,2672,2025-08-17,Online App,Tabby (BNPL),1
6539,1397,2025-07-20,In-Store,Tabby (BNPL),6
6540,1828,2025-08-24,In-Store,Credit Card,2
6541,574,2025-10-23,Website,Apple Pay,1
6542,2428,2025-12-25,Online App,Apple Pay,1
6543,2910,2025-07-15,Online App,Credit Card,1
6544,817,2025-12-22,Online App,Credit Card,1
6545,1488,2025-12-05,Online App,Tabby (BNPL),1
6546,252,2025-10-25,Online App,Tabby (BNPL),3
6547,1683,2025-11-12,Online App,Cash on Delivery,1
6548,1507,2025-10-01,Website,Apple Pay,2
6549,435,2025-10-07,Online App,Apple Pay,5
6550,1342,2025-09-20,In-Store,Apple Pay,1
6551,1022,2024-05-27,Website,Tabby (BNPL),2
6552,1567,2025-12-29,Online App,Cash on Delivery,2
6553,1760,2025-10-24,In-Store,Apple Pay,3
6554,25,2025-03-07,Online App,Credit Card,6
6555,2290,2025-12-18,Online App,Credit Card,1
6556,2140,2025-07-22,Online App,Cash on Delivery,2
6557,1118,2024-07-11,In-Store,Credit Card,2
6558,154,2025-09-02,Online App,Tabby (BNPL),5
6559,2269,2025-08-11,Website,Apple Pay,1
6560,2865,2025-07-17,Online App,Tabby (BNPL),5
6561,740,2025-03-08,Online App,Cash on Delivery,1
6562,989,2025-12-06,In-Store,Credit Card,5
6563,564,2025-12-30,Website,Credit Card,2
6564,1734,2025-09-29,Website,Credit Card,2
6565,467,2025-11-20,Online App,Cash on Delivery,1
6566,1092,2025-10-31,Website,Tabby (BNPL),1
6567,2102,2025-04-13,Online App,Cash on Delivery,2
6568,1684,2025-11-06,Online App,Cash on Delivery,2
6569,1185,2025-01-20,In-Store,Apple Pay,3
6570,1270,2025-10-19,In-Store,Apple Pay,2
6571,1693,2025-12-04,In-Store,Credit Card,2
6572,19,2025-12-16,Website,Apple Pay,2
6573,229,2025-06-26,Website,Credit Card,6
6574,2650,2025-09-07,Website,Tabby (BNPL),6
6575,229,2025-04-07,Online App,Tabby (BNPL),6
6576,2123,2025-08-03,Website,Tabby (BNPL),2
6577,2758,2024-12-28,Website,Tabby (BNPL),2
6578,822,2025-11-14,Website,Apple Pay,1
6579,1135,2025-09-18,Online App,Apple Pay,1
6580,1713,2025-07-07,Online App,Credit Card,2
6581,2651,2025-12-04,In-Store,Credit Card,1
6582,2825,2025-04-02,Website,Credit Card,6
6583,2224,2025-10-02,Website,Cash on Delivery,1
6584,252,2025-05-26,Online App,Credit Card,3
6585,2017,2024-07-19,Website,Cash on Delivery,3
6586,1245,2024-07-20,Online App,Cash on Delivery,1
6587,1424,2025-12-11,In-Store,Cash on Delivery,2
6588,141,2025-11-28,Website,Tabby (BNPL),4
6589,582,2025-07-31,In-Store,Tabby (BNPL),2
6590,2383,2025-10-06,In-Store,Apple Pay,1
6591,1377,2024-04-25,Online App,Apple Pay,3
6592,917,2025-11-22,In-Store,Tabby (BNPL),1
6593,1175,2025-12-29,In-Store,Tabby (BNPL),3
6594,2567,2025-11-26,Website,Tabby (BNPL),1
6595,2252,2025-12-22,Online App,Credit Card,1
6596,825,2025-05-02,Online App,Apple Pay,1
6597,342,2025-12-09,Online App,Cash on Delivery,1
6598,770,2024-06-23,Online App,Credit Card,2
6599,2760,2025-04-10,Website,Tabby (BNPL),1
6600,1748,2025-05-18,Website,Apple Pay,3
6601,1604,2024-05-20,Website,Cash on Delivery,6
6602,1797,2025-05-15,Website,Credit Card,2
6603,1117,2025-05-02,Online App,Tabby (BNPL),1
6604,2435,2025-07-10,Website,Tabby (BNPL),2
6605,1574,2025-02-03,Online App,Credit Card,1
6606,340,2025-04-07,Online App,Cash on Delivery,6
6607,379,2025-09-23,Online App,Credit Card,6
6608,1615,2024-12-10,Online App,Apple Pay,2
6609,2807,2024-12-26,Online App,Apple Pay,5
6610,938,2025-10-08,Website,Cash on Delivery,2
6611,2615,2024-12-13,Online App,Credit Card,3
6612,2298,2025-07-28,Website,Tabby (BNPL),2
6613,761,2025-10-11,In-Store,Tabby (BNPL),3
6614,114,2025-12-20,In-Store,Cash on Delivery,6
6615,301,2025-09-13,Online App,Tabby (BNPL),4
6616,2188,2025-10-10,Online App,Apple Pay,4
6617,611,2025-11-12,Online App,Apple Pay,5
6618,1137,2025-08-16,Online App,Apple Pay,2
6619,1505,2025-10-24,Website,Credit Card,2
6620,2181,2024-12-29,Website,Credit Card,1
6621,329,2024-11-07,Website,Apple Pay,3
6622,1234,2025-09-02,Online App,Cash on Delivery,2
6623,1460,2025-12-07,Online App,Apple Pay,1
6624,1634,2025-08-02,Online App,Tabby (BNPL),2
6625,2467,2024-07-14,Website,Credit Card,4
6626,524,2025-12-04,Online App,Apple Pay,1
6627,2437,2025-12-01,Website,Cash on Delivery,3
6628,2090,2025-12-15,Online App,Tabby (BNPL),2
6629,1674,2025-10-08,Online App,Cash on Delivery,1
6630,2109,2025-12-26,Website,Tabby (BNPL),1
6631,1248,2025-01-30,In-Store,Apple Pay,1
6632,414,2025-07-16,Online App,Credit Card,1
6633,2009,2025-11-30,Online App,Cash on Delivery,1
6634,1580,2025-08-27,Website,Credit Card,5
6635,1929,2025-07-31,In-Store,Credit Card,1
6636,1034,2025-12-20,In-Store,Tabby (BNPL),1
6637,2719,2024-06-05,Website,Cash on Delivery,1
6638,1766,2025-10-04,Online App,Tabby (BNPL),4
6639,250,2024-09-25,Online App,Tabby (BNPL),1
6640,1364,2025-11-21,Online App,Tabby (BNPL),6
6641,2273,2025-10-01,Online App,Tabby (BNPL),2
6642,2397,2024-10-16,In-Store,Credit Card,6
6643,1487,2025-02-05,Online App,Credit Card,2
6644,2689,2024-11-04,Online App,Credit Card,5
6645,814,2025-10-15,Online App,Cash on Delivery,2
6646,1246,2025-10-19,Website,Apple Pay,1
6647,2698,2025-08-05,Online App,Apple Pay,1
6648,2692,2025-02-17,In-Store,Cash on Delivery,1
6649,2068,2025-10-20,In-Store,Cash on Delivery,1
6650,2579,2025-10-29,Online App,Cash on Delivery,3
6651,256,2025-05-31,Website,Apple Pay,3
6652,2601,2025-06-25,In-Store,Cash on Delivery,1
6653,980,2024-12-28,Online App,Apple Pay,2
6654,543,2025-08-25,Online App,Tabby (BNPL),2
6655,738,2024-09-09,In-Store,Apple Pay,1
6656,1265,2025-04-02,Online App,Apple Pay,3
6657,769,2025-10-22,Online App,Tabby (BNPL),6
6658,980,2025-09-26,Online App,Credit Card,2
6659,402,2025-12-19,Website,Tabby (BNPL),2
6660,901,2025-10-20,Online App,Apple Pay,7
6661,1720,2025-11-18,In-Store,Cash on Delivery,5
6662,1342,2024-12-31,In-Store,Tabby (BNPL),1
6663,1066,2025-07-04,Website,Cash on Delivery,1
6664,2247,2025-11-29,In-Store,Credit Card,3
6665,2688,2024-08-17,In-Store,Credit Card,5
6666,2274,2025-08-28,Online App,Tabby (BNPL),2
6667,1015,2025-06-27,Website,Tabby (BNPL),1
6668,2242,2025-03-08,Online App,Cash on Delivery,1
6669,458,2024-12-26,Online App,Tabby (BNPL),3
6670,384,2025-11-27,Online App,Apple Pay,1
6671,1065,2025-10-07,Online App,Cash on Delivery,2
6672,2437,2024-10-21,In-Store,Cash on Delivery,3
6673,759,2025-12-28,Website,Cash on Delivery,1
6674,182,2025-03-27,Website,Tabby (BNPL),4
6675,388,2025-09-24,Online App,Credit Card,2
6676,2578,2025-08-15,Website,Credit Card,2
6677,1913,2024-11-04,Online App,Apple Pay,3
6678,775,2024-05-16,Website,Cash on Delivery,2
6679,1672,2025-09-16,Online App,Cash on Delivery,1
6680,1587,2024-08-12,In-Store,Cash on Delivery,5
6681,1976,2025-03-05,Online App,Tabby (BNPL),2
6682,718,2024-05-28,In-Store,Cash on Delivery,1
6683,2599,2025-10-27,Website,Cash on Delivery,2
6684,940,2025-08-11,Online App,Credit Card,1
6685,2093,2025-07-23,Online App,Credit Card,2
6686,52,2025-01-02,In-Store,Apple Pay,2
6687,1142,2024-12-03,Online App,Tabby (BNPL),5
6688,1078,2025-07-09,Online App,Apple Pay,1
6689,1640,2025-04-28,Website,Credit Card,2
6690,213,2025-11-10,Online App,Tabby (BNPL),2
6691,2382,2025-07-31,Online App,Apple Pay,1
6692,670,2025-08-20,Online App,Apple Pay,1
6693,2039,2025-03-08,In-Store,Credit Card,1
6694,2422,2025-09-04,In-Store,Credit Card,1
6695,1692,2025-04-29,Website,Tabby (BNPL),2
6696,2228,2025-10-14,Online App,Cash on Delivery,1
6697,1996,2025-06-05,In-Store,Cash on Delivery,1
6698,1092,2025-12-08,Website,Credit Card,1
6699,2439,2024-10-22,Online App,Tabby (BNPL),2
6700,896,2025-11-16,Online App,Apple Pay,2
6701,1717,2025-11-17,Website,Credit Card,1
6702,2245,2025-10-27,Website,Cash on Delivery,6
6703,1160,2025-10-25,Website,Apple Pay,5
6704,921,2025-10-30,Website,Cash on Delivery,2
6705,1394,2025-02-01,In-Store,Cash on Delivery,1
6706,2467,2024-08-06,Online App,Cash on Delivery,4
6707,2790,2025-11-20,Website,Apple Pay,2
6708,1647,2025-01-28,Website,Credit Card,2
6709,1995,2025-08-31,Online App,Apple Pay,1
6710,2711,2025-07-12,Online App,Credit Card,1
6711,291,2025-09-18,Online App,Apple Pay,1
6712,716,2025-09-08,Online App,Cash on Delivery,1
6713,2129,2025-08-09,Online App,Credit Card,1
6714,2483,2025-11-29,Online App,Credit Card,1
6715,2574,2025-07-07,Online App,Cash on Delivery,2
6716,1254,2025-04-21,In-Store,Tabby (BNPL),1
6717,258,2025-12-23,Online App,Tabby (BNPL),7
6718,1330,2024-09-11,Website,Apple Pay,1
6719,711,2025-09-27,Online App,Credit Card,1
6720,887,2025-11-29,Online App,Tabby (BNPL),5
6721,2332,2024-11-28,Online App,Credit Card,2
6722,223,2025-11-15,Online App,Credit Card,3
6723,2493,2024-06-14,Online App,Apple Pay,3
6724,1292,2025-11-06,Online App,Credit Card,2
6725,1795,2025-11-30,Online App,Tabby (BNPL),1
6726,258,2025-12-10,Online App,Cash on Delivery,7
6727,1033,2025-04-22,Website,Credit Card,1
6728,258,2025-11-25,Website,Apple Pay,7
6729,2891,2025-08-23,Online App,Apple Pay,1
6730,2436,2025-03-19,Website,Cash on Delivery,1
6731,1395,2024-12-15,In-Store,Tabby (BNPL),2
6732,689,2025-04-16,Website,Apple Pay,2
6733,2800,2024-12-07,Website,Credit Card,1
6734,1059,2025-07-10,Online App,Tabby (BNPL),1
6735,487,2025-09-25,Online App,Tabby (BNPL),6
6736,1694,2025-12-01,Online App,Apple Pay,5
6737,2832,2025-12-22,Website,Credit Card,1
6738,14,2025-12-28,Online App,Apple Pay,1
6739,734,2024-11-20,Website,Cash on Delivery,1
6740,2813,2025-08-02,In-Store,Tabby (BNPL),4
6741,521,2024-11-03,Online App,Credit Card,2
6742,329,2025-01-12,Online App,Cash on Delivery,3
6743,1715,2025-04-05,Website,Cash on Delivery,3
6744,2590,2025-12-08,In-Store,Tabby (BNPL),1
6745,1445,2025-05-16,Website,Credit Card,1
6746,2985,2025-11-13,Online App,Apple Pay,2
6747,2045,2024-10-29,In-Store,Apple Pay,1
6748,218,2025-11-28,Website,Apple Pay,1
6749,2979,2025-12-07,Online App,Apple Pay,2
6750,1238,2025-06-29,Website,Cash on Delivery,1
6751,876,2025-11-02,In-Store,Tabby (BNPL),1
6752,1680,2024-09-23,Online App,Cash on Delivery,1
6753,925,2025-06-27,In-Store,Cash on Delivery,1
6754,252,2025-07-09,In-Store,Tabby (BNPL),3
6755,6,2025-12-07,In-Store,Credit Card,1
6756,1363,2024-08-18,In-Store,Cash on Delivery,1
6757,2515,2025-09-26,Online App,Tabby (BNPL),1
6758,1720,2025-10-07,Website,Tabby (BNPL),5
6759,2999,2025-10-18,Website,Cash on Delivery,1
6760,873,2025-12-29,In-Store,Cash on Delivery,2
6761,850,2025-09-08,Online App,Cash on Delivery,2
6762,484,2025-05-28,Website,Cash on Delivery,7
6763,498,2025-08-23,In-Store,Credit Card,4
6764,866,2024-10-27,Website,Credit Card,1
6765,2390,2025-11-08,In-Store,Credit Card,2
6766,2717,2025-09-14,Website,Cash on Delivery,2
6767,2927,2025-12-12,Online App,Tabby (BNPL),1
6768,717,2024-10-27,Online App,Cash on Delivery,2
6769,2650,2025-03-18,Online App,Credit Card,6
6770,1004,2025-12-16,Online App,Credit Card,2
6771,329,2024-02-09,Online App,Cash on Delivery,3
6772,2616,2025-11-30,Website,Tabby (BNPL),2
6773,1920,2025-01-02,Website,Cash on Delivery,4
6774,501,2025-04-05,In-Store,Cash on Delivery,4
6775,1302,2025-04-16,Website,Apple Pay,1
6776,876,2025-11-08,Online App,Credit Card,1
6777,2218,2025-10-06,In-Store,Tabby (BNPL),1
6778,1376,2025-01-27,Online App,Cash on Delivery,5
6779,2970,2025-12-23,Website,Cash on Delivery,1
6780,158,2024-07-20,Online App,Tabby (BNPL),2
6781,1089,2025-11-25,Website,Credit Card,1
6782,1456,2025-11-08,Website,Tabby (BNPL),1
6783,1509,2025-02-05,Online App,Cash on Delivery,5
6784,963,2025-11-08,In-Store,Tabby (BNPL),2
6785,2189,2025-10-31,Online App,Credit Card,2
6786,2633,2025-05-14,In-Store,Credit Card,2
6787,2815,2025-11-14,Website,Tabby (BNPL),4
6788,2429,2024-05-25,Online App,Cash on Delivery,1
6789,2556,2025-05-26,Online App,Credit Card,3
6790,1659,2025-03-04,Website,Cash on Delivery,1
6791,2490,2025-11-15,Online App,Tabby (BNPL),1
6792,922,2025-06-27,Online App,Cash on Delivery,2
6793,1213,2025-11-28,In-Store,Cash on Delivery,3
6794,966,2025-11-14,Online App,Apple Pay,2
6795,1416,2025-07-11,Online App,Apple Pay,1
6796,868,2025-07-30,In-Store,Cash on Delivery,1
6797,2891,2025-03-04,In-Store,Tabby (BNPL),1
6798,952,2025-07-26,Website,Credit Card,1
6799,288,2025-08-18,In-Store,Cash on Delivery,3
6800,1587,2025-05-06,Website,Tabby (BNPL),5
6801,164,2025-12-26,Website,Cash on Delivery,2
6802,325,2024-08-16,Website,Tabby (BNPL),3
6803,676,2025-11-08,Online App,Tabby (BNPL),1
6804,1409,2025-10-10,Online App,Cash on Delivery,2
6805,1312,2025-09-19,Online App,Cash on Delivery,1
6806,2411,2025-04-05,Online App,Cash on Delivery,5
6807,2223,2024-12-13,Website,Credit Card,2
6808,1290,2025-12-08,Online App,Apple Pay,5
6809,1021,2025-12-04,In-Store,Cash on Delivery,1
6810,966,2025-03-16,Online App,Tabby (BNPL),2
6811,2337,2025-07-29,Online App,Tabby (BNPL),2
6812,150,2025-11-16,In-Store,Credit Card,2
6813,36,2025-01-29,Website,Apple Pay,5
6814,2400,2025-12-22,Website,Tabby (BNPL),2
6815,1445,2024-08-16,Website,Credit Card,1
6816,384,2025-04-23,Online App,Credit Card,1
6817,728,2025-02-04,In-Store,Tabby (BNPL),1
6818,2796,2025-05-03,Website,Apple Pay,6
6819,2582,2025-11-21,Website,Credit Card,4
6820,2131,2025-08-09,Website,Credit Card,2
6821,1456,2025-11-06,Online App,Tabby (BNPL),1
6822,1561,2025-09-07,Online App,Tabby (BNPL),1
6823,2927,2025-06-23,Website,Credit Card,1
6824,2904,2025-03-06,Online App,Credit Card,6
6825,662,2025-12-14,Online App,Credit Card,2
6826,2447,2024-09-10,In-Store,Tabby (BNPL),1
6827,602,2025-12-16,Online App,Credit Card,2
6828,656,2024-04-22,Website,Cash on Delivery,3
6829,2038,2025-11-13,Online App,Credit Card,3
6830,1229,2025-08-23,In-Store,Tabby (BNPL),3
6831,2793,2024-08-02,Online App,Cash on Delivery,2
6832,256,2025-12-23,Website,Cash on Delivery,3
6833,1529,2025-08-20,In-Store,Tabby (BNPL),4
6834,2754,2025-10-10,Online App,Credit Card,1
6835,2713,2025-12-07,Online App,Cash on Delivery,1
6836,472,2024-08-13,Online App,Tabby (BNPL),1
6837,1119,2025-05-21,In-Store,Tabby (BNPL),2
6838,1865,2025-10-14,Website,Apple Pay,3
6839,482,2025-07-30,Online App,Cash on Delivery,5
6840,2910,2025-12-31,In-Store,Tabby (BNPL),1
6841,2742,2024-08-29,Website,Cash on Delivery,2
6842,513,2025-08-03,Website,Cash on Delivery,7
6843,351,2025-12-29,In-Store,Apple Pay,2
6844,250,2024-06-26,Website,Credit Card,1
6845,2727,2025-08-23,Website,Tabby (BNPL),1
6846,593,2024-09-26,Website,Apple Pay,1
6847,1257,2025-08-16,Online App,Cash on Delivery,1
6848,1360,2025-03-09,In-Store,Credit Card,1
6849,1804,2025-10-28,Website,Tabby (BNPL),1
6850,211,2025-05-15,In-Store,Cash on Delivery,2
6851,697,2025-11-25,In-Store,Cash on Delivery,5
6852,2793,2025-01-23,In-Store,Apple Pay,2
6853,2724,2025-12-18,In-Store,Tabby (BNPL),7
6854,2360,2024-06-05,Online App,Apple Pay,2
6855,62,2025-07-28,Online App,Credit Card,2
6856,1000,2025-12-04,Online App,Credit Card,1
6857,1892,2025-10-27,Website,Credit Card,3
6858,835,2025-12-18,Website,Tabby (BNPL),2
6859,2728,2025-04-19,Online App,Tabby (BNPL),2
6860,1914,2025-09-03,Online App,Cash on Delivery,1
6861,211,2025-09-07,Website,Apple Pay,2
6862,2725,2025-09-05,Online App,Cash on Delivery,1
6863,2876,2025-09-21,In-Store,Credit Card,2
6864,228,2025-07-31,Website,Cash on Delivery,3
6865,1600,2025-08-24,Online App,Cash on Delivery,1
6866,921,2025-11-19,Online App,Apple Pay,2
6867,1200,2025-06-11,Online App,Cash on Delivery,2
6868,546,2024-06-15,Online App,Apple Pay,1
6869,1736,2025-11-22,Online App,Tabby (BNPL),6
6870,2877,2024-03-26,In-Store,Apple Pay,2
6871,1508,2025-06-24,Website,Apple Pay,1
6872,241,2025-12-06,Website,Apple Pay,3
6873,1869,2025-09-14,Online App,Apple Pay,3
6874,1043,2025-12-13,Online App,Cash on Delivery,2
6875,2572,2025-12-28,Website,Cash on Delivery,2
6876,1317,2025-10-19,Online App,Tabby (BNPL),1
6877,590,2025-07-20,Website,Tabby (BNPL),3
6878,582,2025-06-12,Online App,Apple Pay,2
6879,2319,2025-10-11,Website,Tabby (BNPL),3
6880,808,2025-12-20,Website,Credit Card,2
6881,2313,2025-04-18,Online App,Credit Card,7
6882,634,2025-08-23,Online App,Cash on Delivery,2
6883,984,2025-10-24,Online App,Apple Pay,1
6884,1412,2025-01-10,Online App,Tabby (BNPL),2
6885,2830,2025-09-30,Online App,Apple Pay,3
6886,2794,2025-11-03,Online App,Credit Card,5
6887,637,2025-11-08,Website,Credit Card,4
6888,1097,2025-09-28,Website,Credit Card,1
6889,448,2024-06-14,In-Store,Cash on Delivery,2
6890,1525,2025-12-13,Website,Tabby (BNPL),1
6891,1399,2024-12-22,Online App,Cash on Delivery,1
6892,2705,2025-12-24,Online App,Tabby (BNPL),1
6893,2790,2025-10-22,Online App,Tabby (BNPL),2
6894,1174,2025-04-16,Online App,Apple Pay,2
6895,1479,2025-07-07,Website,Cash on Delivery,4
6896,2692,2024-10-06,Website,Cash on Delivery,1
6897,2434,2025-10-10,Website,Credit Card,5
6898,13,2025-06-14,Website,Credit Card,4
6899,979,2025-09-08,Online App,Cash on Delivery,2
6900,1273,2025-07-15,In-Store,Cash on Delivery,3
6901,708,2025-12-30,Website,Credit Card,2
6902,610,2024-10-23,Website,Cash on Delivery,6
6903,118,2025-11-12,Online App,Cash on Delivery,1
6904,1937,2025-09-02,Online App,Apple Pay,5
6905,801,2025-12-09,Website,Cash on Delivery,1
6906,151,2025-10-21,Website,Cash on Delivery,7
6907,711,2025-11-20,Online App,Cash on Delivery,1
6908,2420,2025-01-19,Online App,Credit Card,1
6909,2559,2025-12-24,In-Store,Credit Card,4
6910,1457,2025-10-24,Online App,Credit Card,1
6911,1256,2025-07-29,Online App,Apple Pay,3
6912,2935,2025-12-09,In-Store,Cash on Delivery,2
6913,614,2025-12-29,Website,Apple Pay,1
6914,662,2025-12-07,Online App,Cash on Delivery,2
6915,890,2025-10-06,Website,Credit Card,1
6916,525,2025-12-31,Online App,Credit Card,1
6917,1161,2024-12-30,Website,Apple Pay,5
6918,2731,2024-05-21,Online App,Cash on Delivery,2
6919,1851,2025-08-30,Online App,Apple Pay,3
6920,1248,2025-07-20,Website,Apple Pay,1
6921,2801,2025-02-27,Online App,Credit Card,2
6922,140,2024-08-15,Online App,Cash on Delivery,2
6923,648,2025-11-20,Online App,Credit Card,1
6924,1703,2025-05-07,Online App,Credit Card,1
6925,1851,2025-09-07,Online App,Credit Card,3
6926,120,2025-12-24,Online App,Cash on Delivery,2
6927,1225,2025-12-10,In-Store,Tabby (BNPL),2
6928,1959,2025-10-24,Website,Apple Pay,3
6929,2103,2025-05-06,Online App,Apple Pay,3
6930,1927,2025-11-16,Online App,Apple Pay,2
6931,980,2025-10-20,Website,Tabby (BNPL),2
6932,272,2025-12-13,Online App,Credit Card,1
6933,1291,2025-12-30,Online App,Tabby (BNPL),5
6934,378,2025-09-28,In-Store,Apple Pay,2
6935,2842,2025-09-01,Website,Credit Card,6
6936,1440,2025-05-27,Online App,Tabby (BNPL),1
6937,967,2025-11-30,Online App,Apple Pay,3
6938,2309,2025-02-08,In-Store,Tabby (BNPL),1
6939,1496,2025-03-12,In-Store,Tabby (BNPL),3
6940,943,2024-08-22,Website,Credit Card,3
6941,2448,2025-12-16,Website,Tabby (BNPL),2
6942,2608,2025-01-15,Online App,Tabby (BNPL),1
6943,2031,2025-12-17,Online App,Cash on Delivery,2
6944,136,2025-10-14,Online App,Credit Card,4
6945,1706,2025-11-15,Online App,Cash on Delivery,1
6946,2297,2025-08-13,Online App,Cash on Delivery,1
6947,408,2025-08-05,Website,Tabby (BNPL),1
6948,704,2025-01-20,Website,Cash on Delivery,6
6949,2655,2025-04-05,Online App,Credit Card,1
6950,66,2025-05-15,Online App,Tabby (BNPL),1
6951,2264,2025-09-24,In-Store,Tabby (BNPL),1
6952,1433,2025-04-18,Online App,Cash on Delivery,1
6953,1355,2025-02-26,Online App,Credit Card,1
6954,22,2024-06-20,Online App,Tabby (BNPL),2
6955,2469,2025-08-19,Online App,Cash on Delivery,2
6956,1101,2025-05-12,Online App,Credit Card,1
6957,1633,2025-06-04,Online App,Apple Pay,2
6958,2040,2025-12-14,Website,Tabby (BNPL),1
6959,2115,2025-04-13,Online App,Cash on Delivery,3
6960,2870,2025-11-14,In-Store,Apple Pay,3
6961,1596,2025-11-11,Online App,Tabby (BNPL),5
6962,1214,2024-05-15,In-Store,Credit Card,2
6963,2860,2024-09-06,In-Store,Credit Card,3
6964,1935,2025-09-27,In-Store,Credit Card,2
6965,907,2024-09-21,Online App,Tabby (BNPL),1
6966,368,2024-06-30,Online App,Credit Card,1
6967,2531,2024-10-21,Website,Tabby (BNPL),3
6968,1107,2024-12-23,Online App,Tabby (BNPL),1
6969,1993,2024-11-07,In-Store,Cash on Delivery,1
6970,1424,2025-04-16,Online App,Apple Pay,2
6971,607,2024-11-16,In-Store,Tabby (BNPL),1
6972,1812,2025-10-30,Website,Cash on Delivery,2
6973,175,2025-06-24,Online App,Tabby (BNPL),2
6974,1250,2025-05-09,Online App,Apple Pay,3
6975,1650,2025-07-30,Online App,Cash on Delivery,1
6976,1322,2025-11-25,Website,Tabby (BNPL),1
6977,2252,2025-12-30,Online App,Cash on Delivery,1
6978,2494,2025-09-24,Website,Cash on Delivery,1
6979,2329,2024-08-18,In-Store,Credit Card,1
6980,119,2025-10-10,Website,Credit Card,1
6981,594,2025-10-09,Online App,Apple Pay,2
6982,1614,2025-09-18,Online App,Apple Pay,2
6983,2801,2025-07-29,Online App,Tabby (BNPL),2
6984,2512,2025-04-22,Online App,Apple Pay,2
6985,2531,2024-08-29,Online App,Cash on Delivery,3
6986,921,2025-04-27,Website,Apple Pay,2
6987,1300,2025-10-25,Online App,Credit Card,4
6988,1424,2025-11-21,Website,Cash on Delivery,2
6989,474,2025-12-03,Online App,Apple Pay,1
6990,103,2025-09-30,Online App,Apple Pay,2
6991,2839,2025-09-18,Online App,Cash on Delivery,2
6992,742,2025-12-17,In-Store,Cash on Delivery,1
6993,739,2025-04-13,In-Store,Apple Pay,1
6994,242,2025-09-12,Online App,Credit Card,3
6995,2785,2025-07-14,Website,Credit Card,5
6996,1741,2025-03-09,In-Store,Tabby (BNPL),7
6997,2012,2025-10-02,Online App,Credit Card,2
6998,2733,2025-10-06,Online App,Tabby (BNPL),1
6999,1065,2025-11-07,Website,Credit Card,2
7000,1874,2025-11-04,Website,Credit Card,1
7001,119,2025-12-18,Online App,Tabby (BNPL),1
7002,569,2025-09-30,Online App,Credit Card,1
7003,2504,2025-07-25,Online App,Apple Pay,3
7004,2311,2025-11-11,Website,Apple Pay,1
7005,1076,2025-04-10,Website,Cash on Delivery,1
7006,1156,2025-12-01,Website,Apple Pay,3
7007,1605,2025-04-09,Online App,Cash on Delivery,1
7008,2,2025-10-13,Online App,Tabby (BNPL),2
7009,743,2025-12-11,Online App,Tabby (BNPL),1
7010,640,2025-12-05,In-Store,Credit Card,2
7011,768,2025-11-30,Website,Cash on Delivery,2
7012,2431,2024-09-29,In-Store,Apple Pay,2
7013,847,2025-11-25,In-Store,Apple Pay,6
7014,584,2025-10-08,Website,Tabby (BNPL),4
7015,1511,2025-02-17,Website,Credit Card,5
7016,2603,2025-08-30,Website,Apple Pay,5
7017,743,2025-12-12,Website,Cash on Delivery,1
7018,229,2025-07-14,In-Store,Apple Pay,6
7019,1093,2025-05-21,Website,Apple Pay,1
7020,2251,2025-09-11,Online App,Credit Card,1
7021,1659,2025-12-17,Website,Tabby (BNPL),1
7022,2465,2024-08-15,Online App,Apple Pay,6
7023,2883,2025-10-25,In-Store,Tabby (BNPL),1
7024,2389,2025-11-04,Online App,Apple Pay,1
7025,1817,2025-10-18,Online App,Cash on Delivery,1
7026,1484,2025-06-14,Online App,Tabby (BNPL),1
7027,120,2025-12-17,In-Store,Apple Pay,2
7028,2955,2025-01-09,Online App,Tabby (BNPL),1
7029,1173,2025-09-16,Online App,Cash on Delivery,2
7030,459,2025-04-13,In-Store,Credit Card,1
7031,2011,2025-03-20,In-Store,Apple Pay,3
7032,863,2025-03-06,Website,Credit Card,2
7033,1761,2025-11-13,In-Store,Cash on Delivery,2
7034,1765,2025-05-15,Online App,Cash on Delivery,1
7035,1353,2025-01-21,Website,Tabby (BNPL),1
7036,2514,2025-11-26,Online App,Apple Pay,5
7037,805,2024-08-07,In-Store,Cash on Delivery,1
7038,1359,2025-12-03,Online App,Credit Card,6
7039,1618,2025-04-05,Online App,Apple Pay,1
7040,2002,2025-01-29,Online App,Credit Card,4
7041,2365,2025-07-05,Online App,Tabby (BNPL),1
7042,1205,2025-10-26,Online App,Tabby (BNPL),4
7043,1947,2025-07-21,Online App,Apple Pay,2
7044,452,2024-06-29,Online App,Credit Card,2
7045,2797,2025-02-16,Website,Cash on Delivery,2
7046,1171,2025-12-29,Online App,Apple Pay,2
7047,2189,2025-11-24,Website,Credit Card,2
7048,67,2025-11-18,Website,Tabby (BNPL),2
7049,632,2025-12-14,In-Store,Cash on Delivery,3
7050,1468,2025-12-20,Online App,Credit Card,1
7051,2645,2025-09-03,Online App,Apple Pay,1
7052,1587,2025-04-16,In-Store,Tabby (BNPL),5
7053,2790,2025-10-24,In-Store,Apple Pay,2
7054,1458,2025-01-28,Website,Cash on Delivery,6
7055,1475,2025-08-22,Website,Tabby (BNPL),2
7056,348,2025-05-18,In-Store,Credit Card,3
7057,2420,2024-12-10,In-Store,Cash on Delivery,1
7058,759,2025-11-04,Online App,Tabby (BNPL),1
7059,2700,2025-09-27,Website,Tabby (BNPL),1
7060,2731,2025-09-20,Website,Credit Card,2
7061,2830,2025-11-30,Online App,Credit Card,3
7062,1560,2025-02-12,Online App,Credit Card,1
7063,2039,2025-08-13,Website,Tabby (BNPL),1
7064,2350,2024-04-29,Website,Tabby (BNPL),3
7065,385,2025-12-27,Online App,Tabby (BNPL),6
7066,1810,2025-07-01,In-Store,Tabby (BNPL),2
7067,109,2024-12-22,Online App,Cash on Delivery,2
7068,1495,2025-08-11,Online App,Credit Card,4
7069,467,2025-06-21,In-Store,Apple Pay,1
7070,559,2025-04-02,Online App,Cash on Delivery,2
7071,1116,2025-04-10,Website,Tabby (BNPL),1
7072,1309,2025-05-16,In-Store,Apple Pay,3
7073,1878,2025-03-22,Online App,Credit Card,2
7074,218,2025-12-23,Website,Credit Card,1
7075,1511,2025-10-26,In-Store,Credit Card,5
7076,558,2025-10-01,Online App,Apple Pay,1
7077,1727,2025-10-29,Online App,Cash on Delivery,3
7078,1924,2025-07-20,Online App,Cash on Delivery,1
7079,1677,2024-09-26,Website,Tabby (BNPL),6
7080,2222,2024-04-19,In-Store,Credit Card,2
7081,1028,2025-12-02,In-Store,Credit Card,2
7082,2302,2025-01-16,Online App,Cash on Delivery,1
7083,1311,2025-01-25,Online App,Cash on Delivery,7
7084,1459,2025-10-18,Website,Cash on Delivery,7
7085,1956,2024-10-12,Website,Apple Pay,4
7086,57,2024-12-04,Online App,Cash on Delivery,1
7087,1972,2025-12-02,Online App,Tabby (BNPL),5
7088,1863,2025-07-17,Online App,Tabby (BNPL),3
7089,943,2024-06-23,Online App,Credit Card,3
7090,252,2025-03-19,Online App,Tabby (BNPL),3
7091,262,2025-10-30,In-Store,Apple Pay,1
7092,2766,2024-08-28,Website,Credit Card,1
7093,2076,2025-04-01,Online App,Apple Pay,1
7094,371,2025-06-18,Online App,Apple Pay,1
7095,1094,2025-11-30,Website,Tabby (BNPL),2
7096,1782,2025-01-18,Online App,Apple Pay,5
7097,2513,2025-11-04,In-Store,Apple Pay,5
7098,126,2025-11-09,Online App,Tabby (BNPL),2
7099,730,2025-08-15,In-Store,Tabby (BNPL),1
7100,2675,2025-08-10,Online App,Apple Pay,2
7101,26,2025-09-20,In-Store,Cash on Delivery,2
7102,616,2025-12-25,Online App,Apple Pay,1
7103,2880,2025-10-04,Online App,Cash on Delivery,2
7104,1848,2025-05-14,Online App,Apple Pay,2
7105,799,2024-09-24,Website,Apple Pay,6
7106,195,2025-09-22,In-Store,Apple Pay,3
7107,95,2024-09-10,In-Store,Credit Card,3
7108,752,2025-07-10,Website,Credit Card,1
7109,2650,2025-11-05,Online App,Cash on Delivery,6
7110,1256,2025-07-05,Online App,Apple Pay,3
7111,2162,2025-04-08,Online App,Credit Card,6
7112,2753,2025-11-22,Website,Apple Pay,4
7113,1238,2025-11-28,Website,Cash on Delivery,1
7114,583,2025-10-21,In-Store,Credit Card,1
7115,1548,2025-04-10,Website,Apple Pay,1
7116,2723,2024-12-03,Online App,Credit Card,1
7117,2425,2025-11-07,In-Store,Cash on Delivery,2
7118,190,2025-02-24,In-Store,Cash on Delivery,1
7119,2088,2025-10-08,Website,Apple Pay,3
7120,1718,2025-02-21,Online App,Apple Pay,3
7121,2721,2025-12-27,Online App,Credit Card,2
7122,355,2024-03-29,Website,Tabby (BNPL),2
7123,1607,2025-12-24,In-Store,Tabby (BNPL),1
7124,2647,2025-11-06,Online App,Cash on Delivery,1
7125,1243,2025-12-27,In-Store,Credit Card,2
7126,1456,2025-11-05,Website,Credit Card,1
7127,206,2025-07-23,In-Store,Cash on Delivery,1
7128,843,2025-05-12,Online App,Cash on Delivery,4
7129,993,2025-10-20,Website,Cash on Delivery,5
7130,2835,2025-07-18,Online App,Cash on Delivery,2
7131,857,2024-08-29,Online App,Credit Card,3
7132,1400,2025-12-28,Online App,Cash on Delivery,1
7133,2025,2025-05-29,Online App,Apple Pay,2
7134,492,2025-08-03,In-Store,Credit Card,2
7135,1465,2024-12-21,Online App,Credit Card,2
7136,2222,2024-12-03,In-Store,Credit Card,2
7137,2606,2024-11-01,Online App,Cash on Delivery,1
7138,1889,2025-12-23,In-Store,Credit Card,7
7139,2017,2025-05-03,In-Store,Credit Card,3
7140,367,2025-11-28,Online App,Tabby (BNPL),3
7141,2837,2025-10-06,Online App,Cash on Delivery,1
7142,391,2025-07-28,Website,Apple Pay,1
7143,2339,2024-12-22,Online App,Tabby (BNPL),6
7144,805,2024-04-26,Online App,Cash on Delivery,1
7145,2800,2024-08-05,Online App,Cash on Delivery,1
7146,2160,2025-12-23,Online App,Credit Card,1
7147,2266,2024-03-02,Website,Cash on Delivery,3
7148,675,2025-11-26,Online App,Credit Card,3
7149,1347,2025-10-19,In-Store,Tabby (BNPL),2
7150,1861,2025-03-27,In-Store,Credit Card,2
7151,2322,2025-12-14,In-Store,Tabby (BNPL),6
7152,308,2025-03-13,Online App,Tabby (BNPL),5
7153,2893,2025-12-12,In-Store,Apple Pay,2
7154,2677,2025-11-16,Online App,Cash on Delivery,3
7155,822,2025-08-20,Online App,Apple Pay,1
7156,2480,2025-06-24,In-Store,Cash on Delivery,3
7157,1554,2025-04-29,Website,Apple Pay,2
7158,1402,2025-09-28,Website,Cash on Delivery,1
7159,958,2025-08-18,Online App,Cash on Delivery,1
7160,1745,2025-08-09,Website,Apple Pay,1
7161,2190,2025-08-21,In-Store,Cash on Delivery,3
7162,1246,2025-08-24,Website,Tabby (BNPL),1
7163,1896,2025-05-31,In-Store,Cash on Delivery,2
7164,2109,2025-10-20,Website,Credit Card,1
7165,2137,2024-10-23,Online App,Tabby (BNPL),2
7166,150,2025-07-26,Online App,Tabby (BNPL),2
7167,2583,2024-12-18,Online App,Apple Pay,1
7168,1393,2025-12-11,Online App,Cash on Delivery,2
7169,801,2024-11-15,Online App,Cash on Delivery,1
7170,743,2025-12-03,In-Store,Credit Card,1
7171,1457,2025-11-07,Website,Apple Pay,1
7172,2668,2025-10-13,Website,Credit Card,2
7173,1160,2025-12-14,Online App,Credit Card,5
7174,2253,2025-12-09,Online App,Cash on Delivery,2
7175,286,2025-12-02,Website,Credit Card,1
7176,1443,2025-02-27,Online App,Tabby (BNPL),1
7177,2975,2025-08-27,Website,Apple Pay,2
7178,2325,2025-03-04,In-Store,Apple Pay,1
7179,650,2025-06-20,In-Store,Cash on Delivery,3
7180,1505,2025-09-10,Online App,Cash on Delivery,2
7181,721,2024-12-08,Online App,Apple Pay,1
7182,1242,2025-11-27,Website,Cash on Delivery,2
7183,2356,2025-12-12,In-Store,Tabby (BNPL),2
7184,2329,2025-07-26,Website,Credit Card,1
7185,701,2025-05-21,Website,Tabby (BNPL),4
7186,2764,2025-08-05,In-Store,Tabby (BNPL),4
7187,1782,2025-06-19,Website,Tabby (BNPL),5
7188,1163,2025-10-15,Website,Tabby (BNPL),2
7189,1505,2025-06-30,In-Store,Apple Pay,2
7190,1822,2025-06-08,Website,Tabby (BNPL),2
7191,1683,2025-12-14,In-Store,Cash on Delivery,1
7192,1465,2025-06-14,In-Store,Tabby (BNPL),2
7193,1513,2025-08-07,Website,Credit Card,2
7194,536,2025-11-11,Online App,Tabby (BNPL),2
7195,2451,2025-10-19,Online App,Credit Card,2
7196,1636,2025-11-23,Online App,Apple Pay,1
7197,386,2025-12-27,Website,Cash on Delivery,3
7198,2308,2024-10-10,In-Store,Tabby (BNPL),1
7199,2796,2025-04-30,Online App,Credit Card,6
7200,2840,2025-09-11,Online App,Cash on Delivery,4
7201,1130,2025-12-11,Website,Apple Pay,1
7202,405,2025-12-01,Website,Apple Pay,2
7203,1555,2025-08-24,In-Store,Tabby (BNPL),1
7204,328,2025-06-22,Website,Cash on Delivery,2
7205,2800,2025-10-27,In-Store,Cash on Delivery,1
7206,563,2024-11-24,Online App,Cash on Delivery,2
7207,774,2025-04-16,Online App,Tabby (BNPL),3
7208,1236,2025-07-08,Online App,Credit Card,1
7209,1172,2025-08-15,In-Store,Cash on Delivery,1
7210,2398,2025-02-19,Online App,Cash on Delivery,3
7211,1386,2025-06-24,Online App,Credit Card,1
7212,520,2025-02-21,Website,Tabby (BNPL),1
7213,813,2025-12-15,Website,Tabby (BNPL),2
7214,1524,2025-10-29,Online App,Credit Card,1
7215,445,2025-07-30,Online App,Tabby (BNPL),1
7216,1844,2025-11-05,Online App,Apple Pay,1
7217,1703,2025-03-14,In-Store,Cash on Delivery,1
7218,2147,2025-10-28,Online App,Credit Card,2
7219,2812,2025-05-10,Online App,Cash on Delivery,3
7220,2735,2024-12-06,In-Store,Apple Pay,4
7221,2837,2025-11-04,In-Store,Cash on Delivery,1
7222,752,2025-09-07,Online App,Tabby (BNPL),1
7223,388,2025-07-23,Online App,Cash on Delivery,2
7224,920,2025-12-31,Website,Apple Pay,3
7225,2690,2025-03-12,Website,Apple Pay,2
7226,2919,2025-11-30,Website,Tabby (BNPL),2
7227,2581,2025-10-12,In-Store,Credit Card,1
7228,325,2024-03-21,Online App,Cash on Delivery,3
7229,2841,2025-12-20,Website,Credit Card,2
7230,1279,2025-01-24,Website,Apple Pay,1
7231,26,2024-11-23,Website,Apple Pay,2
7232,1344,2025-10-30,Online App,Apple Pay,1
7233,135,2025-08-19,In-Store,Apple Pay,4
7234,1643,2025-07-06,In-Store,Cash on Delivery,1
7235,1037,2024-12-25,Online App,Tabby (BNPL),1
7236,1432,2025-11-28,In-Store,Apple Pay,1
7237,1847,2024-02-26,Online App,Tabby (BNPL),2
7238,2614,2024-08-03,Online App,Tabby (BNPL),1
7239,1996,2024-10-12,Online App,Apple Pay,1
7240,1315,2025-11-12,Online App,Cash on Delivery,2
7241,2469,2025-06-17,Online App,Cash on Delivery,2
7242,2717,2025-08-16,Online App,Tabby (BNPL),2
7243,348,2025-10-08,Online App,Apple Pay,3
7244,1598,2025-07-27,Online App,Tabby (BNPL),6
7245,864,2025-09-28,In-Store,Credit Card,7
7246,136,2025-04-21,Website,Cash on Delivery,4
7247,2015,2025-10-12,Online App,Cash on Delivery,1
7248,2592,2025-11-22,Website,Cash on Delivery,1
7249,496,2025-11-09,Website,Cash on Delivery,1
7250,2450,2025-09-04,Online App,Tabby (BNPL),1
7251,2565,2024-08-13,Online App,Cash on Delivery,1
7252,2741,2025-08-30,In-Store,Cash on Delivery,1
7253,807,2025-10-10,Website,Apple Pay,3
7254,2713,2025-12-17,Online App,Apple Pay,1
7255,980,2024-12-15,Website,Apple Pay,2
7256,1662,2025-05-07,Online App,Apple Pay,1
7257,144,2025-07-24,Website,Credit Card,6
7258,127,2025-02-03,Online App,Apple Pay,2
7259,2162,2025-07-20,Online App,Cash on Delivery,6
7260,1350,2025-11-12,Online App,Credit Card,1
7261,784,2025-08-22,Online App,Tabby (BNPL),1
7262,581,2025-11-27,Online App,Apple Pay,7
7263,2020,2025-11-14,Online App,Tabby (BNPL),1
7264,3,2024-08-10,Online App,Credit Card,1
7265,2431,2025-02-13,Online App,Cash on Delivery,2
7266,230,2024-12-11,Online App,Cash on Delivery,1
7267,584,2024-06-01,Online App,Apple Pay,4
7268,1184,2025-01-17,Website,Tabby (BNPL),1
7269,1460,2025-11-10,Website,Cash on Delivery,1
7270,1089,2025-10-10,In-Store,Credit Card,1
7271,981,2024-11-30,Website,Tabby (BNPL),1
7272,2899,2025-11-18,Online App,Apple Pay,5
7273,1934,2025-08-31,Online App,Credit Card,3
7274,78,2025-07-06,Website,Tabby (BNPL),1
7275,1303,2025-12-14,Online App,Apple Pay,1
7276,2635,2025-08-20,In-Store,Credit Card,1
7277,916,2025-10-04,Online App,Tabby (BNPL),3
7278,276,2025-11-23,In-Store,Credit Card,1
7279,2279,2024-12-22,Online App,Apple Pay,1
7280,1825,2025-01-13,Online App,Tabby (BNPL),1
7281,1715,2025-03-10,Online App,Tabby (BNPL),3
7282,155,2025-12-09,In-Store,Credit Card,2
7283,421,2025-12-21,In-Store,Tabby (BNPL),2
7284,1878,2025-06-17,Online App,Apple Pay,2
7285,638,2025-12-27,Online App,Credit Card,1
7286,1511,2025-01-20,Online App,Apple Pay,5
7287,1647,2025-04-05,Online App,Tabby (BNPL),2
7288,861,2024-06-20,In-Store,Tabby (BNPL),5
7289,2845,2025-11-01,Online App,Apple Pay,6
7290,2531,2024-05-22,Online App,Tabby (BNPL),3
7291,2167,2025-08-14,Website,Cash on Delivery,1
7292,229,2025-05-31,Website,Apple Pay,6
7293,313,2024-05-04,Website,Tabby (BNPL),2
7294,1482,2025-10-18,Online App,Credit Card,1
7295,486,2025-12-24,Website,Tabby (BNPL),1
7296,2936,2025-11-12,In-Store,Tabby (BNPL),1
7297,478,2025-12-24,In-Store,Tabby (BNPL),1
7298,1469,2024-07-23,Online App,Cash on Delivery,1
7299,1112,2025-12-05,Online App,Credit Card,1
7300,1929,2025-06-21,Online App,Tabby (BNPL),1
7301,379,2025-11-27,Online App,Apple Pay,6
7302,1303,2025-12-28,Online App,Credit Card,1
7303,833,2025-08-13,Online App,Credit Card,5
7304,2672,2025-10-17,In-Store,Apple Pay,1
7305,122,2025-12-01,Website,Tabby (BNPL),1
7306,2741,2024-04-21,Online App,Cash on Delivery,1
7307,2510,2025-05-27,In-Store,Apple Pay,1
7308,905,2025-12-26,Website,Credit Card,1
7309,2379,2024-09-19,Online App,Apple Pay,1
7310,104,2025-11-01,Online App,Cash on Delivery,1
7311,2908,2025-10-20,Website,Cash on Delivery,3
7312,1586,2025-12-16,Online App,Cash on Delivery,3
7313,921,2025-11-19,Online App,Credit Card,2
7314,1109,2025-09-07,Website,Cash on Delivery,1
7315,192,2024-12-28,Website,Tabby (BNPL),1
7316,2970,2025-05-25,Online App,Cash on Delivery,1
7317,119,2025-11-14,Website,Apple Pay,1
7318,1974,2024-10-09,Website,Cash on Delivery,2
7319,1346,2024-11-18,Website,Credit Card,1
7320,2846,2025-11-03,In-Store,Tabby (BNPL),1
7321,757,2025-06-18,Website,Cash on Delivery,4
7322,1598,2024-06-29,Online App,Credit Card,6
7323,1456,2025-11-03,Online App,Cash on Delivery,1
7324,2115,2025-04-26,In-Store,Credit Card,3
7325,199,2025-03-18,In-Store,Credit Card,2
7326,593,2025-07-10,Online App,Credit Card,1
7327,661,2025-07-05,Website,Tabby (BNPL),5
7328,2222,2025-02-26,In-Store,Cash on Delivery,2
7329,576,2025-08-01,Website,Tabby (BNPL),4
7330,1725,2025-11-03,Online App,Credit Card,3
7331,662,2025-11-10,Online App,Cash on Delivery,2
7332,2589,2025-11-10,In-Store,Tabby (BNPL),1
7333,2825,2024-11-09,Website,Tabby (BNPL),6
7334,1555,2025-08-03,Online App,Tabby (BNPL),1
7335,1079,2024-09-03,Website,Tabby (BNPL),2
7336,722,2025-09-26,In-Store,Apple Pay,1
7337,142,2025-09-12,In-Store,Tabby (BNPL),1
7338,817,2025-11-04,Online App,Credit Card,1
7339,1973,2025-07-16,In-Store,Cash on Delivery,7
7340,1605,2025-07-31,Website,Cash on Delivery,1
7341,2832,2025-12-27,Online App,Cash on Delivery,1
7342,1207,2025-08-11,Online App,Tabby (BNPL),1
7343,2092,2025-10-12,Website,Credit Card,1
7344,1473,2025-09-16,Website,Tabby (BNPL),2
7345,1533,2024-08-21,In-Store,Cash on Delivery,1
7346,814,2025-08-20,Website,Tabby (BNPL),2
7347,1379,2025-10-10,Website,Cash on Delivery,7
7348,1424,2025-10-24,Online App,Credit Card,2
7349,2123,2025-03-03,Online App,Cash on Delivery,2
7350,2821,2025-07-28,Online App,Apple Pay,1
7351,1008,2025-10-23,Online App,Credit Card,2
7352,124,2025-12-30,Website,Apple Pay,7
7353,1493,2025-12-28,In-Store,Credit Card,2
7354,1646,2024-12-22,Website,Credit Card,3
7355,516,2025-05-05,Website,Apple Pay,1
7356,2288,2025-09-05,Online App,Cash on Delivery,1
7357,2957,2025-07-29,Website,Apple Pay,2
7358,2837,2025-09-11,Website,Credit Card,1
7359,602,2025-12-22,In-Store,Credit Card,2
7360,2636,2025-06-07,In-Store,Cash on Delivery,1
7361,2117,2025-12-03,In-Store,Cash on Delivery,7
7362,1377,2025-12-18,Website,Apple Pay,3
7363,1633,2025-11-17,Online App,Tabby (BNPL),2
7364,2553,2025-05-05,Online App,Credit Card,1
7365,1450,2025-10-08,Website,Tabby (BNPL),1
7366,1145,2025-01-24,Website,Cash on Delivery,3
7367,1483,2025-12-28,Website,Credit Card,2
7368,1738,2025-04-09,Online App,Credit Card,6
7369,576,2025-10-13,Online App,Tabby (BNPL),4
7370,2706,2025-08-29,In-Store,Tabby (BNPL),1
7371,2033,2025-12-02,In-Store,Tabby (BNPL),2
7372,1911,2025-12-21,Online App,Cash on Delivery,3
7373,292,2025-09-30,In-Store,Credit Card,1
7374,1818,2025-08-17,Online App,Credit Card,2
7375,350,2025-08-12,Website,Credit Card,2
7376,230,2024-12-28,Website,Cash on Delivery,1
7377,1587,2024-12-02,Online App,Cash on Delivery,5
7378,1224,2024-10-17,Online App,Credit Card,1
7379,1770,2025-06-19,Online App,Tabby (BNPL),1
7380,257,2024-08-28,Website,Tabby (BNPL),1
7381,1307,2025-11-30,In-Store,Credit Card,2
7382,530,2024-10-13,Online App,Apple Pay,1
7383,2962,2025-05-26,Website,Apple Pay,3
7384,1688,2024-11-25,Website,Apple Pay,5
7385,2071,2024-12-07,In-Store,Apple Pay,2
7386,997,2025-04-20,Online App,Tabby (BNPL),1
7387,277,2025-07-16,Online App,Tabby (BNPL),6
7388,2929,2025-05-19,Online App,Credit Card,2
7389,872,2025-11-30,In-Store,Credit Card,3
7390,1281,2025-06-13,Website,Cash on Delivery,1
7391,1961,2025-08-25,In-Store,Tabby (BNPL),6
7392,83,2025-11-05,Website,Credit Card,3
7393,2444,2025-08-01,Online App,Credit Card,7
7394,1614,2025-08-21,Online App,Cash on Delivery,2
7395,843,2025-10-15,Online App,Credit Card,4
7396,176,2025-10-25,In-Store,Tabby (BNPL),2
7397,493,2025-12-25,In-Store,Cash on Delivery,3
7398,2690,2025-05-05,In-Store,Cash on Delivery,2
7399,2068,2025-12-07,Online App,Credit Card,1
7400,768,2025-06-21,Online App,Credit Card,2
7401,190,2024-12-15,Online App,Apple Pay,1
7402,2080,2025-09-01,Online App,Apple Pay,2
7403,1720,2025-11-26,Online App,Cash on Delivery,5
7404,1228,2025-02-10,Online App,Credit Card,7
7405,1112,2025-12-11,Online App,Apple Pay,1
7406,667,2025-10-03,Online App,Apple Pay,1
7407,2018,2025-09-10,Website,Cash on Delivery,2
7408,2917,2025-01-29,In-Store,Cash on Delivery,2
7409,534,2025-05-10,Website,Apple Pay,1
7410,1799,2025-08-28,Online App,Cash on Delivery,4
7411,1281,2025-10-05,Online App,Credit Card,1
7412,1355,2025-12-03,Online App,Tabby (BNPL),1
7413,778,2025-11-20,In-Store,Credit Card,1
7414,2488,2025-03-30,Online App,Tabby (BNPL),6
7415,1460,2025-09-15,Online App,Apple Pay,1
7416,1640,2024-06-13,Website,Apple Pay,2
7417,927,2025-10-03,Website,Apple Pay,2
7418,553,2025-07-28,Online App,Credit Card,1
7419,252,2025-03-12,Online App,Tabby (BNPL),3
7420,2146,2025-02-13,Website,Cash on Delivery,2
7421,600,2025-11-27,Online App,Cash on Delivery,3
7422,2079,2024-12-11,Website,Tabby (BNPL),4
7423,1196,2025-07-24,Website,Apple Pay,6
7424,1255,2025-12-09,Website,Tabby (BNPL),3
7425,1419,2025-10-25,In-Store,Apple Pay,1
7426,1124,2025-01-15,In-Store,Cash on Delivery,1
7427,296,2025-11-13,Website,Tabby (BNPL),2
7428,942,2025-10-12,In-Store,Credit Card,2
7429,2002,2025-04-01,Online App,Apple Pay,4
7430,2009,2025-09-25,Website,Cash on Delivery,1
7431,872,2025-09-04,Website,Tabby (BNPL),3
7432,1398,2025-02-22,Online App,Cash on Delivery,7
7433,592,2025-08-10,Website,Cash on Delivery,1
7434,649,2025-07-10,Website,Apple Pay,2
7435,77,2025-12-24,Website,Apple Pay,3
7436,2694,2025-11-07,Online App,Apple Pay,2
7437,651,2025-09-14,In-Store,Tabby (BNPL),1
7438,700,2025-10-14,In-Store,Credit Card,2
7439,847,2025-07-06,Online App,Tabby (BNPL),6
7440,371,2025-05-27,Online App,Apple Pay,1
7441,1928,2025-01-18,In-Store,Cash on Delivery,1
7442,221,2025-07-25,Online App,Credit Card,1
7443,398,2025-05-20,Website,Apple Pay,6
7444,1943,2025-12-30,In-Store,Credit Card,1
7445,1041,2025-11-12,In-Store,Cash on Delivery,5
7446,2126,2025-03-21,Online App,Cash on Delivery,4
7447,1679,2025-12-30,Website,Credit Card,2
7448,783,2025-07-05,Website,Tabby (BNPL),1
7449,1962,2024-11-15,Online App,Tabby (BNPL),1
7450,339,2025-12-30,Website,Credit Card,4
7451,1614,2025-08-05,In-Store,Tabby (BNPL),2
7452,1328,2025-07-21,Online App,Tabby (BNPL),3
7453,815,2025-08-29,Website,Apple Pay,7
7454,1818,2024-08-20,In-Store,Tabby (BNPL),2
7455,2619,2025-12-26,Online App,Cash on Delivery,1
7456,2999,2025-11-18,Online App,Tabby (BNPL),1
7457,1829,2025-12-14,Website,Tabby (BNPL),1
7458,1228,2025-04-03,Online App,Cash on Delivery,7
7459,692,2025-07-03,Online App,Apple Pay,2
7460,785,2025-12-27,Online App,Credit Card,2
7461,1448,2025-10-19,Online App,Apple Pay,5
7462,1122,2025-07-05,Online App,Tabby (BNPL),4
7463,2741,2025-11-14,Website,Tabby (BNPL),1
7464,1128,2025-11-27,Website,Credit Card,4
7465,1146,2025-04-11,Online App,Cash on Delivery,1
7466,1174,2025-10-28,In-Store,Tabby (BNPL),2
7467,2514,2025-12-04,Website,Tabby (BNPL),5
7468,1962,2025-04-11,Website,Cash on Delivery,1
7469,1848,2025-11-28,Online App,Credit Card,2
7470,1022,2024-06-21,Website,Tabby (BNPL),2
7471,2466,2025-05-03,Website,Cash on Delivery,6
7472,118,2025-11-25,Website,Apple Pay,1
7473,2619,2025-09-03,Website,Credit Card,1
7474,1533,2024-12-07,Website,Tabby (BNPL),1
7475,1213,2025-10-22,Website,Apple Pay,3
7476,1495,2025-08-27,Website,Tabby (BNPL),4
7477,2013,2025-03-13,Online App,Tabby (BNPL),1
7478,36,2025-08-07,Website,Cash on Delivery,5
7479,2621,2025-09-25,Website,Tabby (BNPL),1
7480,1355,2024-11-29,In-Store,Credit Card,1
7481,1051,2025-10-04,In-Store,Credit Card,2
7482,414,2025-07-24,Online App,Apple Pay,1
7483,1335,2025-12-13,In-Store,Apple Pay,1
7484,1493,2025-09-29,Website,Apple Pay,2
7485,1225,2025-10-11,Website,Credit Card,2
7486,2042,2025-11-09,Online App,Apple Pay,2
7487,1272,2025-10-30,Website,Credit Card,1
7488,2891,2025-07-28,Online App,Tabby (BNPL),1
7489,1804,2025-08-12,Website,Cash on Delivery,1
7490,2437,2025-12-09,In-Store,Apple Pay,3
7491,323,2025-11-10,Online App,Tabby (BNPL),2
7492,1209,2025-08-23,Online App,Apple Pay,3
7493,1031,2025-11-20,In-Store,Credit Card,1
7494,1714,2025-10-15,Online App,Apple Pay,6
7495,2588,2025-10-25,Website,Tabby (BNPL),2
7496,229,2025-05-04,Online App,Cash on Delivery,6
7497,213,2025-01-08,Online App,Cash on Delivery,2
7498,2555,2025-04-27,In-Store,Cash on Delivery,2
7499,654,2025-06-02,Online App,Tabby (BNPL),1
7500,2015,2025-08-19,Online App,Cash on Delivery,1
7501,1639,2025-12-25,Online App,Credit Card,1
7502,2510,2025-10-08,Website,Tabby (BNPL),1
7503,362,2025-12-13,Website,Cash on Delivery,1
7504,383,2025-12-27,Online App,Tabby (BNPL),6
7505,1677,2025-10-26,Online App,Tabby (BNPL),6
7506,2838,2025-06-26,Website,Cash on Delivery,6
7507,1254,2024-05-25,Website,Cash on Delivery,1
7508,1000,2025-12-30,Website,Credit Card,1
7509,1828,2025-02-19,Online App,Credit Card,2
7510,2791,2025-07-03,Online App,Tabby (BNPL),3
7511,2516,2024-08-16,In-Store,Credit Card,2
7512,2990,2025-11-24,Online App,Credit Card,3
7513,75,2025-11-26,In-Store,Cash on Delivery,5
7514,329,2024-04-25,Online App,Apple Pay,3
7515,1836,2025-06-04,Website,Apple Pay,1
7516,2474,2025-12-31,Online App,Apple Pay,2
7517,866,2024-12-21,Online App,Apple Pay,1
7518,737,2025-11-08,Website,Cash on Delivery,3
7519,2374,2025-09-13,Online App,Apple Pay,1
7520,161,2025-09-04,Website,Tabby (BNPL),1
7521,1130,2025-02-26,Website,Cash on Delivery,1
7522,1515,2025-11-11,In-Store,Credit Card,1
7523,1685,2025-09-04,Online App,Cash on Delivery,2
7524,2188,2025-11-21,Online App,Cash on Delivery,4
7525,1089,2025-09-16,In-Store,Credit Card,1
7526,1846,2024-09-25,Online App,Apple Pay,1
7527,1759,2025-07-22,Online App,Cash on Delivery,6
7528,1651,2025-12-14,Website,Apple Pay,2
7529,1931,2024-11-04,Website,Cash on Delivery,3
7530,793,2025-11-22,Website,Tabby (BNPL),1
7531,246,2025-12-14,Online App,Apple Pay,7
7532,348,2024-12-25,In-Store,Apple Pay,3
7533,691,2025-09-06,Online App,Apple Pay,2
7534,1504,2025-07-21,Online App,Cash on Delivery,1
7535,2528,2025-02-09,Online App,Apple Pay,1
7536,2112,2025-05-13,Website,Credit Card,2
7537,2379,2025-04-26,Online App,Cash on Delivery,1
7538,1076,2025-03-08,Website,Cash on Delivery,1
7539,1228,2025-05-08,Online App,Tabby (BNPL),7
7540,1203,2025-12-08,Online App,Apple Pay,7
7541,586,2025-12-04,Online App,Credit Card,2
7542,176,2025-12-15,Online App,Credit Card,2
7543,1777,2025-09-08,Website,Credit Card,1
7544,2969,2025-01-25,Website,Apple Pay,2
7545,513,2025-11-05,Online App,Cash on Delivery,7
7546,135,2025-06-13,Online App,Credit Card,4
7547,2354,2024-07-12,Online App,Apple Pay,2
7548,773,2025-07-13,Website,Credit Card,1
7549,2497,2025-07-11,Website,Tabby (BNPL),2
7550,2117,2025-12-31,In-Store,Tabby (BNPL),7
7551,2836,2024-12-10,Online App,Tabby (BNPL),4
7552,1241,2025-12-15,Website,Apple Pay,4
7553,1996,2024-11-19,In-Store,Tabby (BNPL),1
7554,1410,2025-10-31,Online App,Apple Pay,1
7555,1900,2025-07-09,Website,Credit Card,2
7556,1363,2025-07-30,Online App,Apple Pay,1
7557,574,2025-11-12,Website,Credit Card,1
7558,1521,2025-11-09,Website,Apple Pay,1
7559,1590,2025-11-04,Website,Tabby (BNPL),2
7560,2445,2025-03-07,Website,Cash on Delivery,4
7561,2213,2024-10-15,In-Store,Tabby (BNPL),4
7562,2003,2024-11-14,In-Store,Tabby (BNPL),2
7563,329,2025-04-01,In-Store,Credit Card,3
7564,2162,2025-04-30,Online App,Apple Pay,6
7565,1504,2025-06-09,Website,Credit Card,1
7566,2689,2024-06-20,Online App,Credit Card,5
7567,2757,2025-12-15,In-Store,Apple Pay,3
7568,159,2024-08-02,Website,Tabby (BNPL),3
7569,2474,2025-07-20,Website,Credit Card,2
7570,118,2025-12-21,In-Store,Tabby (BNPL),1
7571,1122,2025-01-08,Online App,Credit Card,4
7572,1637,2025-05-20,Website,Cash on Delivery,4
7573,445,2024-03-25,Website,Credit Card,1
7574,2247,2025-12-31,Website,Credit Card,3
7575,25,2025-03-09,Website,Cash on Delivery,6
7576,516,2025-01-02,Website,Tabby (BNPL),1
7577,1745,2025-10-15,Website,Apple Pay,1
7578,2147,2025-10-29,Website,Apple Pay,2
7579,2750,2025-11-23,Website,Apple Pay,1
7580,2121,2025-12-15,Online App,Apple Pay,1
7581,2027,2025-08-06,Online App,Apple Pay,1
7582,1205,2025-10-24,In-Store,Cash on Delivery,4
7583,6,2025-09-12,Online App,Apple Pay,1
7584,350,2025-10-25,In-Store,Tabby (BNPL),2
7585,1609,2025-06-15,Website,Cash on Delivery,1
7586,2036,2025-12-28,Website,Credit Card,5
7587,1262,2025-04-16,Online App,Credit Card,2
7588,2195,2025-10-31,In-Store,Credit Card,5
7589,1568,2025-10-13,Website,Credit Card,6
7590,218,2025-12-29,Online App,Credit Card,1
7591,587,2024-05-15,Online App,Cash on Delivery,3
7592,2527,2025-05-24,Online App,Cash on Delivery,1
7593,2178,2025-10-13,Website,Tabby (BNPL),1
7594,2689,2025-06-27,Website,Cash on Delivery,5
7595,342,2025-10-01,Online App,Cash on Delivery,1
7596,2973,2025-11-11,Online App,Apple Pay,3
7597,644,2025-11-06,Online App,Apple Pay,4
7598,34,2024-06-10,Website,Credit Card,3
7599,2994,2025-12-15,Online App,Cash on Delivery,1
7600,852,2025-08-14,Website,Tabby (BNPL),1
7601,2013,2025-12-20,Online App,Credit Card,1
7602,537,2025-12-31,Website,Cash on Delivery,1
7603,1743,2025-12-27,Online App,Credit Card,3
7604,2713,2024-09-24,In-Store,Cash on Delivery,1
7605,979,2025-07-21,Online App,Cash on Delivery,2
7606,2020,2025-05-14,Online App,Credit Card,1
7607,572,2025-07-24,In-Store,Cash on Delivery,4
7608,1883,2025-11-21,In-Store,Credit Card,1
7609,1030,2024-10-10,In-Store,Credit Card,6
7610,652,2025-10-30,In-Store,Tabby (BNPL),1
7611,954,2025-12-09,Website,Credit Card,1
7612,544,2025-02-01,Online App,Cash on Delivery,2
7613,2710,2025-10-17,Website,Apple Pay,1
7614,1209,2025-02-20,Online App,Tabby (BNPL),3
7615,754,2025-11-21,Website,Cash on Delivery,1
7616,1359,2025-12-10,Online App,Apple Pay,6
7617,980,2025-11-18,Online App,Credit Card,2
7618,2242,2025-05-18,Online App,Credit Card,1
7619,2918,2025-02-09,Online App,Apple Pay,3
7620,1330,2025-09-29,Online App,Tabby (BNPL),1
7621,2587,2024-12-26,In-Store,Credit Card,1
7622,1703,2025-02-27,Online App,Cash on Delivery,1
7623,474,2025-12-02,Online App,Tabby (BNPL),1
7624,2080,2025-07-16,Website,Tabby (BNPL),2
7625,1535,2025-06-25,Online App,Apple Pay,1
7626,1962,2024-05-21,Online App,Tabby (BNPL),1
7627,2675,2025-11-09,In-Store,Apple Pay,2
7628,1337,2025-11-11,In-Store,Apple Pay,2
7629,2707,2025-10-02,In-Store,Apple Pay,1
7630,2257,2025-12-27,Website,Apple Pay,3
7631,1472,2024-12-02,In-Store,Credit Card,2
7632,1816,2025-01-11,Website,Cash on Delivery,2
7633,997,2025-09-22,Website,Apple Pay,1
7634,2953,2025-12-19,Website,Credit Card,1
7635,2013,2025-04-08,Website,Apple Pay,1
7636,127,2025-03-28,Online App,Apple Pay,2
7637,999,2025-11-29,In-Store,Tabby (BNPL),3
7638,1878,2025-10-06,Online App,Cash on Delivery,2
7639,161,2025-11-22,Online App,Cash on Delivery,1
7640,80,2025-08-15,In-Store,Cash on Delivery,5
7641,1365,2025-02-10,Online App,Cash on Delivery,7
7642,1017,2025-06-15,In-Store,Apple Pay,2
7643,1331,2025-08-12,Online App,Apple Pay,3
7644,801,2025-09-07,In-Store,Apple Pay,1
7645,501,2024-10-10,In-Store,Credit Card,4
7646,2076,2024-12-01,Online App,Tabby (BNPL),1
7647,1537,2025-09-10,In-Store,Apple Pay,1
7648,612,2025-12-18,Website,Cash on Delivery,1
7649,978,2025-11-21,Website,Credit Card,1
7650,1779,2025-09-24,Online App,Cash on Delivery,1
7651,212,2025-08-24,In-Store,Apple Pay,2
7652,445,2024-05-31,Online App,Apple Pay,1
7653,214,2025-08-05,Website,Apple Pay,1
7654,2450,2025-12-27,Website,Apple Pay,1
7655,2263,2025-09-14,Online App,Tabby (BNPL),5
7656,2264,2025-09-20,In-Store,Apple Pay,1
7657,2150,2025-11-16,Online App,Tabby (BNPL),2
7658,2017,2025-05-26,Online App,Cash on Delivery,3
7659,1444,2025-09-11,Website,Cash on Delivery,2
7660,1935,2025-09-20,Online App,Apple Pay,2
7661,118,2025-11-22,Website,Cash on Delivery,1
7662,1874,2025-09-25,Website,Apple Pay,1
7663,2347,2025-12-27,In-Store,Credit Card,2
7664,1504,2025-09-12,Online App,Tabby (BNPL),1
7665,1096,2025-09-23,In-Store,Cash on Delivery,3
7666,843,2025-09-14,Online App,Credit Card,4
7667,1935,2025-03-19,Online App,Cash on Delivery,2
7668,2089,2025-08-29,Website,Cash on Delivery,1
7669,2619,2025-11-20,Online App,Credit Card,1
7670,1049,2025-10-07,In-Store,Apple Pay,1
7671,2321,2025-03-31,Online App,Credit Card,3
7672,1689,2025-12-21,Online App,Credit Card,1
7673,2656,2025-02-05,Website,Apple Pay,2
7674,1588,2025-07-01,Website,Tabby (BNPL),1
7675,1550,2025-10-01,Online App,Credit Card,7
7676,1736,2025-10-21,Website,Apple Pay,6
7677,2253,2025-12-10,Online App,Apple Pay,2
7678,2900,2025-06-20,Website,Tabby (BNPL),1
7679,215,2025-03-30,Online App,Cash on Delivery,3
7680,155,2025-12-08,Online App,Credit Card,2
7681,2812,2025-09-15,Online App,Tabby (BNPL),3
7682,1594,2025-06-23,Website,Credit Card,3
7683,1850,2025-12-30,Online App,Tabby (BNPL),2
7684,1456,2025-10-19,Online App,Cash on Delivery,1
7685,273,2025-09-18,Online App,Credit Card,2
7686,2317,2025-05-01,In-Store,Credit Card,7
7687,2250,2025-10-19,Website,Apple Pay,3
7688,950,2024-12-31,Online App,Cash on Delivery,1
7689,931,2025-11-17,In-Store,Apple Pay,6
7690,2520,2025-10-19,In-Store,Credit Card,4
7691,212,2025-12-02,Online App,Credit Card,2
7692,2650,2024-06-04,In-Store,Apple Pay,6
7693,785,2024-12-03,Website,Cash on Delivery,2
7694,1784,2025-07-23,Website,Credit Card,7
7695,2804,2025-02-25,Online App,Cash on Delivery,4
7696,2042,2024-12-06,Online App,Credit Card,2
7697,1253,2025-07-27,Online App,Apple Pay,5
7698,2077,2025-02-14,Online App,Apple Pay,4
7699,1056,2024-04-05,Online App,Credit Card,3
7700,842,2025-12-04,Online App,Apple Pay,3
7701,2992,2024-12-31,Website,Credit Card,1
7702,2257,2025-12-26,Online App,Cash on Delivery,3
7703,1943,2025-12-22,In-Store,Cash on Delivery,1
7704,1091,2025-11-25,In-Store,Cash on Delivery,1
7705,141,2025-10-08,Online App,Apple Pay,4
7706,103,2025-05-30,Website,Apple Pay,2
7707,1668,2025-03-23,Online App,Apple Pay,1
7708,2294,2025-07-22,Website,Apple Pay,1
7709,1617,2025-02-07,Website,Tabby (BNPL),2
7710,2529,2025-01-22,Website,Tabby (BNPL),2
7711,107,2024-11-11,Online App,Cash on Delivery,3
7712,1119,2025-09-19,In-Store,Tabby (BNPL),2
7713,732,2025-04-26,Website,Credit Card,1
7714,1356,2025-07-14,In-Store,Apple Pay,5
7715,212,2025-05-21,Online App,Tabby (BNPL),2
7716,2861,2025-10-20,Online App,Cash on Delivery,1
7717,689,2025-08-20,Website,Cash on Delivery,2
7718,2764,2025-09-19,Website,Credit Card,4
7719,1288,2025-08-12,Online App,Credit Card,1
7720,2958,2025-11-13,Online App,Tabby (BNPL),1
7721,1667,2025-12-13,In-Store,Credit Card,2
7722,2793,2024-05-15,Online App,Apple Pay,2
7723,18,2025-10-21,Website,Cash on Delivery,2
7724,2252,2025-12-15,Online App,Cash on Delivery,1
7725,2711,2025-07-11,In-Store,Cash on Delivery,1
7726,418,2024-03-13,Online App,Cash on Delivery,1
7727,284,2025-11-30,Online App,Tabby (BNPL),1
7728,1281,2025-04-02,Website,Tabby (BNPL),1
7729,2800,2024-07-14,Website,Apple Pay,1
7730,1638,2025-02-20,Website,Credit Card,1
7731,1587,2025-01-31,Online App,Cash on Delivery,5
7732,423,2025-01-05,Website,Cash on Delivery,3
7733,4,2025-06-28,Online App,Cash on Delivery,1
7734,2444,2025-06-28,Online App,Cash on Delivery,7
7735,255,2025-09-02,Online App,Tabby (BNPL),3
7736,1913,2025-02-09,Online App,Apple Pay,3
7737,2742,2025-10-24,Website,Tabby (BNPL),2
7738,641,2025-12-11,Website,Apple Pay,3
7739,2009,2025-12-28,Website,Credit Card,1
7740,230,2025-03-15,Online App,Apple Pay,1
7741,1817,2025-10-06,Online App,Cash on Delivery,1
7742,497,2025-01-12,Website,Credit Card,1
7743,2214,2024-09-25,Website,Cash on Delivery,5
7744,916,2025-12-03,Online App,Credit Card,3
7745,1407,2025-05-18,Online App,Credit Card,1
7746,1804,2025-01-27,In-Store,Cash on Delivery,1
7747,521,2025-11-20,Website,Apple Pay,2
7748,2230,2025-09-05,Website,Cash on Delivery,3
7749,921,2025-06-28,Website,Tabby (BNPL),2
7750,1998,2025-09-30,Online App,Credit Card,5
7751,476,2025-02-03,In-Store,Apple Pay,3
7752,2074,2025-04-12,Online App,Cash on Delivery,2
7753,376,2025-06-08,In-Store,Tabby (BNPL),3
7754,1285,2025-11-01,Website,Credit Card,1
7755,760,2025-08-15,Online App,Tabby (BNPL),3
7756,2252,2025-12-26,Online App,Apple Pay,1
7757,800,2025-11-24,Online App,Cash on Delivery,1
7758,2651,2025-03-26,In-Store,Tabby (BNPL),1
7759,2682,2025-12-30,Online App,Apple Pay,1
7760,601,2025-12-31,Online App,Tabby (BNPL),4
7761,1848,2025-06-01,Website,Cash on Delivery,2
7762,255,2025-09-13,Online App,Credit Card,3
7763,1198,2024-12-20,Online App,Tabby (BNPL),2
7764,2142,2025-11-04,Online App,Credit Card,5
7765,1989,2025-11-16,Online App,Credit Card,1
7766,1882,2025-03-12,Online App,Apple Pay,2
7767,856,2025-01-31,Website,Cash on Delivery,2
7768,1158,2025-06-26,Online App,Tabby (BNPL),3
7769,306,2025-11-17,Online App,Tabby (BNPL),5
7770,2155,2025-10-16,Website,Tabby (BNPL),5
7771,1511,2025-09-18,Online App,Cash on Delivery,5
7772,2129,2024-08-23,In-Store,Tabby (BNPL),1
7773,765,2025-02-09,In-Store,Apple Pay,3
7774,993,2025-02-13,In-Store,Tabby (BNPL),5
7775,1022,2024-11-02,Website,Tabby (BNPL),2
7776,87,2025-09-26,In-Store,Tabby (BNPL),7
7777,1046,2025-10-15,Website,Apple Pay,1
7778,2422,2025-11-30,Online App,Apple Pay,1
7779,2694,2025-11-13,Online App,Apple Pay,2
7780,1554,2025-08-17,Online App,Cash on Delivery,2
7781,1382,2025-04-19,Website,Tabby (BNPL),1
7782,102,2025-11-19,Online App,Credit Card,2
7783,2647,2025-12-31,Online App,Credit Card,1
7784,37,2025-12-30,Online App,Apple Pay,1
7785,2834,2025-12-29,Website,Apple Pay,3
7786,1473,2025-11-22,Online App,Tabby (BNPL),2
7787,1049,2025-09-28,Online App,Apple Pay,1
7788,2770,2025-11-14,Online App,Tabby (BNPL),1
7789,82,2025-06-23,Website,Credit Card,1
7790,1748,2025-10-14,In-Store,Credit Card,3
7791,1656,2025-09-20,Online App,Tabby (BNPL),1
7792,676,2025-10-31,Online App,Cash on Delivery,1
7793,1297,2025-10-24,Online App,Apple Pay,4
7794,1967,2025-12-08,Online App,Apple Pay,1
7795,2185,2025-07-17,Online App,Tabby (BNPL),3
7796,4,2024-11-16,In-Store,Credit Card,1
7797,2809,2025-02-09,Online App,Credit Card,1
7798,500,2025-07-15,Online App,Tabby (BNPL),6
7799,721,2025-07-14,Online App,Tabby (BNPL),1
7800,803,2025-12-07,Online App,Tabby (BNPL),4
7801,118,2025-10-30,In-Store,Cash on Delivery,1
7802,358,2025-08-03,Online App,Apple Pay,2
7803,2960,2024-04-16,Website,Credit Card,1
7804,961,2025-04-23,Online App,Tabby (BNPL),2
7805,337,2025-10-22,In-Store,Tabby (BNPL),1
7806,318,2025-11-16,Online App,Credit Card,1
7807,2157,2025-11-25,Website,Credit Card,2
7808,2568,2025-12-25,Online App,Apple Pay,3
7809,785,2025-08-29,Online App,Tabby (BNPL),2
7810,69,2025-01-02,Website,Cash on Delivery,2
7811,688,2024-07-24,In-Store,Apple Pay,2
7812,162,2024-06-04,Online App,Credit Card,2
7813,306,2025-06-13,Website,Apple Pay,5
7814,1308,2025-07-23,In-Store,Tabby (BNPL),1
7815,709,2025-12-18,In-Store,Cash on Delivery,1
7816,1543,2025-12-02,Online App,Credit Card,4
7817,776,2025-03-05,Website,Apple Pay,1
7818,2821,2025-01-19,Online App,Credit Card,1
7819,2717,2025-12-08,Online App,Cash on Delivery,2
7820,1707,2025-10-04,Online App,Apple Pay,1
7821,1088,2024-11-21,In-Store,Credit Card,5
7822,1168,2025-11-11,Online App,Cash on Delivery,2
7823,1248,2025-09-08,Online App,Credit Card,1
7824,2186,2025-07-08,In-Store,Credit Card,5
7825,1371,2025-07-17,Online App,Tabby (BNPL),5
7826,2574,2025-08-24,Online App,Cash on Delivery,2
7827,2832,2025-12-22,In-Store,Tabby (BNPL),1
7828,1030,2024-08-28,In-Store,Credit Card,6
7829,1686,2025-07-12,In-Store,Credit Card,4
7830,279,2025-12-20,Online App,Apple Pay,6
7831,614,2025-12-27,Website,Apple Pay,1
7832,1250,2025-11-21,In-Store,Credit Card,3
7833,634,2025-08-08,In-Store,Apple Pay,2
7834,2641,2025-06-24,Online App,Credit Card,2
7835,476,2025-12-06,Website,Credit Card,3
7836,1383,2024-07-16,Website,Apple Pay,2
7837,1824,2025-05-04,Online App,Tabby (BNPL),1
7838,2086,2024-05-18,Online App,Cash on Delivery,1
7839,1171,2025-12-30,Online App,Tabby (BNPL),2
7840,2614,2025-09-16,Online App,Cash on Delivery,1
7841,1712,2025-03-27,Online App,Tabby (BNPL),1
7842,1336,2025-09-30,Online App,Cash on Delivery,2
7843,196,2024-05-21,In-Store,Tabby (BNPL),2
7844,1410,2025-07-16,Online App,Apple Pay,1
7845,2474,2025-11-12,In-Store,Credit Card,2
7846,1849,2025-06-01,Website,Tabby (BNPL),3
7847,2508,2025-05-03,Online App,Tabby (BNPL),5
7848,1487,2024-05-16,Website,Apple Pay,2
7849,344,2025-02-15,In-Store,Cash on Delivery,3
7850,40,2025-06-07,In-Store,Credit Card,1
7851,921,2024-07-17,Website,Tabby (BNPL),2
7852,2103,2025-12-29,Online App,Tabby (BNPL),3
7853,2383,2025-04-20,Online App,Credit Card,1
7854,900,2025-08-31,In-Store,Credit Card,3
7855,1492,2025-05-24,Online App,Credit Card,1
7856,1272,2024-06-22,Online App,Credit Card,1
7857,1246,2025-01-19,Online App,Cash on Delivery,1
7858,713,2025-11-09,In-Store,Cash on Delivery,7
7859,408,2025-11-08,Website,Cash on Delivery,1
7860,602,2025-12-26,Online App,Credit Card,2
7861,159,2024-08-11,Online App,Apple Pay,3
7862,604,2025-12-29,Online App,Tabby (BNPL),2
7863,26,2024-11-08,Online App,Cash on Delivery,2
7864,1891,2025-07-25,Website,Cash on Delivery,4
7865,965,2025-11-17,Website,Credit Card,3
7866,2923,2024-12-31,Website,Credit Card,5
7867,593,2024-07-29,In-Store,Credit Card,1
7868,1065,2025-05-05,In-Store,Credit Card,2
7869,1097,2025-07-01,Online App,Apple Pay,1
7870,25,2025-03-03,Online App,Apple Pay,6
7871,2523,2025-02-05,Online App,Apple Pay,2
7872,105,2025-10-24,Website,Credit Card,1
7873,2820,2024-07-20,Online App,Apple Pay,1
7874,2683,2025-11-05,Website,Tabby (BNPL),7
7875,1611,2025-11-26,In-Store,Credit Card,1
7876,1641,2024-05-05,Website,Apple Pay,1
7877,1971,2025-09-02,Online App,Cash on Delivery,3
7878,1187,2025-10-21,Online App,Cash on Delivery,6
7879,1952,2024-10-07,Online App,Tabby (BNPL),1
7880,130,2024-12-22,Website,Credit Card,5
7881,158,2025-12-08,Online App,Tabby (BNPL),2
7882,1389,2025-11-29,Online App,Cash on Delivery,1
7883,1658,2025-04-20,Website,Credit Card,6
7884,2672,2024-12-19,Online App,Tabby (BNPL),1
7885,309,2025-08-26,Online App,Credit Card,5
7886,2479,2025-08-07,Online App,Apple Pay,3
7887,647,2025-07-27,Online App,Credit Card,2
7888,1204,2025-12-28,Online App,Cash on Delivery,1
7889,966,2025-05-02,Online App,Credit Card,2
7890,1217,2025-01-10,Online App,Apple Pay,1
7891,451,2025-11-26,Website,Credit Card,3
7892,1511,2024-10-26,Online App,Cash on Delivery,5
7893,2419,2025-06-08,Online App,Credit Card,1
7894,1342,2025-08-23,Website,Cash on Delivery,1
7895,1475,2025-06-30,Online App,Cash on Delivery,2
7896,2552,2025-09-13,Online App,Tabby (BNPL),1
7897,2123,2025-09-20,In-Store,Tabby (BNPL),2
7898,1475,2025-12-05,Website,Apple Pay,2
7899,787,2024-07-02,In-Store,Apple Pay,3
7900,2665,2025-11-10,Online App,Apple Pay,6
7901,1734,2025-10-16,In-Store,Tabby (BNPL),2
7902,683,2025-08-02,Online App,Tabby (BNPL),1
7903,818,2025-04-05,In-Store,Cash on Delivery,4
7904,2422,2025-12-25,Online App,Credit Card,1
7905,128,2025-10-05,Online App,Tabby (BNPL),2
7906,2978,2024-07-18,Website,Apple Pay,4
7907,384,2024-11-23,Online App,Apple Pay,1
7908,2402,2025-08-31,Online App,Cash on Delivery,1
7909,1205,2025-09-21,In-Store,Credit Card,4
7910,1479,2025-08-10,Website,Credit Card,4
7911,2649,2025-02-25,In-Store,Apple Pay,2
7912,1250,2025-12-20,In-Store,Cash on Delivery,3
7913,1617,2025-08-28,Online App,Tabby (BNPL),2
7914,141,2025-01-05,In-Store,Tabby (BNPL),4
7915,9,2024-11-16,Website,Credit Card,4
7916,752,2025-12-21,Website,Tabby (BNPL),1
7917,2049,2024-12-21,Online App,Apple Pay,1
7918,351,2025-12-21,Website,Tabby (BNPL),2
7919,330,2025-11-27,In-Store,Tabby (BNPL),2
7920,1246,2025-01-15,Online App,Tabby (BNPL),1
7921,1955,2025-03-03,Online App,Apple Pay,6
7922,2139,2025-05-03,Online App,Credit Card,3
7923,544,2025-02-02,Online App,Credit Card,2
7924,230,2025-11-16,Website,Tabby (BNPL),1
7925,2821,2025-11-02,Online App,Cash on Delivery,1
7926,796,2025-12-17,Website,Credit Card,2
7927,2565,2025-04-25,In-Store,Apple Pay,1
7928,2595,2025-05-28,In-Store,Cash on Delivery,1
7929,2332,2025-07-05,In-Store,Apple Pay,2
7930,516,2025-10-10,Online App,Credit Card,1
7931,2478,2024-07-22,Online App,Apple Pay,5
7932,2320,2025-09-14,In-Store,Cash on Delivery,2
7933,1798,2025-11-13,In-Store,Credit Card,1
7934,1033,2024-11-10,In-Store,Cash on Delivery,1
7935,801,2025-05-21,Online App,Tabby (BNPL),1
7936,352,2025-08-11,Online App,Tabby (BNPL),5
7937,1524,2025-07-17,Online App,Apple Pay,1
7938,1759,2025-06-29,In-Store,Tabby (BNPL),6
7939,1101,2025-02-17,Website,Credit Card,1
7940,1441,2025-03-08,Website,Apple Pay,6
7941,1112,2025-11-11,Website,Cash on Delivery,1
7942,1934,2025-09-04,Website,Apple Pay,3
7943,2708,2025-10-15,In-Store,Apple Pay,2
7944,497,2025-10-16,Website,Apple Pay,1
7945,1168,2025-11-22,In-Store,Credit Card,2
7946,422,2025-10-30,Website,Cash on Delivery,2
7947,1884,2025-09-08,Website,Tabby (BNPL),2
7948,2189,2025-12-06,Website,Credit Card,2
7949,2795,2024-11-15,Online App,Tabby (BNPL),1
7950,846,2025-07-03,In-Store,Cash on Delivery,2
7951,2848,2025-12-31,Website,Tabby (BNPL),2
7952,182,2025-09-26,Online App,Credit Card,4
7953,1816,2025-01-13,In-Store,Cash on Delivery,2
7954,164,2025-09-03,Online App,Credit Card,2
7955,2688,2024-05-31,Online App,Tabby (BNPL),5
7956,1593,2025-06-04,In-Store,Cash on Delivery,1
7957,2017,2024-10-19,Website,Credit Card,3
7958,2506,2024-09-14,In-Store,Cash on Delivery,2
7959,450,2025-07-31,In-Store,Credit Card,1
7960,119,2025-10-22,Online App,Tabby (BNPL),1
7961,2646,2025-11-13,Online App,Cash on Delivery,3
7962,960,2025-12-04,Website,Credit Card,7
7963,378,2025-11-08,In-Store,Tabby (BNPL),2
7964,1417,2025-02-07,Online App,Tabby (BNPL),1
7965,1802,2025-11-20,Website,Apple Pay,1
7966,103,2025-03-10,Online App,Credit Card,2
7967,834,2025-09-20,Online App,Credit Card,1
7968,107,2025-02-18,In-Store,Cash on Delivery,3
7969,1270,2025-12-26,Online App,Credit Card,2
7970,2690,2024-06-15,Online App,Apple Pay,2
7971,2950,2025-05-29,Online App,Cash on Delivery,1
7972,1923,2025-09-07,Online App,Apple Pay,1
7973,489,2025-11-08,Online App,Tabby (BNPL),2
7974,2717,2025-08-19,Online App,Cash on Delivery,2
7975,1545,2025-04-30,In-Store,Tabby (BNPL),1
7976,463,2025-03-26,Online App,Cash on Delivery,2
7977,2762,2025-08-16,Website,Credit Card,2
7978,2276,2025-09-06,Website,Apple Pay,4
7979,2199,2025-12-31,Website,Cash on Delivery,2
7980,2129,2025-04-16,In-Store,Cash on Delivery,1
7981,613,2025-02-18,Online App,Apple Pay,1
7982,651,2025-02-11,Online App,Cash on Delivery,1
7983,2075,2024-12-08,Online App,Tabby (BNPL),1
7984,677,2025-06-05,Website,Credit Card,4
7985,1331,2025-09-14,Website,Apple Pay,3
7986,2360,2025-11-25,Online App,Cash on Delivery,2
7987,2365,2025-05-01,Online App,Apple Pay,1
7988,1375,2025-11-02,Website,Tabby (BNPL),2
7989,2388,2025-01-03,Website,Tabby (BNPL),1
7990,2523,2024-02-06,In-Store,Apple Pay,2
7991,1974,2024-12-07,In-Store,Cash on Delivery,2
7992,703,2024-09-16,Online App,Apple Pay,1
7993,831,2025-10-27,Website,Tabby (BNPL),1
7994,960,2025-09-28,In-Store,Apple Pay,7
7995,340,2025-10-12,Online App,Tabby (BNPL),6
7996,826,2025-12-23,Online App,Tabby (BNPL),1
7997,644,2025-09-07,Website,Credit Card,4
7998,1381,2025-12-10,Online App,Cash on Delivery,2
7999,2724,2025-12-17,In-Store,Apple Pay,7
8000,308,2025-02-15,Website,Tabby (BNPL),5
8001,2161,2025-11-16,Website,Cash on Delivery,2
8002,2071,2025-12-19,Online App,Tabby (BNPL),2
8003,283,2025-11-13,Online App,Cash on Delivery,3
8004,2764,2025-11-27,In-Store,Credit Card,4
8005,1712,2025-06-30,Online App,Apple Pay,1
8006,1112,2025-12-29,Online App,Tabby (BNPL),1
8007,2274,2025-09-02,In-Store,Credit Card,2
8008,785,2025-02-02,Website,Cash on Delivery,2
8009,2091,2025-06-02,Website,Tabby (BNPL),2
8010,120,2025-12-28,Online App,Apple Pay,2
8011,2523,2024-06-03,Online App,Credit Card,2
8012,1359,2025-11-16,In-Store,Credit Card,6
8013,1922,2025-01-09,Online App,Credit Card,2
8014,683,2025-06-19,In-Store,Cash on Delivery,1
8015,2039,2025-06-07,Online App,Apple Pay,1
8016,2332,2024-08-26,Online App,Apple Pay,2
8017,1431,2025-04-12,Website,Credit Card,2
8018,1861,2025-08-03,Online App,Tabby (BNPL),2
8019,1386,2025-11-02,Website,Credit Card,1
8020,2689,2025-12-23,Website,Apple Pay,5
8021,1496,2025-08-23,Online App,Apple Pay,3
8022,2530,2025-12-05,Online App,Credit Card,3
8023,2417,2025-09-05,Website,Cash on Delivery,2
8024,1246,2025-04-05,Website,Credit Card,1
8025,710,2025-05-10,Online App,Apple Pay,1
8026,1233,2025-12-10,Website,Tabby (BNPL),2
8027,2491,2025-06-01,In-Store,Tabby (BNPL),3
8028,700,2025-11-12,Website,Credit Card,2
8029,1578,2025-11-22,Website,Tabby (BNPL),7
8030,2432,2025-04-20,Website,Credit Card,1
8031,1083,2025-05-28,Online App,Cash on Delivery,3
8032,1935,2025-01-12,Website,Apple Pay,2
8033,755,2025-10-09,Online App,Tabby (BNPL),3
8034,323,2025-11-17,In-Store,Cash on Delivery,2
8035,2398,2025-07-05,In-Store,Apple Pay,3
8036,291,2024-12-31,Online App,Tabby (BNPL),1
8037,823,2025-09-03,Website,Apple Pay,1
8038,2569,2025-06-07,Website,Apple Pay,1
8039,1065,2025-10-20,Online App,Credit Card,2
8040,2923,2025-12-04,Online App,Credit Card,5
8041,2941,2025-11-26,Website,Credit Card,1
8042,816,2025-12-17,Online App,Apple Pay,1
8043,122,2025-12-06,In-Store,Apple Pay,1
8044,2119,2025-07-26,Website,Tabby (BNPL),2
8045,1369,2025-10-12,In-Store,Apple Pay,2
8046,297,2025-02-01,Online App,Tabby (BNPL),3
8047,2125,2025-12-03,Online App,Apple Pay,1
8048,104,2025-02-10,Website,Cash on Delivery,1
8049,2617,2025-10-24,Online App,Credit Card,2
8050,415,2025-12-22,Online App,Cash on Delivery,3
8051,371,2025-12-27,In-Store,Cash on Delivery,1
8052,533,2025-12-13,Online App,Apple Pay,1
8053,2886,2025-12-18,Online App,Tabby (BNPL),2
8054,2091,2025-07-01,Website,Tabby (BNPL),2
8055,2417,2025-09-14,Online App,Apple Pay,2
8056,1211,2025-04-07,Online App,Cash on Delivery,1
8057,1030,2025-06-16,Website,Tabby (BNPL),6
8058,724,2025-12-23,In-Store,Apple Pay,2
8059,1451,2025-10-11,Online App,Cash on Delivery,2
8060,1661,2025-11-18,In-Store,Cash on Delivery,1
8061,1905,2025-10-06,Online App,Credit Card,2
8062,785,2025-01-09,Online App,Apple Pay,2
8063,2845,2025-10-25,In-Store,Tabby (BNPL),6
8064,519,2025-08-02,Online App,Credit Card,2
8065,2904,2025-02-15,Online App,Tabby (BNPL),6
8066,47,2025-08-11,Online App,Cash on Delivery,6
8067,1452,2024-12-21,Website,Tabby (BNPL),1
8068,1019,2025-06-12,Online App,Credit Card,5
8069,1361,2025-04-13,Online App,Tabby (BNPL),2
8070,1715,2025-03-06,Online App,Tabby (BNPL),3
8071,1320,2025-09-22,Website,Tabby (BNPL),2
8072,1254,2024-06-27,Online App,Credit Card,1
8073,2201,2025-11-08,Online App,Credit Card,4
8074,2068,2024-10-29,Website,Tabby (BNPL),1
8075,2510,2025-05-20,Website,Apple Pay,1
8076,768,2025-10-24,Online App,Apple Pay,2
8077,1836,2025-05-01,Website,Cash on Delivery,1
8078,1759,2025-02-08,In-Store,Apple Pay,6
8079,1131,2025-08-27,In-Store,Tabby (BNPL),1
8080,1464,2024-08-10,In-Store,Credit Card,2
8081,956,2025-11-27,In-Store,Credit Card,2
8082,425,2024-09-21,Website,Tabby (BNPL),3
8083,657,2025-11-07,Website,Credit Card,1
8084,312,2025-07-07,In-Store,Cash on Delivery,4
8085,2060,2025-09-27,Online App,Apple Pay,1
8086,1993,2025-11-15,Website,Tabby (BNPL),1
8087,2848,2025-11-22,Website,Cash on Delivery,2
8088,2189,2025-12-24,Website,Apple Pay,2
8089,150,2025-01-12,Website,Credit Card,2
8090,2663,2025-12-05,Online App,Credit Card,7
8091,2592,2024-05-24,Website,Credit Card,1
8092,1349,2024-10-18,Online App,Cash on Delivery,4
8093,1761,2025-10-22,Online App,Credit Card,2
8094,2929,2025-11-20,Online App,Cash on Delivery,2
8095,1600,2025-12-27,Website,Cash on Delivery,1
8096,2716,2025-08-01,Website,Tabby (BNPL),4
8097,241,2025-12-29,In-Store,Credit Card,3
8098,582,2025-08-19,In-Store,Tabby (BNPL),2
8099,1339,2024-07-23,Online App,Credit Card,2
8100,1757,2024-08-17,Online App,Credit Card,1
8101,2463,2025-07-16,Website,Apple Pay,2
8102,2967,2025-01-22,Online App,Cash on Delivery,2
8103,1192,2025-06-04,Online App,Apple Pay,1
8104,138,2025-11-25,Online App,Apple Pay,2
8105,2417,2025-10-30,Website,Tabby (BNPL),2
8106,1820,2025-11-04,In-Store,Credit Card,1
8107,606,2025-10-21,Online App,Cash on Delivery,1
8108,1488,2025-08-02,Website,Cash on Delivery,1
8109,2234,2025-09-09,Website,Credit Card,2
8110,2325,2025-06-17,Online App,Cash on Delivery,1
8111,1501,2025-08-09,Website,Cash on Delivery,1
8112,928,2025-10-30,Website,Tabby (BNPL),1
8113,2924,2025-12-01,Website,Apple Pay,1
8114,2001,2025-10-07,Online App,Tabby (BNPL),2
8115,1239,2024-10-27,Online App,Credit Card,1
8116,850,2025-01-22,Online App,Cash on Delivery,2
8117,2196,2025-12-17,Online App,Credit Card,2
8118,746,2025-12-12,Website,Cash on Delivery,1
8119,524,2025-09-15,Website,Tabby (BNPL),1
8120,1593,2024-07-12,Online App,Cash on Delivery,1
8121,882,2025-10-14,Online App,Credit Card,3
8122,1895,2025-10-16,Online App,Credit Card,1
8123,343,2025-04-04,Website,Cash on Delivery,2
8124,1974,2025-06-02,Online App,Cash on Delivery,2
8125,860,2025-08-14,Website,Credit Card,1
8126,2,2025-08-27,Website,Tabby (BNPL),2
8127,370,2025-07-09,Online App,Cash on Delivery,1
8128,2800,2025-12-01,Online App,Tabby (BNPL),1
8129,2609,2025-08-07,In-Store,Tabby (BNPL),2
8130,721,2025-10-19,In-Store,Credit Card,1
8131,2349,2025-10-25,Online App,Credit Card,1
8132,1832,2025-10-26,In-Store,Apple Pay,2
8133,2917,2025-12-12,Online App,Apple Pay,2
8134,1147,2025-12-05,Website,Apple Pay,3
8135,2052,2025-06-12,Online App,Tabby (BNPL),5
8136,184,2025-01-09,Online App,Credit Card,2
8137,1207,2025-12-26,Online App,Apple Pay,1
8138,2898,2025-05-06,Website,Tabby (BNPL),1
8139,1624,2025-09-20,Website,Cash on Delivery,2
8140,877,2025-06-08,Website,Credit Card,2
8141,350,2025-01-29,Online App,Credit Card,2
8142,2116,2025-03-04,Online App,Apple Pay,2
8143,1943,2025-06-06,Online App,Credit Card,1
8144,1148,2025-03-02,In-Store,Apple Pay,2
8145,2849,2025-09-16,Website,Cash on Delivery,1
8146,74,2025-12-26,Online App,Credit Card,6
8147,923,2025-02-15,Online App,Cash on Delivery,2
8148,2761,2025-07-26,Website,Credit Card,4
8149,982,2025-12-30,Website,Tabby (BNPL),2
8150,771,2025-10-10,In-Store,Apple Pay,1
8151,1608,2025-08-18,Website,Credit Card,1
8152,2483,2025-10-06,Online App,Credit Card,1
8153,306,2025-03-12,Online App,Credit Card,5
8154,2829,2025-04-13,Online App,Credit Card,2
8155,2398,2025-11-15,Website,Tabby (BNPL),3
8156,552,2025-05-25,In-Store,Cash on Delivery,3
8157,2139,2025-05-05,Website,Apple Pay,3
8158,1179,2024-08-05,Online App,Credit Card,3
8159,1223,2025-12-28,Online App,Cash on Delivery,7
8160,2363,2025-12-06,Online App,Tabby (BNPL),1
8161,2895,2025-09-30,Website,Cash on Delivery,7
8162,369,2024-12-29,Online App,Cash on Delivery,6
8163,1271,2024-12-08,Website,Tabby (BNPL),2
8164,1451,2025-07-03,Website,Apple Pay,2
8165,1153,2025-12-11,Online App,Credit Card,2
8166,1111,2025-08-13,Online App,Credit Card,1
8167,151,2025-12-21,In-Store,Credit Card,7
8168,2067,2025-12-16,Website,Cash on Delivery,3
8169,1323,2025-06-05,Online App,Credit Card,6
8170,597,2025-12-26,Online App,Tabby (BNPL),5
8171,2462,2024-06-19,Online App,Tabby (BNPL),1
8172,2420,2025-10-23,Website,Tabby (BNPL),1
8173,1465,2025-03-12,Online App,Credit Card,2
8174,908,2025-10-29,Online App,Apple Pay,3
8175,1927,2025-11-29,Website,Credit Card,2
8176,878,2025-12-12,Online App,Tabby (BNPL),2
8177,728,2024-06-22,Website,Apple Pay,1
8178,2194,2025-06-21,In-Store,Credit Card,1
8179,120,2025-12-28,In-Store,Credit Card,2
8180,278,2025-09-21,Online App,Tabby (BNPL),2
8181,22,2025-09-30,In-Store,Tabby (BNPL),2
8182,461,2025-12-30,In-Store,Credit Card,1
8183,202,2025-02-02,Website,Tabby (BNPL),4
8184,2991,2025-04-17,Online App,Apple Pay,1
8185,880,2024-06-09,In-Store,Credit Card,4
8186,448,2025-12-24,Online App,Apple Pay,2
8187,743,2025-12-05,Online App,Cash on Delivery,1
8188,2805,2025-08-01,Online App,Cash on Delivery,1
8189,1560,2025-11-08,Online App,Tabby (BNPL),1
8190,1115,2025-11-15,In-Store,Cash on Delivery,1
8191,2629,2025-04-14,In-Store,Tabby (BNPL),3
8192,1205,2025-11-26,In-Store,Credit Card,4
8193,1026,2024-08-03,In-Store,Cash on Delivery,1
8194,638,2025-11-02,Website,Tabby (BNPL),1
8195,1157,2025-11-04,Online App,Apple Pay,5
8196,966,2025-10-23,Online App,Cash on Delivery,2
8197,2040,2025-12-23,Online App,Credit Card,1
8198,881,2024-05-20,Online App,Cash on Delivery,3
8199,1735,2025-11-20,Online App,Cash on Delivery,1
8200,190,2025-04-07,Online App,Tabby (BNPL),1
8201,583,2025-10-23,Website,Credit Card,1
8202,1236,2025-07-06,Online App,Tabby (BNPL),1
8203,2809,2025-07-15,Online App,Tabby (BNPL),1
8204,1157,2025-11-19,Online App,Apple Pay,5
8205,2004,2025-12-25,Website,Credit Card,1
8206,781,2025-08-09,In-Store,Credit Card,1
8207,371,2025-07-05,In-Store,Cash on Delivery,1
8208,169,2025-04-28,Website,Cash on Delivery,1
8209,929,2025-06-13,In-Store,Credit Card,3
8210,474,2025-10-01,Website,Credit Card,1
8211,528,2024-03-11,Online App,Tabby (BNPL),2
8212,2289,2024-11-01,Online App,Credit Card,2
8213,50,2025-11-12,Online App,Apple Pay,1
8214,1680,2025-09-10,In-Store,Tabby (BNPL),1
8215,1162,2025-12-04,Online App,Credit Card,3
8216,1516,2024-02-24,Online App,Credit Card,7
8217,1693,2025-07-11,In-Store,Credit Card,2
8218,955,2025-10-22,Online App,Credit Card,4
8219,897,2024-09-30,In-Store,Tabby (BNPL),1
8220,2203,2025-11-17,In-Store,Tabby (BNPL),1
8221,2619,2025-04-25,Online App,Tabby (BNPL),1
8222,589,2025-01-09,Online App,Credit Card,6
8223,286,2025-01-14,Online App,Credit Card,1
8224,2695,2025-06-13,In-Store,Tabby (BNPL),2
8225,1075,2025-02-28,In-Store,Apple Pay,1
8226,1661,2025-08-28,In-Store,Apple Pay,1
8227,1101,2025-09-20,Online App,Tabby (BNPL),1
8228,366,2025-12-15,Online App,Tabby (BNPL),2
8229,1771,2025-03-09,Online App,Tabby (BNPL),2
8230,1582,2025-05-04,Website,Apple Pay,1
8231,622,2025-10-29,In-Store,Tabby (BNPL),2
8232,1372,2025-09-15,Website,Credit Card,7
8233,2405,2025-09-17,Online App,Credit Card,1
8234,1775,2025-12-26,Website,Tabby (BNPL),1
8235,286,2024-09-10,Online App,Apple Pay,1
8236,1653,2025-04-24,Online App,Cash on Delivery,1
8237,2115,2025-10-01,Online App,Cash on Delivery,3
8238,2389,2025-11-15,Online App,Apple Pay,1
8239,1896,2024-12-13,In-Store,Tabby (BNPL),2
8240,461,2025-10-18,Online App,Cash on Delivery,1
8241,2133,2025-09-06,In-Store,Tabby (BNPL),3
8242,2040,2025-12-23,Online App,Cash on Delivery,1
8243,82,2025-12-31,Online App,Credit Card,1
8244,1248,2025-08-12,Website,Apple Pay,1
8245,1018,2025-11-09,In-Store,Credit Card,1
8246,2017,2024-12-10,In-Store,Apple Pay,3
8247,666,2025-12-22,Online App,Apple Pay,1
8248,1777,2025-12-13,In-Store,Credit Card,1
8249,2739,2025-12-29,Online App,Credit Card,2
8250,2408,2025-11-08,Website,Cash on Delivery,1
8251,2761,2025-07-19,Online App,Credit Card,4
8252,2936,2025-11-12,Website,Credit Card,1
8253,31,2025-12-20,Online App,Credit Card,4
8254,1878,2025-12-10,Website,Credit Card,2
8255,1250,2025-05-05,In-Store,Credit Card,3
8256,2584,2025-12-09,In-Store,Cash on Delivery,2
8257,770,2024-11-15,Online App,Credit Card,2
8258,2947,2025-06-13,In-Store,Cash on Delivery,1
8259,1848,2025-05-14,Online App,Credit Card,2
8260,2394,2025-10-01,Online App,Credit Card,7
8261,251,2025-11-08,Online App,Cash on Delivery,6
8262,562,2025-10-23,Website,Tabby (BNPL),1
8263,2280,2025-10-01,Website,Apple Pay,1
8264,73,2025-03-22,Online App,Apple Pay,1
8265,2465,2025-04-19,In-Store,Apple Pay,6
8266,42,2025-09-29,Online App,Apple Pay,2
8267,1982,2025-08-19,Website,Credit Card,2
8268,1116,2025-11-29,In-Store,Apple Pay,1
8269,1843,2025-11-22,Online App,Apple Pay,2
8270,2098,2025-08-18,Online App,Apple Pay,2
8271,1049,2025-09-04,Website,Cash on Delivery,1
8272,320,2025-01-12,In-Store,Credit Card,5
8273,203,2025-12-23,Online App,Apple Pay,2
8274,1771,2025-07-01,Online App,Apple Pay,2
8275,1563,2025-09-05,Website,Credit Card,2
8276,2233,2025-12-26,Website,Apple Pay,1
8277,1524,2025-10-06,Website,Credit Card,1
8278,1277,2025-05-03,Website,Apple Pay,1
8279,1213,2025-06-29,Website,Credit Card,3
8280,90,2025-08-04,Online App,Tabby (BNPL),1
8281,1028,2025-01-29,In-Store,Credit Card,2
8282,2929,2025-04-09,Online App,Cash on Delivery,2
8283,2630,2025-12-02,Online App,Credit Card,5
8284,1008,2024-09-09,Website,Cash on Delivery,2
8285,1769,2024-08-28,Online App,Tabby (BNPL),1
8286,2548,2025-04-27,Online App,Apple Pay,1
8287,1342,2025-01-09,Online App,Tabby (BNPL),1
8288,56,2025-05-17,Online App,Apple Pay,1
8289,219,2025-08-24,Online App,Apple Pay,2
8290,1526,2024-08-12,Website,Credit Card,7
8291,2913,2024-11-23,Online App,Tabby (BNPL),2
8292,2091,2025-12-14,Online App,Apple Pay,2
8293,207,2025-11-14,Online App,Tabby (BNPL),1
8294,576,2025-05-02,In-Store,Credit Card,4
8295,2330,2024-06-21,Website,Apple Pay,4
8296,2530,2025-10-29,Online App,Credit Card,3
8297,1861,2025-09-20,In-Store,Credit Card,2
8298,1943,2025-08-12,Online App,Apple Pay,1
8299,95,2024-11-29,Online App,Cash on Delivery,3
8300,2495,2025-11-29,In-Store,Credit Card,1
8301,2377,2025-09-20,Online App,Cash on Delivery,2
8302,791,2025-04-16,Online App,Apple Pay,1
8303,2128,2024-08-20,Online App,Tabby (BNPL),1
8304,662,2025-11-20,In-Store,Cash on Delivery,2
8305,121,2025-09-01,Website,Cash on Delivery,2
8306,616,2025-06-24,Online App,Cash on Delivery,1
8307,544,2024-12-22,Online App,Cash on Delivery,2
8308,1034,2025-12-11,Online App,Credit Card,1
8309,1266,2025-03-10,In-Store,Tabby (BNPL),1
8310,1523,2025-09-26,Online App,Credit Card,1
8311,1444,2025-01-03,Website,Credit Card,2
8312,822,2025-09-13,Online App,Apple Pay,1
8313,96,2025-12-09,Online App,Cash on Delivery,2
8314,1822,2025-12-27,Website,Tabby (BNPL),2
8315,1207,2025-12-17,In-Store,Tabby (BNPL),1
8316,908,2025-04-14,Website,Credit Card,3
8317,2607,2025-08-09,Online App,Cash on Delivery,1
8318,2248,2024-09-20,Online App,Apple Pay,2
8319,2575,2025-02-26,Website,Apple Pay,1
8320,1489,2025-12-31,Website,Cash on Delivery,3
8321,385,2025-12-30,In-Store,Cash on Delivery,6
8322,2099,2025-08-03,Online App,Apple Pay,1
8323,634,2025-12-23,In-Store,Cash on Delivery,2
8324,1342,2025-10-20,In-Store,Apple Pay,1
8325,188,2025-10-31,Online App,Cash on Delivery,3
8326,2489,2025-06-14,In-Store,Tabby (BNPL),1
8327,367,2025-11-12,Online App,Cash on Delivery,3
8328,2711,2025-10-31,Website,Tabby (BNPL),1
8329,2598,2025-12-27,In-Store,Cash on Delivery,4
8330,1410,2025-12-23,Online App,Cash on Delivery,1
8331,2242,2025-12-16,Online App,Cash on Delivery,1
8332,1866,2025-10-22,Website,Apple Pay,5
8333,2422,2025-10-02,Online App,Tabby (BNPL),1
8334,1309,2025-11-07,In-Store,Credit Card,3
8335,2371,2025-11-14,Website,Credit Card,3
8336,1405,2025-11-30,In-Store,Apple Pay,1
8337,2822,2025-01-13,Website,Credit Card,2
8338,1465,2025-01-15,Website,Cash on Delivery,2
8339,1405,2025-09-23,In-Store,Cash on Delivery,1
8340,2368,2025-01-09,Online App,Apple Pay,3
8341,2477,2025-11-02,Website,Credit Card,2
8342,1669,2024-10-15,Online App,Cash on Delivery,1
8343,546,2024-06-21,In-Store,Tabby (BNPL),1
8344,1416,2025-11-27,Online App,Credit Card,1
8345,2910,2025-10-16,Online App,Credit Card,1
8346,2264,2025-07-14,Website,Apple Pay,1
8347,2447,2025-10-08,Website,Credit Card,1
8348,107,2025-09-04,Online App,Credit Card,3
8349,1417,2024-07-12,In-Store,Credit Card,1
8350,1950,2025-08-26,Online App,Tabby (BNPL),1
8351,2499,2024-08-16,Online App,Credit Card,3
8352,141,2025-02-13,In-Store,Tabby (BNPL),4
8353,2564,2025-06-26,Online App,Apple Pay,2
8354,1653,2025-03-31,In-Store,Cash on Delivery,1
8355,602,2025-12-22,Online App,Credit Card,2
8356,967,2025-12-27,Online App,Cash on Delivery,3
8357,855,2025-09-13,Online App,Cash on Delivery,5
8358,1596,2025-05-23,In-Store,Credit Card,5
8359,148,2025-10-23,Website,Cash on Delivery,1
8360,478,2024-07-15,Online App,Cash on Delivery,1
8361,2451,2025-07-10,Website,Apple Pay,2
8362,391,2025-08-02,Website,Cash on Delivery,1
8363,720,2025-09-03,Online App,Cash on Delivery,6
8364,1376,2025-02-26,Online App,Apple Pay,5
8365,1548,2025-04-28,Website,Cash on Delivery,1
8366,2298,2025-10-01,Online App,Cash on Delivery,2
8367,1356,2025-11-12,In-Store,Tabby (BNPL),5
8368,2381,2025-11-11,In-Store,Cash on Delivery,1
8369,1862,2025-11-19,In-Store,Apple Pay,1
8370,329,2024-10-14,In-Store,Apple Pay,3
8371,471,2025-09-14,Website,Apple Pay,1
8372,1328,2025-04-08,Online App,Tabby (BNPL),3
8373,1209,2024-11-24,In-Store,Cash on Delivery,3
8374,2239,2024-05-12,Online App,Tabby (BNPL),1
8375,1745,2025-05-08,Online App,Tabby (BNPL),1
8376,1189,2025-10-31,In-Store,Apple Pay,1
8377,520,2025-07-11,Online App,Apple Pay,1
8378,697,2025-11-17,Website,Cash on Delivery,5
8379,1730,2025-09-03,Website,Credit Card,3
8380,1279,2025-03-20,Website,Credit Card,1
8381,1537,2025-11-19,Website,Cash on Delivery,1
8382,520,2025-04-28,In-Store,Apple Pay,1
8383,2000,2025-11-22,Online App,Credit Card,3
8384,2564,2025-07-06,Online App,Apple Pay,2
8385,788,2025-02-23,Online App,Tabby (BNPL),4
8386,1479,2025-08-17,In-Store,Apple Pay,4
8387,2929,2024-07-16,Website,Cash on Delivery,2
8388,1019,2025-11-30,Website,Credit Card,5
8389,1794,2025-10-23,Website,Tabby (BNPL),1
8390,260,2024-11-23,Online App,Credit Card,1
8391,1825,2025-06-16,Website,Apple Pay,1
8392,258,2025-12-02,In-Store,Cash on Delivery,7
8393,2881,2025-04-24,Online App,Tabby (BNPL),6
8394,2149,2025-06-14,Website,Credit Card,2
8395,2377,2025-08-13,Online App,Tabby (BNPL),2
8396,2117,2025-08-22,In-Store,Apple Pay,7
8397,1771,2025-10-02,Online App,Apple Pay,2
8398,1365,2025-09-28,Online App,Tabby (BNPL),7
8399,2576,2025-12-26,Online App,Tabby (BNPL),1
8400,2873,2025-12-05,In-Store,Tabby (BNPL),1
8401,1498,2025-12-06,Website,Cash on Delivery,1
8402,2793,2024-06-13,Website,Cash on Delivery,2
8403,1753,2025-12-26,Online App,Apple Pay,1
8404,1621,2025-08-27,Website,Cash on Delivery,4
8405,1379,2025-11-12,Online App,Apple Pay,7
8406,643,2025-12-27,Online App,Credit Card,1
8407,13,2025-11-12,In-Store,Cash on Delivery,4
8408,743,2025-11-20,In-Store,Tabby (BNPL),1
8409,1524,2025-08-05,Website,Apple Pay,1
8410,1163,2025-02-26,Online App,Apple Pay,2
8411,1359,2025-12-21,Online App,Tabby (BNPL),6
8412,2945,2025-11-13,Online App,Apple Pay,6
8413,1076,2025-10-05,Website,Apple Pay,1
8414,1372,2025-06-07,Website,Credit Card,7
8415,394,2025-11-27,Online App,Tabby (BNPL),4
8416,140,2025-03-14,Online App,Credit Card,2
8417,2342,2025-06-05,In-Store,Apple Pay,1
8418,1715,2025-10-31,Online App,Apple Pay,3
8419,2289,2025-11-19,Website,Cash on Delivery,2
8420,449,2025-11-29,Online App,Tabby (BNPL),1
8421,1717,2025-12-25,Online App,Cash on Delivery,1
8422,776,2025-05-08,Website,Credit Card,1
8423,701,2025-09-30,Online App,Credit Card,4
8424,34,2025-06-28,Website,Apple Pay,3
8425,384,2025-09-13,Website,Credit Card,1
8426,940,2025-04-27,Website,Cash on Delivery,1
8427,341,2025-02-17,In-Store,Apple Pay,5
8428,2960,2024-04-07,Website,Tabby (BNPL),1
8429,938,2025-09-09,Website,Cash on Delivery,2
8430,384,2024-08-19,In-Store,Apple Pay,1
8431,608,2025-10-29,Online App,Apple Pay,3
8432,1768,2024-11-21,In-Store,Tabby (BNPL),1
8433,185,2025-11-23,In-Store,Credit Card,2
8434,2592,2024-11-05,Website,Apple Pay,1
8435,2891,2025-03-10,Website,Tabby (BNPL),1
8436,759,2025-12-03,In-Store,Tabby (BNPL),1
8437,1366,2025-11-03,Online App,Tabby (BNPL),1
8438,74,2025-12-11,Online App,Apple Pay,6
8439,1932,2025-02-18,Website,Apple Pay,1
8440,1251,2024-05-02,Website,Cash on Delivery,4
8441,821,2025-06-10,Online App,Cash on Delivery,3
8442,637,2025-12-18,In-Store,Cash on Delivery,4
8443,1972,2025-12-13,Online App,Apple Pay,5
8444,1257,2025-08-21,Online App,Tabby (BNPL),1
8445,546,2025-03-29,Website,Cash on Delivery,1
8446,2075,2025-09-13,Website,Tabby (BNPL),1
8447,1701,2025-06-30,Online App,Cash on Delivery,4
8448,2578,2025-11-24,Online App,Apple Pay,2
8449,342,2025-11-06,Website,Apple Pay,1
8450,2370,2025-06-15,Online App,Cash on Delivery,2
8451,2032,2024-05-29,In-Store,Tabby (BNPL),3
8452,336,2025-09-04,Online App,Apple Pay,1
8453,2095,2025-07-08,Online App,Credit Card,5
8454,1342,2025-02-02,Website,Apple Pay,1
8455,2835,2025-11-10,Online App,Tabby (BNPL),2
8456,424,2025-01-04,In-Store,Credit Card,1
8457,1936,2025-11-05,Website,Apple Pay,1
8458,1168,2025-12-20,Online App,Credit Card,2
8459,2873,2025-10-20,Website,Cash on Delivery,1
8460,1011,2025-01-05,Website,Credit Card,1
8461,2892,2025-11-13,Online App,Tabby (BNPL),6
8462,2709,2025-08-23,Online App,Cash on Delivery,1
8463,822,2025-12-02,Online App,Cash on Delivery,1
8464,2423,2025-12-30,Online App,Credit Card,2
8465,2991,2025-02-10,Online App,Apple Pay,1
8466,773,2024-04-04,Website,Apple Pay,1
8467,1326,2025-08-01,Online App,Apple Pay,2
8468,1560,2025-10-15,Online App,Credit Card,1
8469,896,2025-12-05,Online App,Tabby (BNPL),2
8470,47,2025-10-09,Online App,Tabby (BNPL),6
8471,678,2025-12-31,Online App,Tabby (BNPL),1
8472,855,2025-07-29,Website,Tabby (BNPL),5
8473,1349,2024-09-20,Online App,Apple Pay,4
8474,521,2024-11-19,Online App,Apple Pay,2
8475,2628,2025-05-26,Online App,Credit Card,2
8476,2118,2025-05-05,Website,Tabby (BNPL),3
8477,249,2025-12-07,Online App,Credit Card,1
8478,1962,2025-11-08,Website,Tabby (BNPL),1
8479,1970,2024-09-16,In-Store,Credit Card,1
8480,2870,2025-11-03,Online App,Apple Pay,3
8481,11,2025-12-18,Online App,Credit Card,2
8482,762,2025-04-03,Website,Cash on Delivery,4
8483,2782,2025-10-06,Website,Tabby (BNPL),2
8484,2795,2024-04-25,Website,Tabby (BNPL),1
8485,2162,2025-06-03,Online App,Tabby (BNPL),6
8486,2306,2025-10-21,Website,Credit Card,6
8487,264,2025-11-20,Online App,Cash on Delivery,1
8488,1536,2025-01-23,Website,Apple Pay,1
8489,713,2025-10-23,Online App,Apple Pay,7
8490,552,2025-04-10,In-Store,Credit Card,3
8491,2444,2025-02-14,Website,Credit Card,7
8492,402,2025-09-01,Online App,Apple Pay,2
8493,1417,2025-10-17,Website,Cash on Delivery,1
8494,2814,2025-06-30,In-Store,Credit Card,2
8495,568,2025-09-11,Online App,Tabby (BNPL),1
8496,2935,2025-10-19,In-Store,Cash on Delivery,2
8497,2985,2024-12-15,In-Store,Apple Pay,2
8498,1674,2025-08-29,Online App,Cash on Delivery,1
8499,519,2025-07-23,Online App,Cash on Delivery,2
8500,964,2025-09-01,Online App,Cash on Delivery,7
8501,1281,2025-04-20,Website,Apple Pay,1
8502,940,2024-06-04,In-Store,Credit Card,1
8503,851,2024-11-11,Online App,Apple Pay,3
8504,2920,2025-09-17,In-Store,Tabby (BNPL),1
8505,461,2025-11-09,Online App,Tabby (BNPL),1
8506,2203,2025-09-17,Website,Apple Pay,1
8507,3,2024-10-20,Website,Apple Pay,1
8508,1796,2025-08-29,Website,Credit Card,1
8509,2748,2025-08-10,Online App,Credit Card,1
8510,878,2025-09-30,In-Store,Tabby (BNPL),2
8511,568,2025-07-31,Online App,Apple Pay,1
8512,1965,2025-08-16,Online App,Credit Card,2
8513,2140,2025-12-13,Website,Cash on Delivery,2
8514,2074,2024-12-19,Online App,Credit Card,2
8515,976,2025-08-22,In-Store,Credit Card,2
8516,771,2025-08-14,Online App,Cash on Delivery,1
8517,2869,2025-06-23,Online App,Credit Card,3
8518,2767,2025-10-12,Website,Credit Card,4
8519,1389,2025-10-04,Online App,Apple Pay,1
8520,2543,2025-09-13,Online App,Cash on Delivery,4
8521,1373,2025-07-09,In-Store,Cash on Delivery,1
8522,1281,2025-11-02,In-Store,Tabby (BNPL),1
8523,472,2024-10-16,Online App,Cash on Delivery,1
8524,1290,2025-12-15,Online App,Tabby (BNPL),5
8525,1617,2025-03-03,Online App,Credit Card,2
8526,75,2025-09-27,Online App,Apple Pay,5
8527,1350,2025-10-08,Website,Cash on Delivery,1
8528,2360,2025-04-07,Website,Credit Card,2
8529,2048,2025-12-28,Online App,Tabby (BNPL),7
8530,1919,2025-09-08,Online App,Cash on Delivery,1
8531,2728,2024-07-17,Online App,Credit Card,2
8532,57,2025-04-07,In-Store,Tabby (BNPL),1
8533,1678,2025-12-12,Online App,Tabby (BNPL),2
8534,2376,2025-11-30,Website,Cash on Delivery,6
8535,1635,2025-09-09,In-Store,Credit Card,3
8536,991,2024-11-16,Website,Credit Card,2
8537,407,2025-12-02,Online App,Tabby (BNPL),1
8538,2671,2025-11-24,Online App,Tabby (BNPL),2
8539,1424,2025-03-27,Website,Apple Pay,2
8540,2644,2025-10-23,Online App,Tabby (BNPL),5
8541,1761,2025-09-20,Online App,Apple Pay,2
8542,2033,2025-11-03,In-Store,Apple Pay,2
8543,2424,2024-10-31,Website,Tabby (BNPL),5
8544,1989,2025-06-30,Online App,Tabby (BNPL),1
8545,1213,2025-10-26,In-Store,Apple Pay,3
8546,1536,2025-07-21,Website,Credit Card,1
8547,2422,2025-12-22,In-Store,Apple Pay,1
8548,1147,2025-06-27,Online App,Credit Card,3
8549,1189,2025-10-30,Website,Cash on Delivery,1
8550,283,2025-12-03,Online App,Cash on Delivery,3
8551,2742,2025-12-16,Online App,Cash on Delivery,2
8552,262,2025-10-06,Online App,Cash on Delivery,1
8553,1956,2025-09-12,Online App,Apple Pay,4
8554,1250,2024-07-07,Online App,Cash on Delivery,3
8555,1231,2024-08-29,Online App,Apple Pay,1
8556,2045,2024-07-07,Online App,Cash on Delivery,1
8557,195,2025-11-26,In-Store,Apple Pay,3
8558,1786,2025-12-25,Online App,Apple Pay,2
8559,2332,2024-07-02,Website,Cash on Delivery,2
8560,2495,2024-10-22,Online App,Cash on Delivery,1
8561,519,2025-10-20,Website,Cash on Delivery,2
8562,2695,2025-10-27,Website,Apple Pay,2
8563,1979,2025-12-19,Website,Credit Card,3
8564,2652,2025-09-29,Online App,Credit Card,1
8565,1460,2025-07-09,In-Store,Apple Pay,1
8566,1637,2025-03-20,Online App,Cash on Delivery,4
8567,2755,2024-10-18,Online App,Apple Pay,2
8568,2701,2025-09-20,Website,Tabby (BNPL),1
8569,1359,2025-12-23,Online App,Apple Pay,6
8570,832,2025-07-23,Website,Apple Pay,6
8571,1201,2025-12-15,Online App,Credit Card,1
8572,1188,2025-06-16,Website,Apple Pay,6
8573,873,2025-12-29,In-Store,Cash on Delivery,2
8574,817,2025-12-19,Website,Credit Card,1
8575,2587,2025-01-13,Website,Cash on Delivery,1
8576,204,2025-08-01,Website,Tabby (BNPL),3
8577,2041,2025-11-07,Online App,Apple Pay,3
8578,526,2025-05-14,Website,Apple Pay,1
8579,1059,2025-06-24,In-Store,Cash on Delivery,1
8580,176,2025-10-07,In-Store,Credit Card,2
8581,821,2024-04-03,Online App,Cash on Delivery,3
8582,2317,2025-06-18,Website,Apple Pay,7
8583,2665,2025-11-22,In-Store,Cash on Delivery,6
8584,684,2025-10-27,Website,Cash on Delivery,2
8585,1407,2025-06-16,In-Store,Tabby (BNPL),1
8586,1423,2025-08-05,Online App,Cash on Delivery,1
8587,2630,2025-12-02,Online App,Tabby (BNPL),5
8588,2296,2025-12-30,Website,Tabby (BNPL),3
8589,1535,2025-07-15,Online App,Cash on Delivery,1
8590,2023,2025-12-20,Online App,Credit Card,1
8591,2548,2025-07-25,Online App,Apple Pay,1
8592,28,2025-01-18,In-Store,Credit Card,1
8593,1224,2025-11-23,Online App,Tabby (BNPL),1
8594,2720,2025-10-13,Online App,Apple Pay,5
8595,2226,2025-10-31,Online App,Apple Pay,1
8596,1639,2025-11-24,Online App,Cash on Delivery,1
8597,1592,2025-11-27,In-Store,Apple Pay,1
8598,1068,2025-10-19,Website,Credit Card,2
8599,1562,2025-09-17,Online App,Cash on Delivery,7
8600,1976,2025-08-06,Website,Credit Card,2
8601,1266,2024-12-22,In-Store,Credit Card,1
8602,2146,2025-12-21,Online App,Apple Pay,2
8603,2588,2025-12-04,Website,Tabby (BNPL),2
8604,466,2025-02-15,In-Store,Credit Card,1
8605,1370,2025-11-21,Website,Tabby (BNPL),7
8606,1238,2025-07-21,Online App,Tabby (BNPL),1
8607,2071,2024-11-14,Online App,Apple Pay,2
8608,768,2025-11-04,Online App,Cash on Delivery,2
8609,1930,2025-11-27,In-Store,Cash on Delivery,6
8610,2644,2025-10-12,Online App,Credit Card,5
8611,1266,2025-03-20,Website,Apple Pay,1
8612,2731,2024-07-31,In-Store,Apple Pay,2
8613,2979,2025-12-10,Online App,Credit Card,2
8614,313,2025-12-18,Online App,Apple Pay,2
8615,718,2024-10-06,In-Store,Credit Card,1
8616,2848,2025-12-06,Online App,Credit Card,2
8617,2878,2025-04-21,In-Store,Tabby (BNPL),7
8618,286,2025-09-14,Online App,Tabby (BNPL),1
8619,47,2024-10-28,Online App,Credit Card,6
8620,487,2025-10-24,In-Store,Credit Card,6
8621,2991,2025-07-18,Online App,Credit Card,1
8622,548,2025-06-08,Online App,Apple Pay,2
8623,1507,2025-05-15,In-Store,Credit Card,2
8624,2551,2025-10-22,Online App,Credit Card,1
8625,67,2025-06-19,Online App,Credit Card,2
8626,1820,2025-08-05,In-Store,Cash on Delivery,1
8627,841,2025-11-26,Website,Tabby (BNPL),2
8628,2591,2025-11-15,In-Store,Tabby (BNPL),1
8629,861,2024-11-17,Online App,Tabby (BNPL),5
8630,2069,2024-10-31,Website,Apple Pay,2
8631,2033,2025-12-29,In-Store,Credit Card,2
8632,684,2025-09-03,In-Store,Cash on Delivery,2
8633,110,2025-11-29,Online App,Cash on Delivery,1
8634,1242,2025-11-09,Website,Apple Pay,2
8635,880,2025-11-23,Online App,Credit Card,4
8636,2439,2025-08-05,Online App,Cash on Delivery,2
8637,2415,2025-12-15,Online App,Cash on Delivery,2
8638,1388,2025-12-31,Website,Apple Pay,1
8639,1828,2025-08-29,Online App,Cash on Delivery,2
8640,1819,2025-08-18,Website,Apple Pay,3
8641,2492,2025-11-05,Website,Credit Card,6
8642,1283,2024-06-18,Website,Apple Pay,2
8643,837,2025-11-13,Website,Tabby (BNPL),2
8644,806,2024-08-22,Website,Tabby (BNPL),1
8645,1613,2025-01-12,Online App,Tabby (BNPL),4
8646,1361,2025-01-29,In-Store,Apple Pay,2
8647,1337,2025-12-05,Website,Apple Pay,2
8648,263,2025-12-24,In-Store,Apple Pay,1
8649,2155,2025-12-09,In-Store,Credit Card,5
8650,657,2025-11-21,Website,Credit Card,1
8651,602,2025-12-14,Website,Apple Pay,2
8652,1250,2025-06-01,In-Store,Apple Pay,3
8653,701,2025-07-12,In-Store,Cash on Delivery,4
8654,1755,2025-10-23,Website,Credit Card,1
8655,1137,2025-12-29,Website,Apple Pay,2
8656,1360,2024-11-30,Website,Tabby (BNPL),1
8657,1616,2025-11-24,Online App,Credit Card,1
8658,625,2025-12-11,Website,Tabby (BNPL),2
8659,468,2025-04-27,Online App,Apple Pay,1
8660,2648,2025-05-05,Website,Cash on Delivery,1
8661,1313,2025-05-09,Website,Tabby (BNPL),1
8662,1248,2024-11-10,Online App,Apple Pay,1
8663,111,2025-12-21,Online App,Cash on Delivery,1
8664,1496,2024-07-19,Online App,Cash on Delivery,3
8665,1668,2025-10-19,Online App,Apple Pay,1
8666,1681,2025-11-04,In-Store,Credit Card,1
8667,2124,2025-12-30,Website,Apple Pay,4
8668,540,2025-05-25,Website,Apple Pay,1
8669,771,2025-11-19,In-Store,Credit Card,1
8670,2446,2025-12-07,Online App,Credit Card,1
8671,2840,2025-12-18,Online App,Credit Card,4
8672,407,2025-11-22,Online App,Tabby (BNPL),1
8673,1496,2025-09-09,Online App,Cash on Delivery,3
8674,659,2025-07-04,In-Store,Credit Card,2
8675,172,2024-11-04,In-Store,Cash on Delivery,3
8676,997,2025-01-07,Website,Tabby (BNPL),1
8677,432,2024-09-13,Website,Credit Card,1
8678,2132,2024-06-26,In-Store,Tabby (BNPL),7
8679,1606,2024-12-17,In-Store,Cash on Delivery,1
8680,433,2025-10-20,In-Store,Apple Pay,1
8681,26,2025-06-07,Online App,Cash on Delivery,2
8682,2438,2025-12-08,Online App,Tabby (BNPL),2
8683,535,2025-07-13,Online App,Apple Pay,1
8684,1826,2025-06-09,Website,Tabby (BNPL),2
8685,1031,2025-12-14,Website,Tabby (BNPL),1
8686,1759,2025-03-23,Website,Apple Pay,6
8687,963,2025-11-07,Website,Credit Card,2
8688,253,2025-08-07,Online App,Apple Pay,2
8689,688,2025-05-07,Online App,Credit Card,2
8690,573,2025-09-28,Online App,Credit Card,4
8691,1294,2024-03-08,In-Store,Apple Pay,4
8692,1986,2025-09-20,Website,Cash on Delivery,1
8693,803,2025-12-26,Website,Credit Card,4
8694,36,2025-07-29,In-Store,Credit Card,5
8695,1557,2025-07-31,Website,Apple Pay,2
8696,1824,2025-07-21,Online App,Apple Pay,1
8697,2895,2025-10-17,Online App,Cash on Delivery,7
8698,1771,2025-09-09,Online App,Tabby (BNPL),2
8699,1426,2025-08-15,Website,Cash on Delivery,1
8700,1724,2025-04-30,Online App,Apple Pay,4
8701,2783,2025-06-24,Online App,Credit Card,6
8702,2495,2024-09-23,In-Store,Cash on Delivery,1
8703,987,2025-05-16,In-Store,Cash on Delivery,2
8704,733,2025-12-03,Online App,Credit Card,1
8705,801,2025-10-26,Online App,Tabby (BNPL),1
8706,1512,2024-05-22,Online App,Apple Pay,6
8707,2241,2024-09-19,Website,Apple Pay,5
8708,1509,2025-02-22,Website,Cash on Delivery,5
8709,198,2025-04-08,In-Store,Cash on Delivery,1
8710,2172,2024-09-10,Online App,Tabby (BNPL),1
8711,2432,2024-09-29,Online App,Tabby (BNPL),1
8712,881,2025-05-25,Online App,Tabby (BNPL),3
8713,2005,2025-10-06,Online App,Apple Pay,4
8714,1290,2025-12-21,In-Store,Credit Card,5
8715,2674,2025-09-11,Website,Credit Card,1
8716,2541,2024-05-19,Online App,Credit Card,1
8717,1584,2025-07-19,In-Store,Apple Pay,4
8718,2085,2025-08-08,Online App,Credit Card,2
8719,2658,2025-09-28,Website,Tabby (BNPL),6
8720,1492,2025-11-15,Online App,Credit Card,1
8721,954,2025-12-29,Online App,Apple Pay,1
8722,2266,2025-10-06,Online App,Tabby (BNPL),3
8723,678,2025-02-09,Online App,Cash on Delivery,1
8724,1191,2025-03-15,Online App,Cash on Delivery,1
8725,2603,2025-04-16,Online App,Cash on Delivery,5
8726,2177,2025-06-06,Website,Cash on Delivery,6
8727,1225,2025-12-27,Online App,Apple Pay,2
8728,662,2025-12-28,Website,Apple Pay,2
8729,1092,2025-09-28,Online App,Cash on Delivery,1
8730,863,2025-10-04,In-Store,Cash on Delivery,2
8731,535,2025-12-31,Online App,Credit Card,1
8732,2238,2025-08-30,Online App,Cash on Delivery,2
8733,770,2025-06-30,In-Store,Credit Card,2
8734,1379,2025-10-28,Website,Tabby (BNPL),7
8735,1183,2025-07-05,Online App,Cash on Delivery,1
8736,2950,2025-10-06,Website,Tabby (BNPL),1
8737,1197,2025-12-25,Website,Cash on Delivery,2
8738,231,2025-12-22,Online App,Cash on Delivery,1
8739,259,2025-12-31,Website,Cash on Delivery,5
8740,1777,2025-11-19,Online App,Cash on Delivery,1
8741,1804,2024-12-02,Online App,Credit Card,1
8742,1267,2024-09-30,Online App,Cash on Delivery,1
8743,1309,2025-11-21,Online App,Cash on Delivery,3
8744,157,2025-10-10,Online App,Credit Card,1
8745,1546,2025-11-27,Online App,Tabby (BNPL),1
8746,1513,2025-02-26,Online App,Credit Card,2
8747,449,2025-08-17,Website,Credit Card,1
8748,308,2025-12-28,Website,Cash on Delivery,5
8749,359,2025-12-26,In-Store,Credit Card,6
8750,299,2025-10-22,Website,Apple Pay,6
8751,1837,2025-03-23,Website,Apple Pay,1
8752,601,2025-12-30,Online App,Cash on Delivery,4
8753,770,2025-03-31,Online App,Apple Pay,2
8754,527,2025-07-05,Online App,Credit Card,1
8755,2877,2025-08-31,Website,Tabby (BNPL),2
8756,2568,2025-12-29,Website,Credit Card,3
8757,711,2025-09-21,In-Store,Credit Card,1
8758,1003,2025-09-22,In-Store,Tabby (BNPL),1
8759,646,2024-03-05,In-Store,Tabby (BNPL),3
8760,1479,2025-09-13,Online App,Apple Pay,4
8761,64,2025-07-27,Online App,Credit Card,1
8762,2025,2025-02-23,Online App,Cash on Delivery,2
8763,1573,2025-11-14,Website,Credit Card,1
8764,2698,2025-05-05,In-Store,Cash on Delivery,1
8765,499,2024-04-27,In-Store,Credit Card,1
8766,2424,2024-12-12,Website,Tabby (BNPL),5
8767,2387,2024-04-05,Website,Cash on Delivery,2
8768,371,2025-08-02,Online App,Credit Card,1
8769,1213,2025-09-16,Online App,Apple Pay,3
8770,519,2025-09-11,In-Store,Tabby (BNPL),2
8771,780,2024-11-01,In-Store,Cash on Delivery,1
8772,801,2025-09-12,In-Store,Apple Pay,1
8773,1676,2025-09-16,In-Store,Tabby (BNPL),2
8774,1247,2025-06-17,Online App,Cash on Delivery,1
8775,2843,2025-09-09,Online App,Tabby (BNPL),1
8776,367,2024-12-20,In-Store,Apple Pay,3
8777,2924,2025-01-11,Online App,Credit Card,1
8778,711,2025-08-29,Website,Tabby (BNPL),1
8779,2333,2024-04-15,Online App,Credit Card,2
8780,1038,2024-09-26,Online App,Cash on Delivery,2
8781,430,2024-07-15,In-Store,Apple Pay,1
8782,2575,2025-11-16,Website,Cash on Delivery,1
8783,938,2025-08-12,Online App,Credit Card,2
8784,1988,2024-10-05,Online App,Tabby (BNPL),1
8785,1706,2025-10-14,Online App,Credit Card,1
8786,1428,2025-10-21,In-Store,Apple Pay,1
8787,1492,2025-11-16,Website,Credit Card,1
8788,2200,2025-05-02,In-Store,Tabby (BNPL),1
8789,255,2025-10-13,Website,Cash on Delivery,3
8790,2014,2025-11-03,Website,Credit Card,5
8791,2690,2024-12-29,Online App,Cash on Delivery,2
8792,165,2025-10-22,Online App,Cash on Delivery,1
8793,422,2025-12-11,Online App,Credit Card,2
8794,2151,2025-08-31,Online App,Tabby (BNPL),2
8795,1329,2025-04-30,Website,Credit Card,2
8796,1225,2025-10-19,Online App,Tabby (BNPL),2
8797,410,2025-02-02,Online App,Cash on Delivery,1
8798,1517,2025-12-23,Website,Credit Card,4
8799,368,2025-07-25,In-Store,Cash on Delivery,1
8800,1444,2024-10-12,Online App,Apple Pay,2
8801,2298,2025-10-03,Online App,Cash on Delivery,2
8802,789,2025-04-18,Online App,Apple Pay,2
8803,1451,2025-07-31,Online App,Credit Card,2
8804,2977,2025-08-25,Website,Apple Pay,1
8805,2069,2025-11-08,In-Store,Apple Pay,2
8806,2530,2025-06-02,Website,Tabby (BNPL),3
8807,1254,2025-11-19,In-Store,Tabby (BNPL),1
8808,2316,2025-11-30,Online App,Cash on Delivery,1
8809,121,2025-09-03,Website,Apple Pay,2
8810,357,2024-05-20,Website,Tabby (BNPL),3
8811,622,2025-12-17,In-Store,Credit Card,2
8812,1223,2025-12-26,Online App,Credit Card,7
8813,2541,2025-01-21,Website,Credit Card,1
8814,1065,2025-03-10,Online App,Credit Card,2
8815,1974,2024-06-06,Online App,Cash on Delivery,2
8816,2130,2025-10-16,In-Store,Apple Pay,2
8817,1762,2025-10-15,Website,Tabby (BNPL),3
8818,1095,2025-07-03,Website,Apple Pay,1
8819,1734,2025-11-03,Website,Cash on Delivery,2
8820,1049,2025-09-21,Online App,Apple Pay,1
8821,244,2025-03-21,Online App,Cash on Delivery,1
8822,2979,2025-09-28,Online App,Apple Pay,2
8823,371,2025-12-24,Website,Apple Pay,1
8824,212,2025-10-30,In-Store,Tabby (BNPL),2
8825,2645,2025-09-25,Online App,Cash on Delivery,1
8826,918,2025-11-23,Online App,Apple Pay,1
8827,1962,2025-08-26,Online App,Credit Card,1
8828,1007,2025-11-10,In-Store,Cash on Delivery,2
8829,1198,2025-12-08,Website,Tabby (BNPL),2
8830,800,2025-07-09,Online App,Credit Card,1
8831,1051,2024-12-15,Online App,Credit Card,2
8832,1246,2025-11-12,Online App,Apple Pay,1
8833,2162,2025-01-20,In-Store,Credit Card,6
8834,1529,2025-06-05,In-Store,Tabby (BNPL),4
8835,2831,2025-09-27,Online App,Tabby (BNPL),7
8836,123,2025-10-13,Website,Cash on Delivery,2
8837,1508,2025-08-24,Online App,Apple Pay,1
8838,1756,2025-08-06,Online App,Credit Card,1
8839,2759,2025-05-03,Online App,Apple Pay,1
8840,141,2025-04-20,Online App,Cash on Delivery,4
8841,1725,2025-03-23,Online App,Credit Card,3
8842,2565,2025-02-12,Online App,Apple Pay,1
8843,744,2025-06-27,Online App,Tabby (BNPL),1
8844,2640,2025-10-22,Website,Cash on Delivery,6
8845,60,2025-05-19,In-Store,Tabby (BNPL),1
8846,2200,2024-09-22,Online App,Cash on Delivery,1
8847,2798,2025-04-26,Website,Cash on Delivery,1
8848,1982,2025-08-23,Website,Apple Pay,2
8849,1333,2025-12-27,In-Store,Tabby (BNPL),2
8850,130,2025-05-22,Online App,Tabby (BNPL),5
8851,2759,2024-10-11,In-Store,Tabby (BNPL),1
8852,1423,2025-09-28,Website,Tabby (BNPL),1
8853,95,2024-12-29,Website,Tabby (BNPL),3
8854,2078,2025-05-25,Online App,Tabby (BNPL),2
8855,1456,2025-12-23,Online App,Credit Card,1
8856,359,2025-11-27,Online App,Apple Pay,6
8857,660,2025-10-28,In-Store,Tabby (BNPL),1
8858,187,2025-10-25,Website,Cash on Delivery,2
8859,1728,2024-08-29,In-Store,Apple Pay,7
8860,1875,2025-10-24,In-Store,Tabby (BNPL),2
8861,1515,2025-03-08,Website,Cash on Delivery,1
8862,2466,2024-06-13,Website,Apple Pay,6
8863,2587,2024-12-22,Online App,Credit Card,1
8864,1851,2025-09-27,Online App,Tabby (BNPL),3
8865,36,2025-05-12,Online App,Tabby (BNPL),5
8866,2095,2025-05-25,Online App,Cash on Delivery,5
8867,1265,2025-06-20,Online App,Tabby (BNPL),3
8868,1702,2025-08-10,Online App,Tabby (BNPL),1
8869,1958,2025-11-10,Online App,Apple Pay,1
8870,1075,2025-12-21,Online App,Credit Card,1
8871,2751,2024-12-19,Online App,Credit Card,4
8872,397,2025-12-16,Website,Tabby (BNPL),5
8873,2026,2025-07-07,Online App,Credit Card,2
8874,15,2025-10-10,Online App,Credit Card,1
8875,2771,2025-07-28,Website,Apple Pay,1
8876,328,2024-06-04,Online App,Tabby (BNPL),2
8877,278,2025-07-21,In-Store,Credit Card,2
8878,1019,2024-05-29,Website,Cash on Delivery,5
8879,1147,2025-06-28,Online App,Cash on Delivery,3
8880,660,2025-08-10,Website,Credit Card,1
8881,1759,2025-09-15,Online App,Apple Pay,6
8882,1347,2025-10-28,Website,Tabby (BNPL),2
8883,109,2024-12-31,Online App,Tabby (BNPL),2
8884,978,2025-07-31,Website,Credit Card,1
8885,2444,2024-03-07,Online App,Credit Card,7
8886,2077,2024-05-26,Online App,Tabby (BNPL),4
8887,2178,2025-09-26,Website,Cash on Delivery,1
8888,2104,2025-02-28,Online App,Apple Pay,2
8889,946,2025-12-31,Website,Tabby (BNPL),1
8890,293,2025-02-25,In-Store,Apple Pay,2
8891,825,2024-07-08,Website,Apple Pay,1
8892,2507,2025-09-06,Website,Cash on Delivery,3
8893,2944,2025-11-29,Online App,Cash on Delivery,2
8894,1487,2024-09-16,Website,Credit Card,2
8895,28,2025-12-20,In-Store,Credit Card,1
8896,419,2025-06-20,In-Store,Apple Pay,1
8897,987,2025-05-13,Online App,Credit Card,2
8898,1737,2025-11-11,Online App,Tabby (BNPL),1
8899,221,2025-09-30,Online App,Credit Card,1
8900,2830,2025-12-17,Online App,Tabby (BNPL),3
8901,1116,2025-11-28,Online App,Cash on Delivery,1
8902,2735,2024-10-13,Online App,Apple Pay,4
8903,2357,2025-12-16,In-Store,Tabby (BNPL),1
8904,2270,2025-10-31,In-Store,Tabby (BNPL),1
8905,1828,2025-11-01,Website,Apple Pay,2
8906,1890,2024-07-13,Website,Cash on Delivery,2
8907,1927,2024-10-26,Online App,Cash on Delivery,2
8908,1895,2025-11-16,Website,Tabby (BNPL),1
8909,1666,2025-10-25,Online App,Credit Card,2
8910,2960,2024-05-29,Online App,Apple Pay,1
8911,2200,2025-04-09,Online App,Tabby (BNPL),1
8912,2346,2025-12-25,Online App,Cash on Delivery,1
8913,2625,2025-12-19,Website,Tabby (BNPL),1
8914,663,2025-06-11,In-Store,Apple Pay,2
8915,244,2024-11-22,Online App,Tabby (BNPL),1
8916,1457,2025-10-14,Online App,Credit Card,1
8917,1536,2025-08-25,Online App,Apple Pay,1
8918,2496,2025-05-16,Online App,Credit Card,6
8919,1350,2025-11-16,Online App,Cash on Delivery,1
8920,1716,2025-08-20,Online App,Cash on Delivery,2
8921,1587,2025-02-24,Website,Tabby (BNPL),5
8922,118,2025-12-17,Website,Tabby (BNPL),1
8923,1851,2025-10-09,Website,Credit Card,3
8924,2494,2025-12-09,In-Store,Cash on Delivery,1
8925,474,2025-04-27,Online App,Cash on Delivery,1
8926,1790,2025-10-13,In-Store,Cash on Delivery,2
8927,1786,2025-12-24,Website,Cash on Delivery,2
8928,498,2025-04-12,Online App,Credit Card,4
8929,359,2025-09-06,Online App,Tabby (BNPL),6
8930,2942,2025-12-14,Online App,Credit Card,2
8931,1203,2025-10-03,Website,Cash on Delivery,7
8932,699,2025-10-27,Website,Cash on Delivery,2
8933,522,2025-12-23,Website,Cash on Delivery,1
8934,2013,2025-02-13,Online App,Tabby (BNPL),1
8935,1836,2025-08-22,Website,Credit Card,1
8936,1938,2025-01-18,In-Store,Tabby (BNPL),7
8937,255,2025-10-25,In-Store,Credit Card,3
8938,2688,2025-04-27,Online App,Apple Pay,5
8939,1192,2024-11-19,Website,Tabby (BNPL),1
8940,955,2025-06-14,Website,Tabby (BNPL),4
8941,1405,2025-09-18,Website,Tabby (BNPL),1
8942,1194,2025-11-01,Online App,Credit Card,1
8943,2595,2025-01-07,In-Store,Tabby (BNPL),1
8944,2789,2025-10-29,In-Store,Apple Pay,1
8945,921,2025-03-20,Online App,Apple Pay,2
8946,2597,2024-11-26,Online App,Tabby (BNPL),2
8947,2360,2024-06-19,Online App,Apple Pay,2
8948,2793,2025-04-21,In-Store,Cash on Delivery,2
8949,756,2025-11-09,In-Store,Tabby (BNPL),1
8950,1734,2025-12-05,Website,Tabby (BNPL),2
8951,832,2024-02-20,Online App,Tabby (BNPL),6
8952,2483,2025-10-24,Online App,Credit Card,1
8953,18,2025-09-06,Online App,Credit Card,2
8954,1699,2025-10-15,Online App,Credit Card,2
8955,1039,2025-11-24,Online App,Tabby (BNPL),2
8956,987,2025-11-09,Website,Tabby (BNPL),2
8957,1944,2024-06-19,Online App,Apple Pay,5
8958,2559,2025-11-27,Online App,Credit Card,4
8959,1835,2024-08-16,In-Store,Tabby (BNPL),1
8960,2565,2025-09-12,Online App,Apple Pay,1
8961,805,2024-10-31,Website,Tabby (BNPL),1
8962,1557,2025-11-12,Online App,Apple Pay,2
8963,1368,2025-10-29,In-Store,Credit Card,2
8964,34,2025-07-03,Website,Credit Card,3
8965,1677,2024-09-05,Website,Tabby (BNPL),6
8966,1995,2025-12-09,Website,Cash on Delivery,1
8967,1780,2025-12-30,Online App,Credit Card,5
8968,2216,2024-09-19,Online App,Tabby (BNPL),1
8969,1717,2025-11-26,Website,Credit Card,1
8970,194,2025-09-22,Online App,Cash on Delivery,2
8971,339,2025-12-26,Website,Credit Card,4
8972,1797,2025-10-23,In-Store,Credit Card,2
8973,834,2025-03-18,In-Store,Tabby (BNPL),1
8974,231,2025-11-29,In-Store,Tabby (BNPL),1
8975,1301,2025-05-28,Website,Cash on Delivery,1
8976,1668,2025-06-21,Online App,Apple Pay,1
8977,1006,2025-04-24,Website,Apple Pay,2
8978,2162,2025-07-11,Website,Tabby (BNPL),6
8979,1939,2025-07-22,Online App,Apple Pay,2
8980,1018,2025-11-10,Website,Apple Pay,1
8981,2269,2025-11-10,Online App,Tabby (BNPL),1
8982,1958,2025-12-31,Website,Tabby (BNPL),1
8983,1924,2025-10-26,Website,Credit Card,1
8984,1665,2025-11-03,Online App,Cash on Delivery,1
8985,34,2025-08-11,In-Store,Credit Card,3
8986,2100,2024-12-27,Website,Cash on Delivery,2
8987,1153,2025-05-04,Online App,Credit Card,2
8988,2827,2025-12-30,Website,Cash on Delivery,3
8989,2467,2024-12-07,Online App,Cash on Delivery,4
8990,1768,2025-03-14,Online App,Cash on Delivery,1
8991,771,2025-08-18,Online App,Credit Card,1
8992,626,2025-01-25,Online App,Cash on Delivery,1
8993,1044,2025-08-01,Online App,Apple Pay,2
8994,1444,2025-07-09,Website,Tabby (BNPL),2
8995,900,2025-09-20,Website,Credit Card,3
8996,1537,2025-10-05,Online App,Credit Card,1
8997,505,2025-02-28,Online App,Tabby (BNPL),1
8998,2935,2025-12-30,Website,Cash on Delivery,2
8999,320,2025-01-11,Online App,Apple Pay,5
9000,2795,2025-05-27,Online App,Apple Pay,1
9001,2741,2025-12-14,In-Store,Credit Card,1
9002,1583,2025-05-03,Website,Tabby (BNPL),2
9003,2178,2025-08-09,Website,Cash on Delivery,1
9004,1322,2025-11-07,Website,Apple Pay,1
9005,1898,2025-05-30,Website,Tabby (BNPL),1
9006,1044,2025-11-19,In-Store,Cash on Delivery,2
9007,916,2025-03-20,Online App,Credit Card,3
9008,1736,2025-11-14,Online App,Credit Card,6
9009,1496,2025-02-25,Online App,Apple Pay,3
9010,1740,2025-07-14,Online App,Tabby (BNPL),5
9011,873,2025-12-29,Website,Credit Card,2
9012,1120,2025-06-13,Online App,Cash on Delivery,2
9013,244,2025-09-12,Online App,Cash on Delivery,1
9014,151,2025-12-11,In-Store,Credit Card,7
9015,776,2025-06-24,Online App,Credit Card,1
9016,218,2025-11-07,Online App,Cash on Delivery,1
9017,308,2025-01-23,Online App,Cash on Delivery,5
9018,2452,2025-11-17,Online App,Tabby (BNPL),2
9019,119,2025-11-29,In-Store,Apple Pay,1
9020,1988,2025-07-11,Online App,Cash on Delivery,1
9021,825,2025-10-20,In-Store,Apple Pay,1
9022,2620,2025-08-21,Online App,Tabby (BNPL),1
9023,1460,2025-10-04,Website,Tabby (BNPL),1
9024,930,2025-10-10,Website,Apple Pay,1
9025,1550,2025-04-13,In-Store,Cash on Delivery,7
9026,1168,2025-10-08,Online App,Apple Pay,2
9027,1698,2024-06-02,Website,Apple Pay,3
9028,334,2025-11-07,Online App,Credit Card,1
9029,2993,2025-03-10,Online App,Tabby (BNPL),1
9030,1286,2025-08-20,Website,Tabby (BNPL),2
9031,1070,2025-10-02,Online App,Apple Pay,2
9032,2133,2025-06-13,Online App,Apple Pay,3
9033,1112,2025-12-18,Website,Credit Card,1
9034,2510,2025-10-25,Website,Credit Card,1
9035,1379,2025-10-08,Online App,Cash on Delivery,7
9036,2157,2025-03-09,Website,Credit Card,2
9037,319,2025-11-11,In-Store,Apple Pay,2
9038,2543,2025-12-30,Online App,Credit Card,4
9039,2213,2024-12-06,Online App,Tabby (BNPL),4
9040,652,2025-06-10,Website,Apple Pay,1
9041,438,2024-09-08,Online App,Tabby (BNPL),3
9042,965,2025-12-28,Website,Apple Pay,3
9043,2929,2024-12-14,Website,Cash on Delivery,2
9044,785,2024-11-11,Website,Credit Card,2
9045,1385,2025-01-28,Online App,Cash on Delivery,1
9046,99,2025-12-24,Website,Tabby (BNPL),1
9047,1209,2024-12-26,Website,Credit Card,3
9048,1717,2025-10-14,Online App,Cash on Delivery,1
9049,2857,2025-08-23,Online App,Apple Pay,1
9050,1547,2025-08-03,Online App,Tabby (BNPL),1
9051,2468,2025-11-22,In-Store,Apple Pay,1
9052,1651,2025-08-29,Online App,Cash on Delivery,2
9053,122,2025-10-07,Online App,Tabby (BNPL),1
9054,961,2025-01-20,Website,Tabby (BNPL),2
9055,1730,2025-08-06,Online App,Cash on Delivery,3
9056,2848,2025-12-14,In-Store,Tabby (BNPL),2
9057,2580,2025-06-09,Website,Apple Pay,4
9058,703,2024-10-10,In-Store,Cash on Delivery,1
9059,678,2025-10-22,Online App,Cash on Delivery,1
9060,616,2025-08-27,Website,Credit Card,1
9061,2764,2025-09-29,In-Store,Apple Pay,4
9062,2564,2025-06-20,Online App,Apple Pay,2
9063,2339,2025-02-28,Online App,Apple Pay,6
9064,1200,2025-02-23,Website,Credit Card,2
9065,1511,2025-10-09,Online App,Apple Pay,5
9066,1409,2025-10-15,Online App,Tabby (BNPL),2
9067,776,2025-09-24,Online App,Credit Card,1
9068,1513,2025-08-26,In-Store,Credit Card,2
9069,100,2025-06-15,Website,Credit Card,1
9070,388,2025-09-21,In-Store,Credit Card,2
9071,2667,2025-08-05,In-Store,Apple Pay,2
9072,2260,2025-02-07,Online App,Cash on Delivery,1
9073,1277,2025-11-26,In-Store,Tabby (BNPL),1
9074,1548,2025-10-19,Online App,Credit Card,1
9075,1132,2025-11-29,In-Store,Cash on Delivery,1
9076,2228,2025-09-22,In-Store,Credit Card,1
9077,2365,2025-03-18,Online App,Tabby (BNPL),1
9078,2297,2025-08-12,Online App,Credit Card,1
9079,2167,2024-10-25,In-Store,Cash on Delivery,1
9080,628,2025-04-04,Online App,Tabby (BNPL),2
9081,1034,2025-09-24,Website,Apple Pay,1
9082,1421,2024-10-20,Online App,Tabby (BNPL),1
9083,1013,2025-11-18,In-Store,Tabby (BNPL),1
9084,2269,2025-10-10,Website,Cash on Delivery,1
9085,1008,2025-05-15,Online App,Tabby (BNPL),2
9086,414,2025-08-07,Website,Cash on Delivery,1
9087,1214,2025-08-20,Online App,Apple Pay,2
9088,2942,2025-12-06,In-Store,Tabby (BNPL),2
9089,694,2025-07-31,In-Store,Tabby (BNPL),1
9090,1845,2025-05-13,Online App,Credit Card,1
9091,1312,2025-12-29,Website,Cash on Delivery,1
9092,207,2025-04-23,In-Store,Cash on Delivery,1
9093,1469,2025-10-18,Online App,Credit Card,1
9094,2114,2024-07-05,Website,Tabby (BNPL),2
9095,1535,2025-05-05,Online App,Credit Card,1
9096,2624,2024-05-23,Online App,Cash on Delivery,2
9097,880,2024-05-14,In-Store,Credit Card,4
9098,252,2025-08-21,In-Store,Tabby (BNPL),3
9099,2807,2025-06-07,In-Store,Tabby (BNPL),5
9100,1159,2025-12-05,Online App,Cash on Delivery,7
9101,1733,2024-12-06,Website,Apple Pay,1
9102,2387,2025-01-31,Website,Cash on Delivery,2
9103,993,2025-02-13,Online App,Credit Card,5
9104,2149,2024-10-12,In-Store,Cash on Delivery,2
9105,404,2025-05-10,Website,Credit Card,1
9106,887,2025-11-01,Website,Apple Pay,5
9107,435,2025-11-01,Website,Cash on Delivery,5
9108,2447,2025-02-10,Online App,Tabby (BNPL),1
9109,687,2024-10-09,Website,Credit Card,1
9110,2153,2025-12-05,Online App,Tabby (BNPL),1
9111,2830,2025-10-19,In-Store,Tabby (BNPL),3
9112,1588,2025-01-23,Online App,Cash on Delivery,1
9113,1629,2025-12-21,Online App,Credit Card,5
9114,1400,2025-08-23,Website,Credit Card,1
9115,997,2025-08-11,In-Store,Credit Card,1
9116,1442,2025-01-16,In-Store,Credit Card,2
9117,1816,2025-07-02,Online App,Apple Pay,2
9118,2960,2025-10-21,Online App,Credit Card,1
9119,2812,2025-08-25,In-Store,Tabby (BNPL),3
9120,2590,2025-09-27,Online App,Apple Pay,1
9121,2674,2025-05-13,Online App,Apple Pay,1
9122,1417,2025-07-05,Website,Credit Card,1
9123,1983,2025-06-28,Online App,Credit Card,3
9124,2690,2024-10-11,Online App,Credit Card,2
9125,1200,2024-09-27,Online App,Tabby (BNPL),2
9126,2892,2025-09-04,Website,Tabby (BNPL),6
9127,1255,2025-11-13,Online App,Apple Pay,3
9128,1810,2025-11-23,In-Store,Cash on Delivery,2
9129,2131,2025-04-03,Online App,Cash on Delivery,2
9130,2848,2025-08-25,Online App,Tabby (BNPL),2
9131,752,2025-04-11,In-Store,Apple Pay,1
9132,2247,2025-10-04,Website,Apple Pay,3
9133,1563,2025-05-31,Website,Cash on Delivery,2
9134,817,2025-11-20,In-Store,Tabby (BNPL),1
9135,2345,2025-03-24,Online App,Apple Pay,1
9136,1662,2025-12-10,In-Store,Cash on Delivery,1
9137,1993,2025-06-14,Online App,Tabby (BNPL),1
9138,987,2025-09-05,Website,Apple Pay,2
9139,1453,2025-09-03,Online App,Tabby (BNPL),2
9140,1860,2025-11-05,Online App,Tabby (BNPL),1
9141,1228,2025-04-14,Online App,Credit Card,7
9142,605,2025-08-26,Online App,Cash on Delivery,2
9143,2891,2025-08-19,Online App,Tabby (BNPL),1
9144,1529,2025-10-31,Online App,Tabby (BNPL),4
9145,2206,2025-04-08,Online App,Apple Pay,2
9146,1246,2025-07-09,Website,Tabby (BNPL),1
9147,1090,2024-04-28,Online App,Tabby (BNPL),6
9148,1236,2025-05-15,Website,Tabby (BNPL),1
9149,1242,2025-11-05,Online App,Cash on Delivery,2
9150,1644,2025-10-13,Website,Tabby (BNPL),1
9151,1640,2025-08-23,Online App,Apple Pay,2
9152,1495,2025-12-26,In-Store,Credit Card,4
9153,401,2025-10-23,Online App,Apple Pay,1
9154,1493,2025-10-23,Website,Credit Card,2
9155,516,2025-10-24,Online App,Cash on Delivery,1
9156,367,2025-10-05,Online App,Credit Card,3
9157,2797,2024-11-14,In-Store,Tabby (BNPL),2
9158,1821,2025-03-19,In-Store,Apple Pay,5
9159,1990,2025-09-09,Online App,Apple Pay,3
9160,1223,2025-12-16,Online App,Tabby (BNPL),7
9161,2725,2024-04-18,Online App,Apple Pay,1
9162,1927,2025-01-12,Online App,Tabby (BNPL),2
9163,2320,2025-09-06,Online App,Cash on Delivery,2
9164,1129,2025-06-27,Website,Cash on Delivery,1
9165,2885,2025-07-12,In-Store,Credit Card,6
9166,2473,2024-11-18,Website,Apple Pay,1
9167,2566,2025-07-09,In-Store,Tabby (BNPL),2
9168,525,2025-12-27,Website,Apple Pay,1
9169,822,2025-06-19,Online App,Tabby (BNPL),1
9170,868,2025-05-26,Online App,Tabby (BNPL),1
9171,822,2025-07-15,Website,Cash on Delivery,1
9172,2571,2024-12-22,Online App,Apple Pay,1
9173,105,2025-12-08,Website,Cash on Delivery,1
9174,224,2025-03-04,Online App,Credit Card,2
9175,830,2025-07-04,In-Store,Credit Card,2
9176,611,2025-12-10,Online App,Cash on Delivery,5
9177,714,2025-11-16,Online App,Credit Card,5
9178,2409,2025-09-13,Website,Tabby (BNPL),1
9179,1694,2025-10-11,Online App,Credit Card,5
9180,18,2025-07-14,Online App,Apple Pay,2
9181,1299,2025-12-29,Online App,Credit Card,1
9182,1238,2025-09-08,Online App,Cash on Delivery,1
9183,331,2025-06-25,Online App,Credit Card,6
9184,2038,2025-08-06,Online App,Cash on Delivery,3
9185,2114,2024-08-27,Website,Apple Pay,2
9186,2163,2025-05-14,Online App,Credit Card,1
9187,2188,2025-03-02,Online App,Credit Card,4
9188,1,2024-10-08,In-Store,Credit Card,2
9189,2860,2025-09-25,Online App,Tabby (BNPL),3
9190,2457,2025-12-03,Online App,Cash on Delivery,1
9191,2713,2024-06-26,Online App,Credit Card,1
9192,49,2025-02-12,Website,Tabby (BNPL),2
9193,2800,2025-07-10,Website,Apple Pay,1
9194,2442,2025-12-31,Online App,Tabby (BNPL),1
9195,2517,2025-07-19,Website,Tabby (BNPL),1
9196,271,2025-11-07,Online App,Apple Pay,2
9197,2223,2025-09-22,In-Store,Tabby (BNPL),2
9198,2885,2025-09-09,Website,Tabby (BNPL),6
9199,2042,2025-09-25,Online App,Credit Card,2
9200,1715,2024-04-21,Online App,Tabby (BNPL),3
9201,2836,2025-09-16,In-Store,Credit Card,4
9202,1347,2025-10-13,Online App,Credit Card,2
9203,1804,2024-12-31,Online App,Tabby (BNPL),1
9204,1444,2025-04-10,In-Store,Credit Card,2
9205,2797,2025-01-09,Online App,Cash on Delivery,2
9206,224,2024-09-12,Online App,Tabby (BNPL),2
9207,1505,2025-04-23,Website,Credit Card,2
9208,2069,2025-04-11,Online App,Credit Card,2
9209,2386,2024-04-09,Online App,Tabby (BNPL),1
9210,1752,2025-08-01,Website,Credit Card,1
9211,2725,2025-12-29,In-Store,Apple Pay,1
9212,2825,2024-10-25,In-Store,Credit Card,6
9213,186,2025-07-26,Online App,Credit Card,6
9214,1223,2025-12-15,Online App,Apple Pay,7
9215,78,2025-08-12,Online App,Credit Card,1
9216,1008,2024-11-11,Online App,Credit Card,2
9217,1615,2025-12-03,Website,Credit Card,2
9218,2731,2025-06-09,Online App,Cash on Delivery,2
9219,2544,2025-03-03,Online App,Cash on Delivery,1
9220,372,2025-07-16,Online App,Cash on Delivery,1
9221,271,2025-08-10,Online App,Credit Card,2
9222,1771,2025-11-30,Online App,Credit Card,2
9223,1599,2025-02-22,Website,Cash on Delivery,1
9224,811,2025-12-28,Online App,Credit Card,6
9225,2700,2025-10-29,Online App,Tabby (BNPL),1
9226,2780,2025-03-12,Website,Apple Pay,3
9227,1223,2025-12-30,Online App,Tabby (BNPL),7
9228,2677,2025-12-25,Online App,Credit Card,3
9229,1175,2025-12-24,Website,Tabby (BNPL),3
9230,2218,2025-09-30,Online App,Apple Pay,1
9231,1443,2025-10-24,Website,Credit Card,1
9232,356,2025-09-09,Online App,Tabby (BNPL),2
9233,2783,2025-10-09,Website,Cash on Delivery,6
9234,1378,2025-12-10,In-Store,Tabby (BNPL),5
9235,2209,2025-10-16,Online App,Apple Pay,7
9236,1122,2024-12-15,Online App,Cash on Delivery,4
9237,60,2025-08-27,Online App,Cash on Delivery,1
9238,296,2024-12-18,In-Store,Tabby (BNPL),2
9239,1493,2025-05-17,Online App,Tabby (BNPL),2
9240,2078,2025-12-19,In-Store,Credit Card,2
9241,1025,2025-05-16,Online App,Tabby (BNPL),1
9242,2097,2025-07-31,Online App,Credit Card,2
9243,2105,2025-10-03,Website,Cash on Delivery,4
9244,2117,2025-09-11,Online App,Credit Card,7
9245,1481,2025-11-22,Online App,Tabby (BNPL),3
9246,2742,2025-10-31,Online App,Credit Card,2
9247,1473,2025-11-30,In-Store,Cash on Delivery,2
9248,1367,2025-03-25,Online App,Tabby (BNPL),2
9249,609,2025-06-09,Online App,Apple Pay,2
9250,935,2025-10-21,Website,Credit Card,1
9251,124,2025-12-14,In-Store,Apple Pay,7
9252,1912,2025-09-30,In-Store,Cash on Delivery,1
9253,764,2024-10-01,In-Store,Apple Pay,2
9254,925,2025-06-28,Online App,Credit Card,1
9255,2327,2025-11-21,Website,Apple Pay,1
9256,1002,2025-10-26,Website,Credit Card,1
9257,746,2025-12-25,Online App,Tabby (BNPL),1
9258,516,2025-01-20,Online App,Tabby (BNPL),1
9259,2339,2024-11-20,In-Store,Tabby (BNPL),6
9260,382,2025-07-16,In-Store,Credit Card,2
9261,1376,2025-07-26,Online App,Credit Card,5
9262,1518,2025-06-03,Website,Credit Card,1
9263,2071,2025-11-03,In-Store,Tabby (BNPL),2
9264,1911,2025-12-18,Online App,Cash on Delivery,3
9265,2446,2025-09-14,Online App,Tabby (BNPL),1
9266,130,2025-02-04,Website,Apple Pay,5
9267,901,2025-10-26,Online App,Credit Card,7
9268,848,2025-04-28,Online App,Apple Pay,2
9269,439,2025-10-27,Website,Apple Pay,3
9270,880,2025-08-24,In-Store,Tabby (BNPL),4
9271,943,2024-06-15,Online App,Cash on Delivery,3
9272,1568,2025-10-20,Online App,Apple Pay,6
9273,2002,2025-12-27,Website,Tabby (BNPL),4
9274,1168,2025-12-25,Website,Tabby (BNPL),2
9275,2157,2025-08-13,In-Store,Cash on Delivery,2
9276,1030,2025-04-15,Online App,Credit Card,6
9277,882,2025-10-12,Online App,Cash on Delivery,3
9278,1634,2025-08-28,Online App,Apple Pay,2
9279,80,2025-11-13,In-Store,Cash on Delivery,5
9280,231,2025-10-30,In-Store,Cash on Delivery,1
9281,1265,2024-07-21,Online App,Credit Card,3
9282,2829,2025-10-23,Online App,Apple Pay,2
9283,2165,2025-09-02,Website,Tabby (BNPL),2
9284,255,2025-06-21,Online App,Apple Pay,3
9285,2544,2025-04-30,Online App,Credit Card,1
9286,2200,2025-04-11,Website,Cash on Delivery,1
9287,1841,2025-11-07,Website,Apple Pay,1
9288,2472,2024-10-07,Website,Cash on Delivery,2
9289,1226,2025-04-26,Online App,Cash on Delivery,1
9290,684,2025-02-13,Online App,Credit Card,2
9291,1530,2025-12-29,Website,Tabby (BNPL),1
9292,1656,2025-12-03,Online App,Apple Pay,1
9293,1620,2025-01-03,In-Store,Tabby (BNPL),6
9294,1701,2025-08-31,In-Store,Cash on Delivery,4
9295,2845,2025-10-11,Website,Tabby (BNPL),6
9296,2710,2025-10-21,In-Store,Apple Pay,1
9297,2638,2025-06-14,Website,Tabby (BNPL),1
9298,2417,2025-10-30,Online App,Apple Pay,2
9299,2830,2025-11-28,Online App,Apple Pay,3
9300,291,2024-06-08,Online App,Tabby (BNPL),1
9301,806,2024-08-30,Online App,Cash on Delivery,1
9302,1489,2025-12-18,Online App,Tabby (BNPL),3
9303,2544,2025-05-01,Online App,Tabby (BNPL),1
9304,1513,2025-12-21,Online App,Apple Pay,2
9305,2251,2025-12-08,Online App,Credit Card,1
9306,416,2025-07-24,Online App,Credit Card,1
9307,772,2025-11-23,Online App,Cash on Delivery,1
9308,2199,2025-12-27,Website,Cash on Delivery,2
9309,501,2025-10-14,Website,Tabby (BNPL),4
9310,1077,2025-07-31,In-Store,Cash on Delivery,2
9311,805,2025-07-18,In-Store,Tabby (BNPL),1
9312,1075,2025-07-09,Website,Credit Card,1
9313,2127,2025-10-27,In-Store,Cash on Delivery,1
9314,1125,2025-12-07,Online App,Cash on Delivery,1
9315,1672,2025-04-16,Online App,Credit Card,1
9316,294,2025-12-30,Website,Credit Card,7
9317,2428,2025-05-25,Website,Tabby (BNPL),1
9318,1132,2025-12-14,In-Store,Cash on Delivery,1
9319,1957,2025-12-03,Website,Credit Card,1
9320,2180,2025-10-08,Online App,Cash on Delivery,1
9321,645,2025-06-12,Website,Cash on Delivery,3
9322,2664,2025-09-15,Online App,Apple Pay,2
9323,1854,2025-12-21,In-Store,Apple Pay,1
9324,1296,2024-08-18,Website,Tabby (BNPL),3
9325,556,2025-07-16,In-Store,Cash on Delivery,6
9326,2825,2025-11-09,Online App,Credit Card,6
9327,2269,2025-12-31,Website,Tabby (BNPL),1
9328,639,2025-12-13,Online App,Apple Pay,2
9329,1034,2025-12-17,Website,Apple Pay,1
9330,2442,2025-12-22,Online App,Apple Pay,1
9331,2097,2025-05-17,Website,Cash on Delivery,2
9332,2306,2025-03-21,Website,Cash on Delivery,6
9333,1342,2024-10-19,Online App,Cash on Delivery,1
9334,2150,2025-10-20,Online App,Apple Pay,2
9335,1185,2025-05-02,In-Store,Tabby (BNPL),3
9336,652,2024-08-22,Website,Credit Card,1
9337,1909,2025-04-21,In-Store,Credit Card,1
9338,2929,2024-03-24,Online App,Apple Pay,2
9339,945,2025-11-17,In-Store,Cash on Delivery,2
9340,1400,2025-08-07,Website,Credit Card,1
9341,2032,2025-05-27,Website,Tabby (BNPL),3
9342,1636,2024-09-30,Online App,Apple Pay,1
9343,2534,2025-11-13,Online App,Cash on Delivery,2
9344,2293,2025-07-14,Online App,Cash on Delivery,4
9345,167,2025-11-28,Online App,Cash on Delivery,6
9346,2998,2025-06-27,Website,Apple Pay,1
9347,2263,2025-08-05,Website,Tabby (BNPL),5
9348,2597,2024-08-09,In-Store,Apple Pay,2
9349,1963,2025-11-06,Online App,Apple Pay,1
9350,2573,2025-10-03,Website,Apple Pay,1
9351,328,2024-08-13,In-Store,Cash on Delivery,2
9352,1068,2025-10-21,In-Store,Tabby (BNPL),2
9353,2641,2025-07-05,In-Store,Tabby (BNPL),2
9354,616,2025-09-29,Website,Credit Card,1
9355,229,2025-08-09,In-Store,Cash on Delivery,6
9356,2377,2025-05-27,Online App,Tabby (BNPL),2
9357,2513,2025-11-08,Website,Cash on Delivery,5
9358,494,2024-07-10,Online App,Apple Pay,1
9359,2567,2025-06-05,Online App,Cash on Delivery,1
9360,2069,2024-12-23,Online App,Credit Card,2
9361,1560,2025-07-02,Online App,Credit Card,1
9362,2500,2025-03-19,In-Store,Apple Pay,1
9363,1267,2025-03-07,Website,Cash on Delivery,1
9364,594,2025-05-06,Online App,Apple Pay,2
9365,865,2025-12-28,Online App,Apple Pay,1
9366,1513,2025-06-17,In-Store,Apple Pay,2
9367,1596,2025-03-08,Website,Cash on Delivery,5
9368,2430,2025-12-11,Online App,Cash on Delivery,1
9369,2386,2025-12-23,In-Store,Tabby (BNPL),1
9370,1747,2025-03-27,Online App,Apple Pay,6
9371,2358,2025-12-21,Online App,Cash on Delivery,1
9372,586,2024-08-25,In-Store,Apple Pay,2
9373,143,2025-11-08,Website,Cash on Delivery,2
9374,2630,2025-08-15,Website,Tabby (BNPL),5
9375,223,2025-05-18,Online App,Credit Card,3
9376,759,2025-12-16,Online App,Credit Card,1
9377,2096,2024-06-23,In-Store,Cash on Delivery,1
9378,1242,2025-05-24,Online App,Credit Card,2
9379,2640,2025-12-12,In-Store,Credit Card,6
9380,907,2024-11-23,In-Store,Apple Pay,1
9381,35,2024-11-06,Online App,Tabby (BNPL),6
9382,916,2025-03-15,Online App,Cash on Delivery,3
9383,1736,2025-10-15,In-Store,Cash on Delivery,6
9384,1153,2024-11-24,Online App,Apple Pay,2
9385,1610,2025-07-27,Website,Credit Card,6
9386,2642,2025-07-27,Website,Apple Pay,2
9387,2735,2025-04-05,Website,Credit Card,4
9388,811,2025-11-20,Online App,Tabby (BNPL),6
9389,1404,2025-06-19,Online App,Apple Pay,2
9390,1657,2025-03-06,Online App,Credit Card,1
9391,2847,2024-08-29,In-Store,Cash on Delivery,1
9392,2998,2025-07-24,Website,Tabby (BNPL),1
9393,727,2025-09-13,Website,Credit Card,1
9394,2184,2025-10-02,Online App,Cash on Delivery,2
9395,1158,2025-10-28,Website,Credit Card,3
9396,24,2025-10-30,Website,Apple Pay,1
9397,26,2025-05-11,Website,Tabby (BNPL),2
9398,1399,2025-07-07,Online App,Cash on Delivery,1
9399,1471,2025-09-16,Online App,Credit Card,3
9400,75,2025-07-30,Website,Credit Card,5
9401,2069,2025-03-02,Online App,Apple Pay,2
9402,893,2025-11-12,Online App,Tabby (BNPL),2
9403,1683,2025-11-12,Online App,Credit Card,1
9404,916,2025-12-03,In-Store,Apple Pay,3
9405,513,2025-07-20,Online App,Tabby (BNPL),7
9406,1236,2025-05-25,In-Store,Tabby (BNPL),1
9407,717,2025-03-21,Website,Cash on Delivery,2
9408,1610,2025-05-06,Online App,Credit Card,6
9409,607,2025-09-02,Website,Apple Pay,1
9410,1522,2025-08-26,In-Store,Credit Card,1
9411,474,2025-07-18,Website,Credit Card,1
9412,2023,2025-12-01,Online App,Cash on Delivery,1
9413,2267,2025-12-27,Website,Apple Pay,1
9414,325,2025-02-11,In-Store,Cash on Delivery,3
9415,1417,2025-10-03,Website,Credit Card,1
9416,207,2025-06-01,In-Store,Credit Card,1
9417,1802,2025-09-09,Website,Tabby (BNPL),1
9418,804,2025-04-09,In-Store,Tabby (BNPL),2
9419,1587,2025-12-12,Website,Tabby (BNPL),5
9420,1550,2025-10-08,Website,Credit Card,7
9421,2770,2025-10-27,Online App,Tabby (BNPL),1
9422,1657,2024-06-22,Website,Cash on Delivery,1
9423,1752,2025-08-13,Online App,Tabby (BNPL),1
9424,1222,2025-04-05,Online App,Cash on Delivery,1
9425,2847,2024-04-11,Online App,Credit Card,1
9426,2346,2025-06-07,Website,Apple Pay,1
9427,867,2025-05-31,In-Store,Tabby (BNPL),1
9428,2538,2025-06-22,Website,Cash on Delivery,1
9429,1309,2025-06-17,Website,Apple Pay,3
9430,2495,2025-11-24,Online App,Credit Card,1
9431,2480,2025-08-31,Online App,Tabby (BNPL),3
9432,575,2024-07-02,Online App,Credit Card,3
9433,2112,2025-10-18,Online App,Credit Card,2
9434,884,2025-03-13,In-Store,Credit Card,4
9435,905,2025-12-31,Online App,Apple Pay,1
9436,901,2025-10-02,Online App,Apple Pay,7
9437,2181,2025-11-24,Online App,Credit Card,1
9438,709,2025-09-08,Online App,Credit Card,1
9439,4,2025-08-08,Online App,Cash on Delivery,1
9440,2148,2025-10-03,In-Store,Apple Pay,6
9441,521,2025-11-30,Website,Cash on Delivery,2
9442,308,2025-09-02,Online App,Apple Pay,5
9443,734,2025-01-19,Website,Apple Pay,1
9444,1163,2024-09-19,Online App,Credit Card,2
9445,1442,2025-06-07,Online App,Apple Pay,2
9446,130,2025-01-08,Online App,Cash on Delivery,5
9447,2917,2025-12-25,In-Store,Tabby (BNPL),2
9448,2149,2025-08-14,In-Store,Tabby (BNPL),2
9449,988,2025-04-14,Website,Tabby (BNPL),3
9450,973,2025-08-07,Website,Cash on Delivery,2
9451,1359,2025-12-19,In-Store,Credit Card,6
9452,1889,2025-10-28,Website,Credit Card,7
9453,440,2025-08-24,Online App,Tabby (BNPL),1
9454,575,2025-04-09,In-Store,Apple Pay,3
9455,2582,2025-03-21,Website,Credit Card,4
9456,784,2025-05-07,Online App,Cash on Delivery,1
9457,1164,2025-08-23,In-Store,Credit Card,1
9458,2619,2025-05-03,Online App,Apple Pay,1
9459,2001,2025-01-20,Online App,Tabby (BNPL),2
9460,1049,2025-09-30,In-Store,Apple Pay,1
9461,2063,2025-09-12,In-Store,Credit Card,6
9462,64,2025-10-15,Online App,Apple Pay,1
9463,2213,2025-11-14,Website,Apple Pay,4
9464,1467,2024-09-16,Online App,Credit Card,1
9465,2453,2025-09-15,Online App,Cash on Delivery,3
9466,2863,2025-06-03,Online App,Credit Card,1
9467,2773,2025-02-02,Website,Tabby (BNPL),7
9468,2727,2025-06-07,Online App,Tabby (BNPL),1
9469,1531,2025-11-24,Online App,Apple Pay,1
9470,1102,2025-09-18,Website,Tabby (BNPL),3
9471,1411,2025-09-08,Online App,Credit Card,1
9472,2078,2025-09-09,In-Store,Tabby (BNPL),2
9473,2662,2025-04-26,Online App,Cash on Delivery,2
9474,638,2025-12-14,Online App,Apple Pay,1
9475,2753,2024-08-11,Online App,Cash on Delivery,4
9476,2459,2025-09-01,In-Store,Apple Pay,4
9477,2938,2025-10-22,Website,Credit Card,2
9478,2648,2025-09-11,Website,Cash on Delivery,1
9479,847,2025-01-02,Online App,Apple Pay,6
9480,312,2024-10-19,Online App,Credit Card,4
9481,328,2024-05-31,Website,Credit Card,2
9482,887,2025-09-30,Online App,Apple Pay,5
9483,1848,2025-07-30,In-Store,Cash on Delivery,2
9484,2424,2025-09-28,Online App,Cash on Delivery,5
9485,2700,2025-11-30,Online App,Apple Pay,1
9486,1879,2024-10-25,Website,Cash on Delivery,3
9487,18,2025-11-03,Online App,Tabby (BNPL),2
9488,569,2025-06-07,Website,Tabby (BNPL),1
9489,293,2024-11-12,In-Store,Tabby (BNPL),2
9490,1112,2025-12-31,Online App,Tabby (BNPL),1
9491,1505,2025-12-03,Online App,Apple Pay,2
9492,126,2025-11-24,Online App,Cash on Delivery,2
9493,1071,2025-07-07,Online App,Apple Pay,1
9494,545,2025-12-07,Website,Apple Pay,5
9495,1951,2025-08-27,Website,Cash on Delivery,2
9496,1409,2025-05-03,Online App,Credit Card,2
9497,1490,2025-12-23,Website,Tabby (BNPL),1
9498,1292,2025-12-11,In-Store,Credit Card,2
9499,2870,2025-11-01,Website,Cash on Delivery,3
9500,662,2025-12-28,In-Store,Apple Pay,2
9501,1547,2025-05-19,Online App,Apple Pay,1
9502,2214,2025-03-08,Online App,Cash on Delivery,5
9503,1677,2025-03-04,Online App,Apple Pay,6
9504,2787,2024-07-27,Online App,Credit Card,3
9505,1158,2025-08-08,Website,Tabby (BNPL),3
9506,1407,2025-09-14,Online App,Credit Card,1
9507,256,2025-10-31,Online App,Credit Card,3
9508,1834,2024-05-31,Online App,Cash on Delivery,7
9509,878,2025-04-19,Online App,Tabby (BNPL),2
9510,486,2025-12-26,In-Store,Apple Pay,1
9511,1646,2025-05-12,Website,Apple Pay,3
9512,1600,2025-10-22,Online App,Apple Pay,1
9513,223,2025-12-18,Website,Credit Card,3
9514,2104,2024-10-17,Website,Cash on Delivery,2
9515,1879,2024-11-01,Online App,Credit Card,3
9516,575,2024-06-17,In-Store,Credit Card,3
9517,1420,2025-05-02,In-Store,Credit Card,5
9518,2162,2025-09-16,Online App,Credit Card,6
9519,1592,2025-11-11,Online App,Cash on Delivery,1
9520,1206,2024-11-29,Website,Apple Pay,2
9521,987,2025-10-02,Website,Cash on Delivery,2
9522,1839,2025-03-07,Online App,Tabby (BNPL),3
9523,2815,2025-08-06,Online App,Cash on Delivery,4
9524,2027,2025-11-25,Online App,Credit Card,1
9525,220,2025-10-02,Online App,Cash on Delivery,6
9526,1399,2025-05-28,Website,Apple Pay,1
9527,2679,2025-11-09,Online App,Apple Pay,3
9528,276,2025-12-01,Website,Credit Card,1
9529,2969,2025-05-07,Online App,Cash on Delivery,2
9530,2847,2025-09-24,Website,Credit Card,1
9531,229,2025-08-28,Online App,Tabby (BNPL),6
9532,2800,2025-03-05,Website,Credit Card,1
9533,1111,2025-08-19,Online App,Tabby (BNPL),1
9534,2539,2025-12-27,Website,Apple Pay,1
9535,1266,2025-03-07,Online App,Apple Pay,1
9536,1340,2025-11-20,Online App,Apple Pay,2
9537,1916,2025-10-01,Online App,Credit Card,1
9538,2338,2025-12-28,Online App,Tabby (BNPL),1
9539,108,2025-11-24,Online App,Credit Card,2
9540,1785,2025-12-25,Website,Credit Card,1
9541,569,2025-05-11,Online App,Apple Pay,1
9542,1065,2025-07-04,Online App,Credit Card,2
9543,1069,2024-12-08,In-Store,Tabby (BNPL),6
9544,1419,2025-12-09,Online App,Apple Pay,1
9545,1022,2025-11-19,Online App,Apple Pay,2
9546,319,2025-08-28,Online App,Apple Pay,2
9547,438,2025-05-13,In-Store,Apple Pay,3
9548,107,2025-02-19,Online App,Cash on Delivery,3
9549,1423,2024-07-13,Online App,Apple Pay,1
9550,2863,2025-11-21,In-Store,Cash on Delivery,1
9551,337,2025-12-27,Online App,Apple Pay,1
9552,2838,2025-09-29,Online App,Apple Pay,6
9553,2203,2025-11-20,Online App,Apple Pay,1
9554,1924,2025-08-20,Website,Tabby (BNPL),1
9555,1946,2025-12-19,Online App,Apple Pay,2
9556,2491,2025-04-06,Online App,Apple Pay,3
9557,318,2025-09-12,Online App,Apple Pay,1
9558,1513,2025-04-07,Online App,Cash on Delivery,2
9559,2102,2025-12-31,Online App,Credit Card,2
9560,1765,2025-08-08,Online App,Credit Card,1
9561,2510,2025-04-23,Website,Credit Card,1
9562,212,2025-07-13,Online App,Credit Card,2
9563,2081,2025-10-27,In-Store,Apple Pay,3
9564,1607,2025-12-30,Online App,Credit Card,1
9565,1160,2025-12-25,Online App,Tabby (BNPL),5
9566,1043,2025-02-19,Website,Credit Card,2
9567,1872,2025-07-14,In-Store,Tabby (BNPL),2
9568,2679,2025-10-09,Online App,Cash on Delivery,3
9569,1493,2025-11-11,Online App,Credit Card,2
9570,2486,2024-11-03,In-Store,Cash on Delivery,1
9571,1223,2025-12-21,Online App,Cash on Delivery,7
9572,304,2025-09-01,Website,Cash on Delivery,1
9573,176,2025-10-14,In-Store,Cash on Delivery,2
9574,146,2025-08-10,Online App,Apple Pay,2
9575,1164,2025-09-02,Website,Cash on Delivery,1
9576,1033,2024-12-26,Online App,Cash on Delivery,1
9577,2154,2025-02-26,Online App,Cash on Delivery,3
9578,2235,2025-12-23,Online App,Cash on Delivery,1
9579,145,2025-10-20,Online App,Cash on Delivery,7
9580,683,2025-12-31,Online App,Cash on Delivery,1
9581,832,2025-03-02,Online App,Tabby (BNPL),6
9582,1651,2025-04-20,Online App,Tabby (BNPL),2
9583,435,2025-10-08,Online App,Credit Card,5
9584,396,2024-06-07,Website,Apple Pay,3
9585,2832,2025-12-31,In-Store,Cash on Delivery,1
9586,2424,2025-02-02,Online App,Apple Pay,5
9587,551,2025-04-24,Online App,Tabby (BNPL),1
9588,1236,2025-08-03,Website,Credit Card,1
9589,1092,2025-10-12,Online App,Tabby (BNPL),1
9590,2386,2025-03-22,Website,Apple Pay,1
9591,1526,2024-07-02,Online App,Cash on Delivery,7
9592,374,2025-05-01,In-Store,Apple Pay,2
9593,2223,2025-06-10,Online App,Cash on Delivery,2
9594,1209,2024-03-31,Online App,Apple Pay,3
9595,801,2024-08-10,In-Store,Tabby (BNPL),1
9596,1151,2025-11-17,Website,Credit Card,2
9597,1496,2024-06-16,Website,Apple Pay,3
9598,1051,2025-05-03,Online App,Credit Card,2
9599,744,2025-10-16,Website,Tabby (BNPL),1
9600,1213,2025-02-03,In-Store,Tabby (BNPL),3
9601,61,2025-08-04,Website,Credit Card,1
9602,2332,2024-11-14,Website,Tabby (BNPL),2
9603,521,2025-05-23,Website,Credit Card,2
9604,127,2025-07-12,Website,Apple Pay,2
9605,1971,2025-08-10,Online App,Cash on Delivery,3
9606,2337,2025-06-25,In-Store,Tabby (BNPL),2
9607,2455,2025-06-01,Website,Cash on Delivery,2
9608,1485,2025-12-13,Online App,Cash on Delivery,2
9609,633,2025-11-10,Online App,Credit Card,6
9610,2218,2025-11-24,Website,Apple Pay,1
9611,2109,2025-11-29,Website,Apple Pay,1
9612,759,2025-11-29,Online App,Credit Card,1
9613,2712,2025-12-06,Online App,Tabby (BNPL),7
9614,308,2025-04-11,Online App,Credit Card,5
9615,2950,2024-07-21,In-Store,Credit Card,1
9616,2584,2025-06-04,Website,Tabby (BNPL),2
9617,2073,2025-12-18,Website,Apple Pay,1
9618,2815,2025-11-20,Website,Apple Pay,4
9619,2167,2025-01-16,Online App,Cash on Delivery,1
9620,581,2025-06-30,Online App,Cash on Delivery,7
9621,1343,2025-12-30,Online App,Credit Card,2
9622,210,2025-07-27,Online App,Credit Card,2
9623,1193,2025-05-28,Online App,Apple Pay,1
9624,2230,2025-08-21,Online App,Tabby (BNPL),3
9625,1185,2024-07-29,Online App,Apple Pay,3
9626,1012,2025-12-17,Online App,Tabby (BNPL),3
9627,1794,2025-12-12,Website,Tabby (BNPL),1
9628,2624,2025-12-13,Online App,Credit Card,2
9629,139,2025-12-26,Online App,Credit Card,1
9630,1181,2025-08-26,Website,Cash on Delivery,1
9631,476,2025-12-26,Online App,Credit Card,3
9632,2096,2024-07-06,Online App,Cash on Delivery,1
9633,312,2025-03-04,In-Store,Cash on Delivery,4
9634,2008,2025-09-14,Online App,Credit Card,7
9635,871,2024-07-03,Website,Apple Pay,7
9636,607,2024-05-29,Online App,Credit Card,1
9637,2806,2024-09-29,Online App,Credit Card,4
9638,58,2025-08-01,Online App,Apple Pay,1
9639,1330,2025-12-17,Online App,Tabby (BNPL),1
9640,71,2025-11-21,Website,Tabby (BNPL),3
9641,1458,2024-07-14,Online App,Apple Pay,6
9642,1505,2025-04-28,Online App,Tabby (BNPL),2
9643,984,2025-11-26,In-Store,Apple Pay,1
9644,390,2025-09-24,Online App,Tabby (BNPL),2
9645,1153,2024-12-24,Online App,Cash on Delivery,2
9646,2028,2025-11-11,Website,Tabby (BNPL),1
9647,2362,2024-08-24,Website,Cash on Delivery,6
9648,1596,2025-10-16,Website,Tabby (BNPL),5
9649,1772,2025-06-03,Website,Credit Card,6
9650,615,2025-12-11,Website,Tabby (BNPL),3
9651,876,2025-12-10,Online App,Credit Card,1
9652,490,2025-03-10,In-Store,Cash on Delivery,3
9653,766,2025-08-12,Online App,Cash on Delivery,2
9654,692,2025-09-19,Website,Apple Pay,2
9655,1557,2025-03-06,In-Store,Credit Card,2
9656,1693,2025-09-15,Website,Apple Pay,2
9657,2835,2025-08-20,Online App,Apple Pay,2
9658,599,2025-10-28,Online App,Tabby (BNPL),7
9659,1934,2025-09-08,Online App,Credit Card,3
9660,2466,2025-04-04,Website,Cash on Delivery,6
9661,1685,2025-12-28,In-Store,Apple Pay,2
9662,781,2025-12-25,In-Store,Tabby (BNPL),1
9663,801,2025-06-04,Online App,Credit Card,1
9664,119,2025-09-30,Website,Apple Pay,1
9665,929,2025-07-04,Online App,Apple Pay,3
9666,2243,2025-06-15,Online App,Apple Pay,1
9667,139,2025-12-29,Online App,Tabby (BNPL),1
9668,676,2025-10-08,In-Store,Apple Pay,1
9669,2123,2024-10-26,Website,Tabby (BNPL),2
9670,2362,2024-11-23,Website,Cash on Delivery,6
9671,1381,2025-12-10,Website,Apple Pay,2
9672,2103,2025-05-06,Website,Credit Card,3
9673,1188,2025-12-02,In-Store,Credit Card,6
9674,485,2025-11-23,Website,Credit Card,3
9675,1213,2024-09-19,Online App,Apple Pay,3
9676,1741,2025-05-05,Online App,Tabby (BNPL),7
9677,2843,2025-01-12,Online App,Apple Pay,1
9678,201,2025-12-15,Website,Credit Card,1
9679,1521,2025-12-28,Website,Apple Pay,1
9680,1007,2024-08-07,In-Store,Cash on Delivery,2
9681,1522,2025-06-05,Online App,Cash on Delivery,1
9682,81,2025-07-07,Online App,Apple Pay,3
9683,953,2025-08-21,Online App,Cash on Delivery,1
9684,2471,2025-06-29,Website,Tabby (BNPL),4
9685,1666,2025-09-27,Online App,Apple Pay,2
9686,1368,2025-09-26,Online App,Cash on Delivery,2
9687,868,2025-08-17,In-Store,Credit Card,1
9688,907,2025-11-30,Online App,Apple Pay,1
9689,1171,2025-12-29,In-Store,Tabby (BNPL),2
9690,2513,2025-11-05,In-Store,Apple Pay,5
9691,2909,2024-11-03,Online App,Credit Card,6
9692,1331,2025-01-02,Online App,Tabby (BNPL),3
9693,1201,2025-10-08,Website,Tabby (BNPL),1
9694,2544,2025-06-14,Online App,Apple Pay,1
9695,1291,2025-11-06,Website,Tabby (BNPL),5
9696,1661,2025-05-20,In-Store,Cash on Delivery,1
9697,711,2025-08-21,Online App,Credit Card,1
9698,2239,2025-10-25,Online App,Credit Card,1
9699,1598,2024-10-08,Online App,Credit Card,6
9700,2439,2025-11-05,In-Store,Credit Card,2
9701,2358,2024-03-16,Online App,Tabby (BNPL),1
9702,662,2025-11-14,Website,Apple Pay,2
9703,2149,2025-06-19,Website,Tabby (BNPL),2
9704,2413,2025-12-31,In-Store,Apple Pay,2
9705,1065,2025-11-07,Online App,Cash on Delivery,2
9706,525,2025-12-27,Online App,Cash on Delivery,1
9707,10,2025-12-10,Website,Tabby (BNPL),1
9708,1369,2025-08-09,Website,Tabby (BNPL),2
9709,1080,2025-09-26,Online App,Credit Card,3
9710,1670,2025-08-24,Website,Cash on Delivery,6
9711,573,2025-01-02,Website,Apple Pay,4
9712,2583,2024-12-27,Online App,Apple Pay,1
9713,788,2024-12-04,In-Store,Tabby (BNPL),4
9714,697,2025-10-15,Website,Cash on Delivery,5
9715,1451,2024-12-25,In-Store,Credit Card,2
9716,1498,2025-09-14,Online App,Tabby (BNPL),1
9717,662,2025-12-14,Website,Credit Card,2
9718,825,2024-10-31,Online App,Apple Pay,1
9719,518,2025-02-09,Website,Apple Pay,4
9720,2155,2025-11-14,Online App,Credit Card,5
9721,2323,2025-04-06,Website,Cash on Delivery,3
9722,1405,2025-12-20,Online App,Cash on Delivery,1
9723,2146,2025-01-25,Online App,Cash on Delivery,2
9724,2214,2025-05-19,Online App,Credit Card,5
9725,414,2025-10-09,Online App,Credit Card,1
9726,2906,2025-09-07,Online App,Credit Card,4
9727,2474,2025-09-05,Online App,Cash on Delivery,2
9728,628,2025-03-09,Online App,Tabby (BNPL),2
9729,569,2025-02-20,Website,Credit Card,1
9730,365,2025-10-08,Website,Apple Pay,3
9731,414,2025-09-24,Website,Cash on Delivery,1
9732,2251,2025-11-08,In-Store,Apple Pay,1
9733,1421,2024-09-03,In-Store,Cash on Delivery,1
9734,2362,2025-01-16,Online App,Tabby (BNPL),6
9735,2247,2025-12-27,Website,Tabby (BNPL),3
9736,1821,2025-08-10,Online App,Credit Card,5
9737,2068,2024-09-30,In-Store,Apple Pay,1
9738,57,2024-11-24,In-Store,Cash on Delivery,1
9739,950,2025-03-05,Online App,Credit Card,1
9740,1926,2025-12-08,Online App,Apple Pay,3
9741,27,2025-09-24,In-Store,Tabby (BNPL),2
9742,107,2025-04-12,Online App,Tabby (BNPL),3
9743,2561,2025-04-16,Online App,Cash on Delivery,1
9744,2064,2024-09-12,Online App,Tabby (BNPL),3
9745,807,2025-11-06,In-Store,Tabby (BNPL),3
9746,2073,2025-11-17,Website,Tabby (BNPL),1
9747,2388,2024-05-16,Online App,Credit Card,1
9748,932,2025-09-12,Website,Cash on Delivery,2
9749,113,2024-12-26,Website,Cash on Delivery,4
9750,2797,2025-06-23,In-Store,Apple Pay,2
9751,1062,2025-10-26,Online App,Tabby (BNPL),1
9752,315,2025-12-16,Online App,Cash on Delivery,2
9753,1479,2025-12-06,Website,Apple Pay,4
9754,2317,2025-01-31,Website,Tabby (BNPL),7
9755,685,2025-02-20,Online App,Credit Card,7
9756,820,2025-04-29,Online App,Cash on Delivery,5
9757,747,2025-12-30,Online App,Credit Card,1
9758,2975,2025-07-27,In-Store,Tabby (BNPL),2
9759,602,2025-12-17,Online App,Cash on Delivery,2
9760,1730,2025-09-06,Website,Apple Pay,3
9761,2773,2025-06-12,Website,Credit Card,7
9762,442,2025-07-03,Online App,Credit Card,1
9763,2917,2025-12-11,Online App,Apple Pay,2
9764,2841,2025-11-27,Online App,Apple Pay,2
9765,2664,2024-12-23,In-Store,Credit Card,2
9766,661,2024-06-08,In-Store,Apple Pay,5
9767,1914,2025-10-02,Online App,Cash on Delivery,1
9768,2290,2025-10-28,In-Store,Tabby (BNPL),1
9769,2960,2025-06-05,In-Store,Credit Card,1
9770,550,2024-05-28,Online App,Apple Pay,2
9771,2307,2025-12-21,Online App,Cash on Delivery,5
9772,1037,2024-04-28,Online App,Credit Card,1
9773,533,2025-12-29,In-Store,Credit Card,1
9774,1272,2025-12-01,Online App,Cash on Delivery,1
9775,2395,2025-12-02,Online App,Tabby (BNPL),3
9776,1410,2024-12-09,Online App,Cash on Delivery,1
9777,1617,2025-03-13,Online App,Apple Pay,2
9778,2989,2025-09-16,Online App,Credit Card,1
9779,1214,2025-12-04,Website,Apple Pay,2
9780,1851,2025-10-02,Online App,Cash on Delivery,3
9781,1116,2025-08-17,Website,Tabby (BNPL),1
9782,1200,2024-09-12,Website,Tabby (BNPL),2
9783,2097,2025-05-31,Website,Apple Pay,2
9784,2812,2025-11-30,In-Store,Credit Card,3
9785,1637,2024-09-18,Website,Apple Pay,4
9786,2317,2024-10-21,In-Store,Apple Pay,7
9787,257,2025-12-17,Online App,Cash on Delivery,1
9788,651,2025-10-16,In-Store,Cash on Delivery,1
9789,1506,2025-03-20,Online App,Apple Pay,1
9790,66,2025-11-23,Online App,Apple Pay,1
9791,774,2025-09-23,In-Store,Cash on Delivery,3
9792,1549,2025-09-03,Website,Credit Card,2
9793,47,2025-07-07,In-Store,Cash on Delivery,6
9794,804,2025-09-05,In-Store,Apple Pay,2
9795,1536,2025-01-24,Website,Apple Pay,1
9796,1723,2025-11-04,Online App,Apple Pay,2
9797,2773,2024-08-24,In-Store,Tabby (BNPL),7
9798,1946,2025-12-07,Website,Tabby (BNPL),2
9799,1253,2025-07-15,Online App,Credit Card,5
9800,2790,2025-08-11,Online App,Credit Card,2
9801,2367,2025-11-27,Online App,Tabby (BNPL),2
9802,611,2025-11-15,Website,Credit Card,5
9803,384,2024-09-23,Online App,Tabby (BNPL),1
9804,2037,2025-08-23,Website,Apple Pay,6
9805,1683,2025-12-23,In-Store,Apple Pay,1
9806,2380,2025-07-13,Website,Credit Card,3
9807,2223,2025-03-12,Online App,Tabby (BNPL),2
9808,1885,2025-05-23,Website,Tabby (BNPL),2
9809,2960,2024-11-22,Online App,Credit Card,1
9810,1605,2024-11-26,Online App,Tabby (BNPL),1
9811,329,2024-12-30,Online App,Apple Pay,3
9812,2495,2025-01-20,Online App,Tabby (BNPL),1
9813,770,2024-07-13,Online App,Cash on Delivery,2
9814,2346,2025-09-23,In-Store,Credit Card,1
9815,2874,2025-12-24,Online App,Apple Pay,5
9816,2101,2025-06-24,In-Store,Cash on Delivery,2
9817,1795,2025-12-16,Online App,Tabby (BNPL),1
9818,1398,2025-11-15,Online App,Apple Pay,7
9819,1114,2025-08-25,Website,Cash on Delivery,2
9820,1081,2025-09-04,Online App,Apple Pay,2
9821,1921,2025-02-16,Website,Credit Card,2
9822,2258,2025-01-29,Online App,Tabby (BNPL),3
9823,2042,2025-02-09,Website,Cash on Delivery,2
9824,606,2025-10-12,Online App,Tabby (BNPL),1
9825,1487,2024-07-21,Website,Credit Card,2
9826,2386,2025-07-31,Website,Apple Pay,1
9827,1442,2025-12-07,In-Store,Tabby (BNPL),2
9828,1614,2025-09-01,Online App,Apple Pay,2
9829,2329,2025-04-12,Website,Apple Pay,1
9830,1994,2025-10-29,Online App,Credit Card,2
9831,1242,2025-10-31,Online App,Tabby (BNPL),2
9832,2690,2024-12-21,Website,Apple Pay,2
9833,494,2025-07-12,Online App,Tabby (BNPL),1
9834,2990,2025-08-18,In-Store,Tabby (BNPL),3
9835,347,2025-06-25,Online App,Apple Pay,3
9836,47,2025-01-28,Online App,Apple Pay,6
9837,2677,2025-12-26,Online App,Credit Card,3
9838,753,2025-03-03,Website,Credit Card,2
9839,2189,2025-12-06,Online App,Apple Pay,2
9840,2447,2025-10-20,Online App,Credit Card,1
9841,2579,2024-12-28,Website,Cash on Delivery,3
9842,2975,2025-11-13,Online App,Apple Pay,2
9843,893,2025-10-24,In-Store,Credit Card,2
9844,2133,2025-08-21,Online App,Apple Pay,3
9845,337,2025-11-28,Website,Apple Pay,1
9846,1236,2025-11-06,Online App,Cash on Delivery,1
9847,2549,2025-10-17,Online App,Cash on Delivery,1
9848,1124,2025-08-28,Online App,Tabby (BNPL),1
9849,1777,2025-11-01,Online App,Apple Pay,1
9850,1511,2025-10-22,In-Store,Cash on Delivery,5
9851,1947,2025-11-11,Website,Cash on Delivery,2
9852,2922,2025-09-25,Online App,Credit Card,1
9853,159,2024-10-10,In-Store,Apple Pay,3
9854,1727,2025-07-18,Online App,Credit Card,3
9855,2593,2025-08-15,In-Store,Cash on Delivery,7
9856,1454,2025-01-04,In-Store,Apple Pay,1
9857,229,2025-08-17,Online App,Cash on Delivery,6
9858,1685,2025-10-19,Website,Cash on Delivery,2
9859,1015,2025-11-14,Online App,Credit Card,1
9860,467,2025-01-18,Website,Cash on Delivery,1
9861,2552,2025-09-03,Online App,Tabby (BNPL),1
9862,1566,2025-12-26,In-Store,Cash on Delivery,6
9863,2799,2025-12-31,Online App,Cash on Delivery,1
9864,2432,2025-03-26,Website,Credit Card,1
9865,2090,2025-12-24,Online App,Tabby (BNPL),2
9866,18,2025-12-23,In-Store,Cash on Delivery,2
9867,1293,2025-11-23,Online App,Cash on Delivery,2
9868,602,2025-12-25,Online App,Apple Pay,2
9869,2731,2024-07-03,In-Store,Apple Pay,2
9870,530,2024-04-30,In-Store,Cash on Delivery,1
9871,871,2024-08-18,In-Store,Apple Pay,7
9872,1547,2025-04-26,Online App,Credit Card,1
9873,802,2025-09-27,Online App,Tabby (BNPL),2
9874,646,2024-05-16,Website,Credit Card,3
9875,1804,2025-12-05,Website,Cash on Delivery,1
9876,256,2025-12-18,In-Store,Credit Card,3
9877,167,2024-08-14,Online App,Tabby (BNPL),6
9878,1141,2025-08-18,Website,Apple Pay,1
9879,2162,2025-07-24,Online App,Credit Card,6
9880,1670,2025-11-18,In-Store,Tabby (BNPL),6
9881,1277,2025-11-06,Online App,Cash on Delivery,1
9882,1703,2025-08-02,In-Store,Tabby (BNPL),1
9883,1116,2025-12-12,In-Store,Apple Pay,1
9884,2805,2025-07-09,Online App,Credit Card,1
9885,159,2025-04-02,Online App,Tabby (BNPL),3
9886,2032,2025-09-12,Website,Cash on Delivery,3
9887,2681,2025-03-23,Online App,Cash on Delivery,2
9888,2424,2024-11-07,Online App,Cash on Delivery,5
9889,565,2025-12-30,In-Store,Tabby (BNPL),1
9890,900,2025-07-10,Website,Tabby (BNPL),3
9891,2153,2025-12-12,Website,Apple Pay,1
9892,245,2025-12-18,Online App,Cash on Delivery,1
9893,2448,2025-10-22,Website,Cash on Delivery,2
9894,2155,2025-11-04,Online App,Tabby (BNPL),5
9895,2189,2025-10-12,In-Store,Credit Card,2
9896,295,2025-09-10,In-Store,Tabby (BNPL),5
9897,2153,2025-12-26,Website,Apple Pay,1
9898,2047,2025-10-03,Online App,Credit Card,1
9899,2503,2025-06-09,Online App,Apple Pay,7
9900,123,2025-07-24,In-Store,Apple Pay,2
9901,78,2025-01-30,Online App,Tabby (BNPL),1
9902,1144,2024-09-27,Online App,Apple Pay,2
9903,446,2025-04-12,Website,Tabby (BNPL),1
9904,1681,2025-09-27,Online App,Cash on Delivery,1
9905,2752,2025-10-19,Website,Credit Card,1
9906,1198,2025-02-19,Online App,Credit Card,2
9907,2541,2025-09-27,Online App,Credit Card,1
9908,2,2025-10-28,Website,Apple Pay,2
9909,516,2024-07-29,Online App,Cash on Delivery,1
9910,100,2025-12-31,Online App,Apple Pay,1
9911,1004,2025-11-07,Website,Tabby (BNPL),2
9912,2724,2025-12-18,Website,Credit Card,7
9913,286,2025-06-30,In-Store,Tabby (BNPL),1
9914,1827,2025-01-20,Website,Cash on Delivery,2
9915,1370,2025-11-14,In-Store,Tabby (BNPL),7
9916,2813,2024-09-28,Website,Cash on Delivery,4
9917,355,2025-12-03,Online App,Apple Pay,2
9918,652,2024-10-12,Online App,Cash on Delivery,1
9919,97,2025-06-06,Website,Tabby (BNPL),5
9920,1314,2025-11-17,In-Store,Cash on Delivery,1
9921,843,2025-01-29,Online App,Tabby (BNPL),4
9922,2616,2025-08-16,Website,Credit Card,2
9923,1821,2025-01-05,Online App,Apple Pay,5
9924,1848,2025-05-22,Website,Cash on Delivery,2
9925,1598,2024-11-03,Website,Apple Pay,6
9926,266,2025-01-30,Online App,Cash on Delivery,1
9927,1351,2025-07-22,Online App,Apple Pay,2
9928,2999,2025-12-12,Website,Cash on Delivery,1
9929,2512,2025-02-14,Website,Apple Pay,2
9930,2688,2025-03-16,Online App,Cash on Delivery,5
9931,2482,2025-07-06,Online App,Cash on Delivery,2
9932,306,2025-09-23,Website,Credit Card,5
9933,699,2025-12-09,Online App,Tabby (BNPL),2
9934,11,2025-09-12,In-Store,Cash on Delivery,2
9935,922,2025-10-01,Online App,Cash on Delivery,2
9936,321,2025-11-27,Website,Apple Pay,1
9937,1430,2025-08-23,Online App,Tabby (BNPL),1
9938,2039,2025-12-03,Online App,Apple Pay,1
9939,2632,2025-11-01,Online App,Apple Pay,3
9940,2253,2025-12-19,Online App,Apple Pay,2
9941,2814,2025-07-11,In-Store,Apple Pay,2
9942,157,2025-09-01,Website,Credit Card,1
9943,36,2025-04-12,Online App,Tabby (BNPL),5
9944,1994,2025-07-08,Online App,Tabby (BNPL),2
9945,880,2025-04-04,Online App,Credit Card,4
9946,776,2025-05-03,Website,Tabby (BNPL),1
9947,1013,2025-05-23,Website,Tabby (BNPL),1
9948,821,2024-07-18,Website,Cash on Delivery,3
9949,1529,2025-03-18,Online App,Tabby (BNPL),4
9950,1337,2025-10-30,In-Store,Cash on Delivery,2
9951,1533,2025-08-20,Website,Cash on Delivery,1
9952,2029,2025-08-21,In-Store,Cash on Delivery,1
9953,1187,2025-10-08,In-Store,Credit Card,6
9954,770,2024-08-22,In-Store,Credit Card,2
9955,509,2025-07-04,Online App,Apple Pay,4
9956,1073,2025-12-28,Website,Cash on Delivery,2
9957,2231,2025-12-19,Online App,Tabby (BNPL),1
9958,2274,2025-10-07,Online App,Cash on Delivery,2
9959,2012,2025-03-10,In-Store,Credit Card,2
9960,721,2025-11-11,Online App,Tabby (BNPL),1
9961,1770,2024-09-03,Website,Apple Pay,1
9962,1715,2024-12-27,Online App,Apple Pay,3
9963,1459,2025-11-16,Online App,Tabby (BNPL),7
9964,1658,2025-09-24,Website,Credit Card,6
9965,1479,2025-08-20,Website,Cash on Delivery,4
9966,1702,2025-09-11,Online App,Cash on Delivery,1
9967,2149,2025-04-18,Online App,Apple Pay,2
9968,324,2025-07-08,In-Store,Cash on Delivery,1
9969,2253,2025-12-23,In-Store,Credit Card,2
9970,407,2025-10-16,Online App,Tabby (BNPL),1
9971,193,2025-11-17,Website,Apple Pay,5
9972,2929,2024-02-25,Online App,Apple Pay,2
9973,2874,2025-04-17,In-Store,Cash on Delivery,5
9974,173,2025-12-03,Online App,Apple Pay,2
9975,1349,2025-09-23,Online App,Credit Card,4
9976,569,2024-09-23,Website,Tabby (BNPL),1
9977,1460,2025-07-22,Website,Tabby (BNPL),1
9978,2500,2025-01-22,Online App,Credit Card,1
9979,2848,2025-11-04,Online App,Cash on Delivery,2
9980,1916,2025-09-12,In-Store,Apple Pay,1
9981,1085,2025-09-19,In-Store,Credit Card,4
9982,1816,2024-11-23,Website,Tabby (BNPL),2
9983,952,2025-10-20,Online App,Apple Pay,1
9984,2728,2025-10-16,In-Store,Credit Card,2
9985,2618,2025-08-01,Online App,Credit Card,1
9986,1681,2025-09-15,In-Store,Credit Card,1
9987,994,2025-02-07,Online App,Tabby (BNPL),1
9988,893,2025-11-15,In-Store,Credit Card,2
9989,107,2025-05-04,Online App,Apple Pay,3
9990,2461,2025-09-03,Online App,Apple Pay,1
9991,1367,2024-09-15,In-Store,Tabby (BNPL),2
9992,996,2025-04-19,Online App,Apple Pay,3
9993,1426,2025-10-14,Online App,Apple Pay,1
9994,2468,2025-08-21,Online App,Cash on Delivery,1
9995,360,2025-11-29,Website,Apple Pay,2
9996,2575,2025-03-12,In-Store,Tabby (BNPL),1
9997,2695,2025-10-24,Website,Credit Card,2
9998,2839,2025-09-14,Website,Cash on Delivery,2
9999,1210,2025-11-25,Online App,Tabby (BNPL),5
10000,668,2025-11-19,Online App,Cash on Delivery,1
10001,1147,2025-09-27,Online App,Cash on Delivery,3
10002,1018,2025-11-10,In-Store,Tabby (BNPL),1
10003,535,2025-09-28,Online App,Tabby (BNPL),1
10004,1828,2025-06-16,Website,Apple Pay,2
10005,1444,2024-06-30,Online App,Apple Pay,2
10006,2603,2025-08-01,In-Store,Cash on Delivery,5
10007,105,2025-10-11,Online App,Cash on Delivery,1
10008,1940,2025-12-30,Online App,Tabby (BNPL),2
10009,2296,2025-10-17,Online App,Apple Pay,3
10010,2285,2025-04-26,Online App,Tabby (BNPL),4
10011,2666,2025-06-03,Website,Cash on Delivery,1
10012,2189,2025-11-28,In-Store,Credit Card,2
10013,2782,2025-04-12,Website,Cash on Delivery,2
10014,1017,2025-12-18,Online App,Cash on Delivery,2
10015,1509,2025-06-14,Online App,Apple Pay,5
10016,42,2025-03-01,Online App,Credit Card,2
10017,22,2024-12-26,Online App,Cash on Delivery,2
10018,740,2025-07-10,In-Store,Cash on Delivery,1
10019,297,2024-11-08,Website,Credit Card,3
10020,796,2025-04-12,Online App,Cash on Delivery,2
10021,538,2025-11-30,Online App,Credit Card,2
10022,95,2025-02-22,Online App,Tabby (BNPL),3
10023,2727,2025-01-04,Online App,Credit Card,1
10024,25,2025-03-07,Online App,Credit Card,6
10025,2214,2025-06-19,Online App,Credit Card,5
10026,458,2025-08-23,In-Store,Apple Pay,3
10027,2735,2025-05-10,Website,Apple Pay,4
10028,2686,2025-11-19,Online App,Credit Card,2
10029,1972,2025-03-15,Online App,Credit Card,5
10030,2028,2025-12-19,Online App,Apple Pay,1
10031,18,2025-11-06,Online App,Tabby (BNPL),2
10032,2957,2024-11-28,Online App,Tabby (BNPL),2
10033,2644,2025-11-15,Website,Cash on Delivery,5
10034,2690,2025-09-13,Online App,Tabby (BNPL),2
10035,1989,2025-10-10,In-Store,Apple Pay,1
10036,1060,2025-12-11,In-Store,Cash on Delivery,2
10037,2688,2025-09-16,Online App,Credit Card,5
10038,888,2024-11-17,Online App,Credit Card,1
10039,1693,2025-11-30,Online App,Apple Pay,2
10040,293,2025-08-20,Online App,Credit Card,2
10041,2762,2025-12-14,Online App,Apple Pay,2
10042,422,2025-08-12,Online App,Apple Pay,2
10043,692,2025-03-30,Website,Apple Pay,2
10044,1681,2025-10-19,Online App,Credit Card,1
10045,2298,2025-11-14,Website,Tabby (BNPL),2
10046,1865,2025-05-04,Online App,Tabby (BNPL),3
10047,716,2025-07-14,Website,Apple Pay,1
10048,4,2025-08-27,Online App,Cash on Delivery,1
10049,2276,2024-12-24,In-Store,Apple Pay,4
10050,2958,2025-10-15,Online App,Tabby (BNPL),1
10051,2443,2025-09-22,Online App,Cash on Delivery,1
10052,1398,2025-11-15,Online App,Apple Pay,7
10053,2713,2025-05-24,Online App,Apple Pay,1
10054,1242,2025-09-26,Online App,Apple Pay,2
10055,1581,2024-08-18,Website,Cash on Delivery,1
10056,1445,2024-08-23,Online App,Cash on Delivery,1
10057,1358,2025-02-23,Website,Cash on Delivery,1
10058,2340,2025-01-01,Website,Cash on Delivery,3
10059,1587,2024-08-04,Online App,Apple Pay,5
10060,966,2025-10-05,In-Store,Cash on Delivery,2
10061,788,2024-11-14,Online App,Tabby (BNPL),4
10062,118,2025-12-20,Online App,Cash on Delivery,1
10063,1753,2025-12-28,Website,Apple Pay,1
10064,710,2025-08-08,Website,Tabby (BNPL),1
10065,445,2025-07-12,Online App,Tabby (BNPL),1
10066,1971,2025-06-22,Online App,Apple Pay,3
10067,2052,2025-11-24,Online App,Cash on Delivery,5
10068,2263,2025-09-04,Website,Cash on Delivery,5
10069,1511,2025-05-04,Website,Apple Pay,5
10070,2689,2025-11-25,In-Store,Credit Card,5
10071,2806,2025-10-07,Online App,Credit Card,4
10072,2436,2025-11-16,Online App,Credit Card,1
10073,1919,2025-10-01,Website,Apple Pay,1
10074,923,2025-11-18,Online App,Apple Pay,2
10075,2951,2025-10-14,Website,Tabby (BNPL),1
10076,831,2025-11-07,Online App,Credit Card,1
10077,621,2024-06-12,Website,Tabby (BNPL),1
10078,1343,2025-11-13,In-Store,Cash on Delivery,2
10079,163,2025-12-29,Website,Tabby (BNPL),5
10080,2936,2025-12-18,Online App,Apple Pay,1
10081,1770,2024-04-27,Online App,Apple Pay,1
10082,1678,2025-07-03,Online App,Cash on Delivery,2
10083,1977,2025-11-30,Online App,Tabby (BNPL),1
10084,1495,2025-09-20,Website,Tabby (BNPL),4
10085,105,2025-12-03,Website,Credit Card,1
10086,1845,2024-09-29,Online App,Apple Pay,1
10087,2149,2024-10-22,Online App,Credit Card,2
10088,1259,2024-11-26,Website,Apple Pay,5
10089,2276,2024-04-11,Online App,Apple Pay,4
10090,698,2025-12-23,Online App,Tabby (BNPL),4
10091,683,2025-12-04,Online App,Tabby (BNPL),1
10092,488,2025-10-14,Online App,Credit Card,1
10093,1140,2024-12-28,In-Store,Credit Card,2
10094,2546,2025-04-02,Website,Credit Card,2
10095,2494,2025-09-27,Online App,Cash on Delivery,1
10096,1171,2025-12-29,Online App,Cash on Delivery,2
10097,1771,2025-04-17,In-Store,Apple Pay,2
10098,2163,2025-05-09,Online App,Apple Pay,1
10099,743,2025-11-14,Website,Apple Pay,1
10100,515,2025-06-17,Online App,Apple Pay,5
10101,2919,2025-05-15,In-Store,Credit Card,2
10102,1860,2025-10-21,Online App,Apple Pay,1
10103,2949,2025-12-19,In-Store,Tabby (BNPL),3
10104,1034,2025-09-02,Website,Tabby (BNPL),1
10105,2115,2025-07-02,Website,Apple Pay,3
10106,687,2025-06-19,Online App,Apple Pay,1
10107,797,2025-04-28,In-Store,Credit Card,2
10108,1530,2025-09-03,Online App,Credit Card,1
10109,978,2025-12-28,In-Store,Cash on Delivery,1
10110,515,2025-11-26,Online App,Cash on Delivery,5
10111,801,2025-03-06,In-Store,Cash on Delivery,1
10112,111,2025-08-31,In-Store,Cash on Delivery,1
10113,2117,2025-10-20,Online App,Tabby (BNPL),7
10114,1479,2025-09-09,Website,Cash on Delivery,4
10115,275,2024-09-11,Website,Tabby (BNPL),1
10116,524,2025-08-04,Online App,Tabby (BNPL),1
10117,305,2024-06-15,Online App,Credit Card,1
10118,1845,2025-05-15,Online App,Credit Card,1
10119,275,2024-12-12,Online App,Cash on Delivery,1
10120,2269,2025-08-21,Website,Apple Pay,1
10121,67,2025-09-24,Online App,Cash on Delivery,2
10122,767,2025-11-30,Website,Tabby (BNPL),2
10123,2679,2025-11-04,Online App,Tabby (BNPL),3
10124,2155,2025-12-29,Online App,Credit Card,5
10125,213,2025-05-19,Website,Cash on Delivery,2
10126,2475,2025-04-12,Online App,Tabby (BNPL),1
10127,1482,2025-09-10,Online App,Apple Pay,1
10128,2545,2024-09-10,In-Store,Tabby (BNPL),1
10129,1810,2025-02-11,Website,Cash on Delivery,2
10130,2054,2025-12-24,Online App,Credit Card,2
10131,2981,2024-08-18,Website,Credit Card,1
10132,717,2025-06-29,In-Store,Tabby (BNPL),2
10133,1880,2025-08-03,Online App,Tabby (BNPL),1
10134,1398,2025-11-01,Online App,Apple Pay,7
10135,120,2025-12-29,Online App,Cash on Delivery,2
10136,45,2025-02-28,Website,Apple Pay,4
10137,348,2025-06-02,Website,Apple Pay,3
10138,1959,2025-11-28,Website,Cash on Delivery,3
10139,1709,2025-08-13,Online App,Cash on Delivery,1
10140,1665,2025-06-24,Online App,Tabby (BNPL),1
10141,105,2025-03-11,In-Store,Apple Pay,1
10142,1419,2025-10-30,Website,Tabby (BNPL),1
10143,2771,2025-05-28,Online App,Tabby (BNPL),1
10144,1211,2025-01-27,Online App,Apple Pay,1
10145,1884,2025-05-30,In-Store,Tabby (BNPL),2
10146,2355,2025-10-16,Website,Credit Card,2
10147,2365,2024-09-04,Website,Apple Pay,1
10148,1557,2025-08-19,Website,Credit Card,2
10149,2575,2024-08-25,Website,Tabby (BNPL),1
10150,1197,2025-11-28,In-Store,Credit Card,2
10151,2673,2024-02-23,Online App,Credit Card,3
10152,741,2025-06-11,In-Store,Tabby (BNPL),2
10153,848,2025-10-31,In-Store,Credit Card,2
10154,155,2025-12-17,Online App,Credit Card,2
10155,2400,2025-12-15,In-Store,Apple Pay,2
10156,1260,2025-08-18,In-Store,Apple Pay,2
10157,706,2024-06-28,Online App,Apple Pay,7
10158,714,2025-10-14,Online App,Tabby (BNPL),5
10159,2708,2025-09-04,In-Store,Apple Pay,2
10160,2511,2025-09-01,Online App,Tabby (BNPL),1
10161,1666,2025-11-04,Website,Tabby (BNPL),2
10162,1854,2025-12-24,Online App,Tabby (BNPL),1
10163,1435,2025-10-31,Online App,Apple Pay,1
10164,1198,2024-12-30,Online App,Credit Card,2
10165,2745,2025-12-19,Website,Tabby (BNPL),6
10166,365,2025-06-19,In-Store,Credit Card,3
10167,1266,2024-12-12,Website,Cash on Delivery,1
10168,1059,2025-04-16,Website,Cash on Delivery,1
10169,1496,2024-08-23,Online App,Apple Pay,3
10170,1390,2025-03-17,Online App,Apple Pay,4
10171,1557,2025-02-12,Online App,Tabby (BNPL),2
10172,418,2025-01-19,Online App,Cash on Delivery,1
10173,1535,2025-04-26,In-Store,Apple Pay,1
10174,747,2025-12-29,Website,Cash on Delivery,1
10175,567,2025-12-15,Online App,Tabby (BNPL),2
10176,188,2025-05-25,Online App,Credit Card,3
10177,2296,2025-11-10,Online App,Credit Card,3
10178,1291,2025-08-08,Website,Credit Card,5
10179,1890,2025-08-01,Website,Apple Pay,2
10180,2186,2025-07-16,Online App,Tabby (BNPL),5
10181,2045,2025-08-25,Online App,Apple Pay,1
10182,1423,2025-08-22,Online App,Credit Card,1
10183,1188,2025-11-05,Online App,Apple Pay,6
10184,1153,2024-11-16,Online App,Credit Card,2
10185,1930,2025-11-19,In-Store,Credit Card,6
10186,1488,2025-11-26,Online App,Credit Card,1
10187,2552,2025-09-10,Online App,Tabby (BNPL),1
10188,2633,2024-12-30,Online App,Apple Pay,2
10189,519,2025-07-28,Online App,Tabby (BNPL),2
10190,407,2025-12-08,Website,Cash on Delivery,1
10191,1899,2025-10-01,Online App,Tabby (BNPL),2
10192,916,2025-11-05,In-Store,Apple Pay,3
10193,58,2025-07-18,Website,Credit Card,1
10194,2673,2025-06-23,Online App,Apple Pay,3
10195,698,2025-09-27,Online App,Credit Card,4
10196,2789,2025-08-17,Website,Credit Card,1
10197,2153,2025-12-06,Online App,Cash on Delivery,1
10198,2296,2025-10-19,In-Store,Cash on Delivery,3
10199,616,2025-11-28,Online App,Cash on Delivery,1
10200,722,2025-05-19,Online App,Credit Card,1
10201,1566,2025-12-30,In-Store,Apple Pay,6
10202,525,2025-12-28,In-Store,Credit Card,1
10203,929,2025-05-07,Online App,Cash on Delivery,3
10204,984,2025-09-22,In-Store,Tabby (BNPL),1
10205,483,2025-02-27,Website,Cash on Delivery,1
10206,632,2025-02-22,Website,Credit Card,3
10207,2377,2025-10-25,Website,Apple Pay,2
10208,513,2025-10-14,In-Store,Cash on Delivery,7
10209,95,2024-10-26,Online App,Cash on Delivery,3
10210,1897,2025-09-20,Website,Tabby (BNPL),2
10211,2929,2024-08-03,Online App,Apple Pay,2
10212,1013,2025-09-10,Website,Credit Card,1
10213,346,2025-06-25,Website,Credit Card,1
10214,1715,2024-05-29,Online App,Apple Pay,3
10215,2717,2025-11-28,Website,Credit Card,2
10216,2365,2024-11-23,In-Store,Tabby (BNPL),1
10217,1878,2025-03-04,In-Store,Credit Card,2
10218,961,2025-02-12,Online App,Credit Card,2
10219,1636,2025-11-25,Website,Cash on Delivery,1
10220,263,2025-11-26,Online App,Apple Pay,1
10221,2043,2024-08-13,Online App,Credit Card,1
10222,2179,2024-07-28,Online App,Apple Pay,2
10223,2902,2025-11-19,Online App,Cash on Delivery,5
10224,796,2025-10-06,Online App,Tabby (BNPL),2
10225,57,2024-09-08,Online App,Credit Card,1
10226,1648,2025-03-18,Website,Apple Pay,2
10227,2123,2024-07-16,Website,Apple Pay,2
10228,2383,2025-01-29,Online App,Tabby (BNPL),1
10229,593,2025-08-09,Online App,Tabby (BNPL),1
10230,799,2025-02-12,Online App,Tabby (BNPL),6
10231,1533,2025-06-07,Website,Apple Pay,1
10232,1013,2025-03-13,In-Store,Cash on Delivery,1
10233,2586,2025-12-29,Online App,Apple Pay,6
10234,1433,2025-10-20,Online App,Tabby (BNPL),1
10235,2411,2024-12-28,Online App,Cash on Delivery,5
10236,1745,2025-04-04,Online App,Credit Card,1
10237,2333,2024-04-02,Online App,Credit Card,2
10238,1017,2024-05-20,Website,Apple Pay,2
10239,2505,2025-08-09,In-Store,Credit Card,1
10240,832,2024-03-05,In-Store,Tabby (BNPL),6
10241,1650,2025-11-03,Website,Cash on Delivery,1
10242,658,2025-12-20,Website,Credit Card,1
10243,1442,2025-10-29,Online App,Cash on Delivery,2
10244,971,2025-03-24,Online App,Cash on Delivery,3
10245,812,2025-10-09,Online App,Tabby (BNPL),5
10246,2908,2025-09-15,Online App,Tabby (BNPL),3
10247,486,2025-12-30,Website,Cash on Delivery,1
10248,2376,2024-09-12,Online App,Cash on Delivery,6
10249,2954,2025-09-27,Website,Tabby (BNPL),2
10250,65,2025-12-26,Online App,Tabby (BNPL),2
10251,2107,2024-11-01,Website,Cash on Delivery,1
10252,774,2025-12-12,Online App,Credit Card,3
10253,121,2025-07-13,Website,Cash on Delivery,2
10254,1224,2024-08-23,In-Store,Tabby (BNPL),1
10255,2802,2025-12-23,Online App,Apple Pay,2
10256,34,2025-06-21,Online App,Credit Card,3
10257,1769,2024-08-16,Online App,Cash on Delivery,1
10258,1505,2025-11-02,In-Store,Cash on Delivery,2
10259,2629,2024-12-03,In-Store,Cash on Delivery,3
10260,244,2025-09-30,In-Store,Tabby (BNPL),1
10261,2053,2025-09-28,In-Store,Tabby (BNPL),2
10262,2048,2025-12-22,In-Store,Tabby (BNPL),7
10263,2017,2025-11-02,Online App,Apple Pay,3
10264,2826,2025-09-04,Website,Tabby (BNPL),1
10265,2481,2025-12-12,Online App,Cash on Delivery,4
10266,124,2025-12-25,Online App,Cash on Delivery,7
10267,1426,2024-10-10,In-Store,Tabby (BNPL),1
10268,1213,2025-10-16,Online App,Credit Card,3
10269,943,2024-08-28,In-Store,Apple Pay,3
10270,1370,2025-09-27,Online App,Apple Pay,7
10271,1176,2025-03-17,Website,Credit Card,2
10272,1309,2024-10-27,Website,Credit Card,3
10273,2939,2025-12-31,Website,Cash on Delivery,1
10274,256,2025-08-17,Website,Apple Pay,3
10275,2764,2025-11-04,Online App,Tabby (BNPL),4
10276,1450,2024-04-18,Online App,Tabby (BNPL),1
10277,1879,2024-05-12,In-Store,Credit Card,3
10278,2500,2024-12-20,Online App,Credit Card,1
10279,1103,2024-12-29,Online App,Apple Pay,2
10280,1304,2025-03-23,Online App,Tabby (BNPL),2
10281,1242,2025-10-30,Website,Credit Card,2
10282,1149,2025-12-26,Website,Cash on Delivery,5
10283,2773,2025-12-27,Online App,Cash on Delivery,7
10284,2495,2025-10-04,Online App,Tabby (BNPL),1
10285,322,2025-05-31,In-Store,Apple Pay,1
10286,320,2024-11-21,Online App,Cash on Delivery,5
10287,1293,2025-10-18,In-Store,Cash on Delivery,2
10288,291,2024-02-16,Website,Apple Pay,1
10289,1865,2025-01-19,Online App,Cash on Delivery,3
10290,432,2024-12-04,Online App,Apple Pay,1
10291,1569,2025-08-31,In-Store,Cash on Delivery,2
10292,22,2025-07-01,Website,Apple Pay,2
10293,966,2025-08-31,Website,Credit Card,2
10294,2040,2025-12-15,Website,Cash on Delivery,1
10295,1459,2025-06-24,In-Store,Credit Card,7
10296,2936,2025-12-31,Online App,Tabby (BNPL),1
10297,2631,2025-04-03,Online App,Credit Card,1
10298,1100,2025-12-04,In-Store,Apple Pay,6
10299,132,2025-10-23,Online App,Cash on Delivery,7
10300,2541,2024-06-01,Website,Apple Pay,1
10301,2732,2024-12-18,In-Store,Tabby (BNPL),1
10302,2474,2025-09-25,In-Store,Cash on Delivery,2
10303,374,2025-10-20,Online App,Apple Pay,2
10304,2996,2025-12-15,Online App,Tabby (BNPL),5
10305,789,2025-02-22,Online App,Credit Card,2
10306,2175,2025-05-14,In-Store,Credit Card,2
10307,2723,2024-10-20,Online App,Credit Card,1
10308,728,2024-12-30,Website,Tabby (BNPL),1
10309,2724,2025-12-27,Website,Cash on Delivery,7
10310,941,2025-12-28,Website,Credit Card,2
10311,2930,2025-10-21,Online App,Tabby (BNPL),3
10312,852,2025-09-16,Online App,Cash on Delivery,1
10313,2859,2025-10-25,Online App,Apple Pay,1
10314,155,2025-12-22,Online App,Credit Card,2
10315,2130,2025-05-06,Website,Credit Card,2
10316,1598,2025-03-03,Website,Credit Card,6
10317,1445,2025-02-04,In-Store,Cash on Delivery,1
10318,689,2025-07-12,Website,Apple Pay,2
10319,2122,2024-12-19,In-Store,Apple Pay,1
10320,582,2025-12-29,Website,Credit Card,2
10321,1664,2024-06-06,In-Store,Apple Pay,1
10322,775,2025-05-07,In-Store,Cash on Delivery,2
10323,2868,2025-08-16,Online App,Tabby (BNPL),2
10324,95,2024-11-15,Website,Cash on Delivery,3
10325,611,2025-10-02,In-Store,Tabby (BNPL),5
10326,746,2025-12-31,Website,Tabby (BNPL),1
10327,1251,2024-09-15,Online App,Credit Card,4
10328,718,2025-08-20,Online App,Apple Pay,1
10329,1479,2025-07-28,Online App,Tabby (BNPL),4
10330,2625,2025-10-25,Online App,Apple Pay,1
10331,2139,2025-07-13,Online App,Cash on Delivery,3
10332,1741,2025-06-05,Online App,Credit Card,7
10333,256,2025-07-05,Website,Tabby (BNPL),3
10334,2093,2024-08-20,Website,Credit Card,2
10335,510,2025-03-21,Website,Credit Card,1
10336,2372,2025-11-01,Online App,Tabby (BNPL),1
10337,768,2025-10-13,In-Store,Cash on Delivery,2
10338,1260,2025-04-27,Online App,Cash on Delivery,2
10339,1076,2025-03-04,In-Store,Cash on Delivery,1
10340,2578,2025-08-01,Online App,Tabby (BNPL),2
10341,368,2024-04-28,Online App,Cash on Delivery,1
10342,1702,2025-08-26,Online App,Credit Card,1
10343,426,2025-10-11,Online App,Apple Pay,1
10344,2117,2025-08-21,Online App,Apple Pay,7
10345,2716,2025-08-18,In-Store,Credit Card,4
10346,1316,2025-10-19,Website,Credit Card,1
10347,1469,2024-03-07,Online App,Cash on Delivery,1
10348,2780,2025-03-28,In-Store,Cash on Delivery,3
10349,1564,2024-08-11,Website,Tabby (BNPL),2
10350,1469,2024-11-11,Online App,Cash on Delivery,1
10351,1737,2025-08-03,In-Store,Cash on Delivery,1
10352,2076,2024-10-28,Online App,Tabby (BNPL),1
10353,317,2024-10-27,Online App,Credit Card,2
10354,2475,2025-10-21,Website,Cash on Delivery,1
10355,1320,2025-08-09,Website,Cash on Delivery,2
10356,212,2025-10-11,Website,Cash on Delivery,2
10357,2371,2024-07-13,Online App,Apple Pay,3
10358,1156,2025-08-08,Online App,Cash on Delivery,3
10359,295,2025-11-15,Website,Credit Card,5
10360,1913,2025-02-06,In-Store,Cash on Delivery,3
10361,2648,2025-01-28,In-Store,Apple Pay,1
10362,2672,2025-06-13,In-Store,Apple Pay,1
10363,2876,2025-07-14,Online App,Apple Pay,2
10364,2610,2024-04-19,Website,Tabby (BNPL),1
10365,8,2025-10-15,Website,Apple Pay,2
10366,1165,2025-02-26,Website,Credit Card,2
10367,2468,2025-10-03,Online App,Apple Pay,1
10368,1118,2025-12-18,Online App,Tabby (BNPL),2
10369,1811,2025-11-28,Online App,Tabby (BNPL),2
10370,1827,2025-06-20,Online App,Cash on Delivery,2
10371,1116,2025-10-20,Online App,Apple Pay,1
10372,2714,2025-12-25,Online App,Cash on Delivery,2
10373,1509,2024-07-26,Online App,Apple Pay,5
10374,1410,2025-06-18,Online App,Tabby (BNPL),1
10375,2994,2025-10-06,Online App,Credit Card,1
10376,1485,2025-07-28,Online App,Credit Card,2
10377,544,2025-01-06,Online App,Cash on Delivery,2
10378,1534,2025-09-28,Online App,Apple Pay,1
10379,2456,2025-10-28,Website,Cash on Delivery,2
10380,2346,2025-10-19,Online App,Tabby (BNPL),1
10381,2377,2025-09-05,Website,Credit Card,2
10382,2126,2025-11-08,Online App,Apple Pay,4
10383,778,2025-09-06,In-Store,Tabby (BNPL),1
10384,2590,2025-11-23,Online App,Apple Pay,1
10385,2688,2025-06-08,Website,Credit Card,5
10386,594,2025-12-17,Website,Tabby (BNPL),2
10387,384,2025-05-15,Online App,Apple Pay,1
10388,2929,2024-04-05,In-Store,Cash on Delivery,2
10389,2613,2025-12-23,Website,Cash on Delivery,1
10390,2688,2025-05-18,Online App,Credit Card,5
10391,2667,2025-10-30,Online App,Cash on Delivery,2
10392,1636,2024-05-29,Website,Credit Card,1
10393,1949,2024-09-25,Online App,Credit Card,2
10394,1647,2025-10-31,Website,Apple Pay,2
10395,146,2024-06-06,Online App,Cash on Delivery,2
10396,2245,2025-03-19,Website,Cash on Delivery,6
10397,1513,2024-12-27,Online App,Tabby (BNPL),2
10398,1954,2025-08-15,Website,Tabby (BNPL),2
10399,1507,2025-09-04,Online App,Credit Card,2
10400,1479,2025-12-30,Online App,Apple Pay,4
10401,524,2025-06-25,Website,Cash on Delivery,1
10402,846,2025-07-16,Online App,Apple Pay,2
10403,479,2025-11-21,Online App,Apple Pay,2
10404,599,2025-04-01,Website,Apple Pay,7
10405,2922,2025-11-01,Website,Apple Pay,1
10406,461,2025-12-13,Website,Apple Pay,1
10407,819,2025-11-28,Online App,Credit Card,1
10408,1776,2025-07-24,Online App,Cash on Delivery,1
10409,1838,2025-12-10,In-Store,Cash on Delivery,2
10410,464,2025-08-01,Website,Cash on Delivery,3
10411,2395,2025-11-07,Online App,Cash on Delivery,3
10412,2368,2025-06-28,Website,Tabby (BNPL),3
10413,734,2024-09-14,Online App,Tabby (BNPL),1
10414,880,2025-04-20,Online App,Apple Pay,4
10415,2812,2025-09-21,In-Store,Credit Card,3
10416,2490,2025-08-27,Online App,Tabby (BNPL),1
10417,2103,2025-02-28,Website,Credit Card,3
10418,240,2025-05-04,Website,Cash on Delivery,3
10419,1266,2024-09-22,In-Store,Apple Pay,1
10420,1683,2025-11-26,Website,Credit Card,1
10421,570,2025-06-18,Online App,Apple Pay,1
10422,1359,2025-12-16,Online App,Cash on Delivery,6
10423,1810,2025-04-03,Website,Apple Pay,2
10424,1002,2025-06-12,Website,Tabby (BNPL),1
10425,2358,2024-06-26,Online App,Credit Card,1
10426,2528,2025-08-28,Website,Tabby (BNPL),1
10427,989,2025-11-28,In-Store,Apple Pay,5
10428,2523,2025-09-05,Website,Cash on Delivery,2
10429,307,2024-12-22,Online App,Tabby (BNPL),3
10430,2520,2025-11-03,Online App,Cash on Delivery,4
10431,461,2025-12-20,Online App,Apple Pay,1
10432,241,2025-12-27,Online App,Apple Pay,3
10433,1934,2025-10-15,Website,Tabby (BNPL),3
10434,1428,2025-12-31,Website,Cash on Delivery,1
10435,2723,2024-10-13,Online App,Apple Pay,1
10436,1111,2025-06-15,Website,Tabby (BNPL),1
10437,875,2025-07-03,Online App,Cash on Delivery,2
10438,1504,2024-11-19,Website,Credit Card,1
10439,1384,2025-12-18,In-Store,Credit Card,1
10440,1058,2025-09-15,Online App,Cash on Delivery,2
10441,2092,2025-11-05,Online App,Apple Pay,1
10442,2285,2025-02-19,Website,Cash on Delivery,4
10443,2565,2025-02-10,Online App,Tabby (BNPL),1
10444,2922,2025-02-13,Website,Apple Pay,1
10445,812,2025-11-13,Website,Tabby (BNPL),5
10446,2149,2025-10-02,Online App,Apple Pay,2
10447,1204,2025-12-25,Online App,Cash on Delivery,1
10448,2039,2025-02-03,Online App,Credit Card,1
10449,1443,2024-09-04,Website,Credit Card,1
10450,2983,2025-07-21,Website,Credit Card,2
10451,2189,2025-11-17,Website,Credit Card,2
10452,2854,2025-07-29,Website,Apple Pay,2
10453,2512,2025-10-19,Online App,Apple Pay,2
10454,2711,2025-07-30,In-Store,Apple Pay,1
10455,2458,2025-10-13,In-Store,Credit Card,1
10456,1394,2025-07-06,Online App,Tabby (BNPL),1
10457,770,2025-03-05,Website,Apple Pay,2
10458,1134,2025-11-13,Online App,Apple Pay,5
10459,67,2025-06-09,Online App,Apple Pay,2
10460,1577,2025-05-08,Online App,Credit Card,3
10461,1513,2025-09-08,Online App,Tabby (BNPL),2
10462,1583,2025-08-14,In-Store,Apple Pay,2
10463,2924,2025-12-20,Website,Cash on Delivery,1
10464,2732,2025-07-02,Online App,Credit Card,1
10465,489,2025-12-12,Website,Apple Pay,2
10466,1129,2025-05-09,Online App,Cash on Delivery,1
10467,1281,2025-03-14,Website,Apple Pay,1
10468,1103,2025-10-08,In-Store,Tabby (BNPL),2
10469,2410,2025-04-28,Online App,Credit Card,3
10470,1577,2025-07-28,Online App,Apple Pay,3
10471,1719,2025-01-21,Online App,Credit Card,2
10472,2565,2025-09-01,Online App,Apple Pay,1
10473,2432,2025-12-20,Online App,Tabby (BNPL),1
10474,390,2025-11-28,Website,Apple Pay,2
10475,2145,2025-06-13,Website,Tabby (BNPL),1
10476,1319,2024-09-18,Website,Tabby (BNPL),1
10477,896,2025-11-29,Online App,Credit Card,2
10478,142,2025-06-09,Website,Cash on Delivery,1
10479,1469,2024-12-15,Online App,Cash on Delivery,1
10480,1092,2025-11-11,Online App,Credit Card,1
10481,770,2025-09-19,Online App,Tabby (BNPL),2
10482,2095,2025-09-17,Website,Tabby (BNPL),5
10483,2320,2025-11-14,Website,Tabby (BNPL),2
10484,752,2025-04-15,Website,Credit Card,1
10485,141,2024-08-18,Online App,Cash on Delivery,4
10486,2552,2025-12-26,In-Store,Cash on Delivery,1
10487,30,2025-11-05,Online App,Apple Pay,1
10488,2810,2024-11-16,Online App,Apple Pay,6
10489,1892,2025-12-13,Online App,Apple Pay,3
10490,985,2025-05-21,In-Store,Cash on Delivery,1
10491,759,2025-12-28,Website,Credit Card,1
10492,25,2025-08-24,In-Store,Apple Pay,6
10493,728,2025-09-27,Online App,Cash on Delivery,1
10494,413,2025-03-23,In-Store,Cash on Delivery,3
10495,1845,2024-11-11,In-Store,Tabby (BNPL),1
10496,511,2025-10-28,Website,Tabby (BNPL),1
10497,1590,2025-08-24,Online App,Credit Card,2
10498,1773,2025-10-28,Online App,Cash on Delivery,3
10499,907,2025-12-01,Online App,Cash on Delivery,1
10500,111,2025-05-11,In-Store,Tabby (BNPL),1
10501,117,2025-12-11,Online App,Tabby (BNPL),2
10502,90,2025-05-16,Online App,Tabby (BNPL),1
10503,2223,2024-11-23,Website,Credit Card,2
10504,971,2025-02-22,Website,Cash on Delivery,3
10505,2403,2025-06-29,Online App,Tabby (BNPL),1
10506,1309,2025-03-23,Website,Credit Card,3
10507,1374,2025-10-19,In-Store,Apple Pay,1
10508,1533,2025-03-07,Website,Cash on Delivery,1
10509,2140,2025-07-11,In-Store,Cash on Delivery,2
10510,828,2025-01-24,Online App,Apple Pay,2
10511,352,2025-09-15,Online App,Cash on Delivery,5
10512,1675,2024-06-11,Online App,Cash on Delivery,6
10513,1000,2025-10-25,Online App,Credit Card,1
10514,1344,2025-08-22,Website,Tabby (BNPL),1
10515,1951,2025-09-04,Website,Apple Pay,2
10516,1487,2025-03-11,Website,Apple Pay,2
10517,1870,2025-09-18,Online App,Tabby (BNPL),2
10518,1644,2025-03-23,Online App,Credit Card,1
10519,2225,2025-08-20,Website,Credit Card,2
10520,2122,2024-06-24,Online App,Cash on Delivery,1
10521,1608,2025-12-06,Online App,Apple Pay,1
10522,2043,2025-05-22,Online App,Credit Card,1
10523,2630,2025-11-15,Online App,Credit Card,5
10524,1309,2024-09-10,Online App,Cash on Delivery,3
10525,1250,2024-06-30,In-Store,Apple Pay,3
10526,2298,2025-08-03,Online App,Tabby (BNPL),2
10527,1750,2025-08-31,Online App,Apple Pay,4
10528,207,2025-06-26,Online App,Apple Pay,1
10529,2683,2025-01-03,Online App,Credit Card,7
10530,102,2025-11-28,Website,Tabby (BNPL),2
10531,2252,2025-12-23,Online App,Credit Card,1
10532,2282,2025-08-17,Online App,Cash on Delivery,2
10533,2857,2025-09-11,Online App,Credit Card,1
10534,158,2025-04-04,Online App,Apple Pay,2
10535,1798,2025-07-27,Website,Tabby (BNPL),1
10536,1293,2025-10-24,Online App,Cash on Delivery,2
10537,1013,2024-05-02,Website,Apple Pay,1
10538,260,2025-12-10,Online App,Cash on Delivery,1
10539,1693,2025-07-13,Online App,Credit Card,2
10540,1448,2025-10-07,Online App,Credit Card,5
10541,308,2024-10-21,Online App,Cash on Delivery,5
10542,1845,2025-12-03,In-Store,Cash on Delivery,1
10543,2220,2025-08-26,In-Store,Credit Card,4
10544,2313,2025-09-20,In-Store,Tabby (BNPL),7
10545,2716,2025-10-28,Website,Apple Pay,4
10546,1242,2025-09-18,Website,Cash on Delivery,2
10547,2857,2025-12-29,Website,Apple Pay,1
10548,2602,2024-03-31,Online App,Credit Card,2
10549,901,2025-11-30,Website,Cash on Delivery,7
10550,482,2025-09-22,Online App,Apple Pay,5
10551,1319,2025-02-13,In-Store,Credit Card,1
10552,1223,2025-12-11,In-Store,Tabby (BNPL),7
10553,1731,2025-11-21,Online App,Cash on Delivery,2
10554,1753,2025-12-26,Online App,Credit Card,1
10555,2253,2025-12-14,Online App,Apple Pay,2
10556,1524,2025-10-26,Online App,Tabby (BNPL),1
10557,309,2025-10-02,Online App,Cash on Delivery,5
10558,2576,2025-12-22,Online App,Apple Pay,1
10559,943,2025-01-10,Online App,Tabby (BNPL),3
10560,2919,2025-10-28,Website,Credit Card,2
10561,343,2025-04-21,Website,Tabby (BNPL),2
10562,2878,2025-03-05,Website,Apple Pay,7
10563,262,2025-07-28,Website,Tabby (BNPL),1
10564,711,2025-12-26,Online App,Cash on Delivery,1
10565,135,2025-11-08,Online App,Cash on Delivery,4
10566,2119,2025-09-22,Website,Tabby (BNPL),2
10567,2555,2025-12-26,Online App,Credit Card,2
10568,1315,2025-09-08,Online App,Tabby (BNPL),2
10569,2785,2024-08-17,In-Store,Apple Pay,5
10570,1774,2024-11-24,Website,Tabby (BNPL),1
10571,1898,2025-04-22,Online App,Cash on Delivery,1
10572,2541,2025-10-22,Online App,Apple Pay,1
10573,903,2025-09-08,Online App,Credit Card,1
10574,1087,2025-10-03,Website,Cash on Delivery,1
10575,2717,2025-10-07,Online App,Credit Card,2
10576,2706,2025-10-26,Online App,Cash on Delivery,1
10577,2930,2025-04-04,Website,Apple Pay,3
10578,2709,2024-08-06,Website,Credit Card,1
10579,371,2025-06-05,Online App,Cash on Delivery,1
10580,2483,2025-11-17,In-Store,Tabby (BNPL),1
10581,1242,2025-08-18,Website,Apple Pay,2
10582,2973,2025-08-08,Website,Cash on Delivery,3
10583,1429,2025-07-23,Online App,Credit Card,1
10584,1666,2025-10-29,Online App,Credit Card,2
10585,1593,2024-08-10,Online App,Tabby (BNPL),1
10586,985,2025-11-17,Online App,Apple Pay,1
10587,221,2025-07-05,In-Store,Cash on Delivery,1
10588,2690,2024-10-05,In-Store,Apple Pay,2
10589,2420,2025-06-11,Online App,Credit Card,1
10590,417,2025-10-14,In-Store,Cash on Delivery,2
10591,2346,2025-05-21,In-Store,Apple Pay,1
10592,1887,2025-12-07,In-Store,Tabby (BNPL),2
10593,1242,2025-08-17,In-Store,Apple Pay,2
10594,778,2024-07-03,Online App,Tabby (BNPL),1
10595,2583,2025-04-24,Website,Tabby (BNPL),1
10596,2110,2025-08-15,Website,Apple Pay,7
10597,1651,2025-04-22,Website,Apple Pay,2
10598,1836,2025-11-25,Online App,Tabby (BNPL),1
10599,262,2025-08-09,In-Store,Tabby (BNPL),1
10600,1433,2025-01-13,In-Store,Apple Pay,1
10601,593,2025-08-26,Online App,Cash on Delivery,1
10602,640,2025-12-28,Website,Apple Pay,2
10603,1994,2025-02-08,In-Store,Apple Pay,2
10604,2732,2025-03-10,Online App,Cash on Delivery,1
10605,1225,2025-12-27,Website,Cash on Delivery,2
10606,638,2025-12-30,Online App,Credit Card,1
10607,1958,2025-11-12,In-Store,Apple Pay,1
10608,2619,2025-08-04,Website,Cash on Delivery,1
10609,2252,2025-12-13,In-Store,Credit Card,1
10610,2614,2025-01-28,Website,Cash on Delivery,1
10611,1614,2025-10-14,In-Store,Credit Card,2
10612,2262,2025-10-25,Website,Cash on Delivery,1
10613,419,2025-12-01,Online App,Tabby (BNPL),1
10614,1070,2025-08-13,Website,Tabby (BNPL),2
10615,1193,2025-11-14,Online App,Tabby (BNPL),1
10616,1529,2025-08-13,Website,Cash on Delivery,4
10617,2788,2024-11-14,Online App,Tabby (BNPL),2
10618,2632,2025-09-16,Online App,Cash on Delivery,3
10619,400,2025-02-02,In-Store,Apple Pay,3
10620,525,2025-12-13,Online App,Apple Pay,1
10621,1097,2025-06-27,Website,Cash on Delivery,1
10622,884,2025-12-28,Online App,Cash on Delivery,4
10623,1850,2025-12-30,Online App,Credit Card,2
10624,2710,2025-11-06,Online App,Cash on Delivery,1
10625,2893,2025-07-14,Website,Cash on Delivery,2
10626,1970,2024-04-17,In-Store,Apple Pay,1
10627,2521,2025-11-19,Website,Tabby (BNPL),3
10628,1582,2025-10-15,Website,Credit Card,1
10629,640,2025-12-13,In-Store,Credit Card,2
10630,1580,2024-07-18,In-Store,Cash on Delivery,5
10631,1671,2025-12-05,Website,Cash on Delivery,1
10632,2234,2025-06-07,In-Store,Apple Pay,2
10633,677,2024-11-11,In-Store,Credit Card,4
10634,1128,2025-10-14,Online App,Tabby (BNPL),4
10635,1112,2025-12-13,Online App,Apple Pay,1
10636,2882,2025-12-20,Website,Tabby (BNPL),1
10637,1350,2025-09-26,Website,Credit Card,1
10638,2269,2025-10-30,Online App,Apple Pay,1
10639,2257,2025-12-22,Online App,Cash on Delivery,3
10640,808,2025-12-09,Website,Credit Card,2
10641,1717,2025-08-19,Online App,Apple Pay,1
10642,2689,2025-04-29,Website,Tabby (BNPL),5
10643,1440,2025-07-16,Online App,Credit Card,1
10644,2835,2025-09-29,Online App,Cash on Delivery,2
10645,661,2025-07-28,Online App,Cash on Delivery,5
10646,218,2025-10-25,Online App,Apple Pay,1
10647,2681,2025-03-01,Online App,Tabby (BNPL),2
10648,2548,2025-05-16,Website,Cash on Delivery,1
10649,2979,2025-09-15,Online App,Cash on Delivery,2
10650,2045,2025-06-05,Online App,Credit Card,1
10651,2808,2025-10-22,Online App,Tabby (BNPL),1
10652,2491,2025-08-27,Online App,Tabby (BNPL),3
10653,2538,2025-07-14,Website,Apple Pay,1
10654,1713,2025-06-17,Website,Apple Pay,2
10655,1169,2025-12-04,In-Store,Apple Pay,1
10656,2801,2025-12-30,Website,Cash on Delivery,2
10657,1309,2025-12-14,Online App,Cash on Delivery,3
10658,1623,2025-11-05,Website,Cash on Delivery,2
10659,1354,2025-12-13,Website,Tabby (BNPL),3
10660,1699,2025-10-10,Online App,Apple Pay,2
10661,1423,2024-07-06,Online App,Cash on Delivery,1
10662,140,2024-10-31,Online App,Credit Card,2
10663,2653,2025-03-02,Online App,Apple Pay,2
10664,1350,2025-11-23,Online App,Credit Card,1
10665,1771,2025-02-19,In-Store,Credit Card,2
10666,416,2025-04-30,Website,Apple Pay,1
10667,12,2025-12-21,Website,Apple Pay,7
10668,754,2025-11-28,In-Store,Tabby (BNPL),1
10669,2117,2025-08-19,Online App,Cash on Delivery,7
10670,291,2025-09-28,Website,Tabby (BNPL),1
10671,2725,2024-04-07,Online App,Tabby (BNPL),1
10672,662,2025-12-06,Website,Apple Pay,2
10673,629,2024-10-06,Online App,Tabby (BNPL),3
10674,552,2025-11-28,Online App,Credit Card,3
10675,42,2024-10-06,Online App,Apple Pay,2
10676,2331,2025-09-01,Online App,Cash on Delivery,2
10677,2635,2025-10-21,Online App,Apple Pay,1
10678,1848,2025-07-06,Online App,Credit Card,2
10679,573,2025-03-27,Website,Tabby (BNPL),4
10680,866,2024-11-15,In-Store,Credit Card,1
10681,1443,2024-11-16,Website,Credit Card,1
10682,2862,2025-12-26,In-Store,Apple Pay,1
10683,760,2025-01-30,Online App,Cash on Delivery,3
10684,2198,2025-11-10,In-Store,Cash on Delivery,1
10685,1335,2025-12-17,In-Store,Credit Card,1
10686,907,2025-03-01,In-Store,Cash on Delivery,1
10687,1384,2025-11-09,Online App,Tabby (BNPL),1
10688,208,2024-08-18,Online App,Cash on Delivery,4
10689,2410,2024-04-18,Website,Credit Card,3
10690,749,2025-06-14,Website,Cash on Delivery,1
10691,2180,2025-09-02,Website,Tabby (BNPL),1
10692,199,2024-08-24,In-Store,Credit Card,2
10693,2865,2025-11-01,Online App,Cash on Delivery,5
10694,591,2025-11-03,In-Store,Credit Card,1
10695,2656,2025-11-16,Online App,Cash on Delivery,2
10696,2441,2025-04-15,Website,Cash on Delivery,1
10697,2910,2025-11-12,Website,Apple Pay,1
10698,1445,2025-04-03,Website,Tabby (BNPL),1
10699,2185,2024-12-09,Online App,Tabby (BNPL),3
10700,1136,2025-10-05,Online App,Credit Card,7
10701,567,2024-09-28,Online App,Apple Pay,2
10702,1348,2025-05-03,Website,Apple Pay,7
10703,507,2024-08-30,Website,Tabby (BNPL),1
10704,2950,2024-07-19,Online App,Credit Card,1
10705,284,2025-08-19,In-Store,Apple Pay,1
10706,1771,2025-03-15,Website,Apple Pay,2
10707,1889,2025-11-27,Online App,Tabby (BNPL),7
10708,1619,2025-04-22,Online App,Apple Pay,7
10709,1997,2025-01-26,In-Store,Tabby (BNPL),1
10710,338,2025-12-02,Online App,Credit Card,1
10711,1671,2025-07-25,Website,Credit Card,1
10712,875,2025-10-29,Online App,Tabby (BNPL),2
10713,2820,2024-04-24,In-Store,Cash on Delivery,1
10714,2294,2025-09-05,Online App,Cash on Delivery,1
10715,2920,2025-06-25,Website,Cash on Delivery,1
10716,118,2025-12-04,In-Store,Credit Card,1
10717,866,2024-07-18,Online App,Apple Pay,1
10718,599,2024-11-20,In-Store,Apple Pay,7
10719,32,2025-09-18,Online App,Tabby (BNPL),1
10720,746,2025-12-12,Online App,Credit Card,1
10721,2043,2024-09-07,Website,Tabby (BNPL),1
10722,712,2025-02-04,Website,Apple Pay,1
10723,1524,2025-11-28,In-Store,Credit Card,1
10724,2672,2024-07-29,Online App,Cash on Delivery,1
10725,2092,2025-07-26,Website,Apple Pay,1
10726,1205,2025-12-29,Website,Credit Card,4
10727,1142,2025-04-11,Online App,Tabby (BNPL),5
10728,1383,2024-05-22,In-Store,Apple Pay,2
10729,538,2025-12-12,In-Store,Tabby (BNPL),2
10730,1914,2025-05-15,Online App,Apple Pay,1
10731,1112,2025-12-27,In-Store,Apple Pay,1
10732,2563,2025-08-03,Website,Tabby (BNPL),3
10733,2274,2025-10-10,Online App,Tabby (BNPL),2
10734,1839,2025-07-21,Online App,Credit Card,3
10735,1113,2025-11-08,Online App,Tabby (BNPL),1
10736,646,2025-03-09,Online App,Credit Card,3
10737,2344,2025-12-05,Online App,Credit Card,6
10738,1465,2025-12-14,In-Store,Tabby (BNPL),2
10739,692,2025-06-20,Website,Credit Card,2
10740,599,2024-10-24,Website,Apple Pay,7
10741,505,2024-11-14,Online App,Tabby (BNPL),1
10742,2346,2025-08-01,Online App,Credit Card,1
10743,706,2024-10-05,Online App,Credit Card,7
10744,1586,2025-10-28,Online App,Tabby (BNPL),3
10745,1370,2024-12-22,Online App,Apple Pay,7
10746,1741,2025-11-15,Website,Credit Card,7
10747,2643,2025-02-10,In-Store,Tabby (BNPL),1
10748,2610,2024-09-19,Online App,Apple Pay,1
10749,1369,2025-11-24,Website,Apple Pay,2
10750,48,2025-03-10,Website,Credit Card,1
10751,1290,2025-11-22,Website,Apple Pay,5
10752,1826,2025-05-25,Online App,Cash on Delivery,2
10753,1679,2025-10-22,Online App,Tabby (BNPL),2
10754,1964,2025-12-27,In-Store,Apple Pay,6
10755,465,2024-07-27,Website,Cash on Delivery,2
10756,1949,2025-10-20,Online App,Tabby (BNPL),2
10757,558,2025-09-06,Online App,Cash on Delivery,1
10758,2256,2025-09-28,Online App,Cash on Delivery,4
10759,1038,2025-11-28,Website,Tabby (BNPL),2
10760,2132,2024-06-01,Online App,Cash on Delivery,7
10761,140,2024-10-30,Online App,Cash on Delivery,2
10762,1238,2025-09-02,Online App,Apple Pay,1
10763,2119,2025-12-13,In-Store,Apple Pay,2
10764,698,2025-10-08,Online App,Cash on Delivery,4
10765,2399,2025-01-27,Online App,Cash on Delivery,2
10766,1901,2025-07-12,In-Store,Credit Card,3
10767,1767,2025-10-06,In-Store,Apple Pay,1
10768,1083,2025-07-11,Online App,Apple Pay,3
10769,1456,2025-11-14,Online App,Apple Pay,1
10770,1799,2025-09-03,Online App,Apple Pay,4
10771,1430,2025-09-08,In-Store,Credit Card,1
10772,2105,2025-02-25,Online App,Tabby (BNPL),4
10773,1313,2025-02-15,Online App,Credit Card,1
10774,619,2025-11-28,Website,Apple Pay,6
10775,658,2025-12-09,Online App,Tabby (BNPL),1
10776,19,2025-10-31,Online App,Apple Pay,2
10777,916,2025-03-07,Online App,Apple Pay,3
10778,2252,2025-12-30,In-Store,Apple Pay,1
10779,2397,2025-07-26,In-Store,Tabby (BNPL),6
10780,620,2024-08-06,Website,Tabby (BNPL),2
10781,2880,2024-12-26,Online App,Cash on Delivery,2
10782,1506,2025-04-09,Online App,Cash on Delivery,1
10783,2750,2025-12-31,Online App,Apple Pay,1
10784,2123,2024-08-21,Website,Cash on Delivery,2
10785,2167,2025-09-01,Online App,Credit Card,1
10786,248,2025-09-26,Website,Tabby (BNPL),1
10787,677,2025-05-09,Online App,Apple Pay,4
10788,25,2025-06-19,Online App,Cash on Delivery,6
10789,2149,2024-08-31,Online App,Tabby (BNPL),2
10790,1058,2025-11-01,Online App,Credit Card,2
10791,2372,2025-12-08,In-Store,Credit Card,1
10792,1037,2024-07-04,Online App,Tabby (BNPL),1
10793,2468,2025-10-05,Online App,Credit Card,1
10794,384,2025-01-29,Online App,Cash on Delivery,1
10795,527,2025-10-16,Online App,Tabby (BNPL),1
10796,1045,2025-08-29,Website,Apple Pay,1
10797,1240,2025-06-01,Online App,Credit Card,3
10798,1071,2025-06-24,Online App,Cash on Delivery,1
10799,2298,2025-08-10,Website,Tabby (BNPL),2
10800,286,2024-07-18,Online App,Tabby (BNPL),1
10801,1077,2025-05-13,Online App,Apple Pay,2
10802,2517,2024-11-22,Online App,Apple Pay,1
10803,194,2025-12-18,Online App,Cash on Delivery,2
10804,2826,2025-09-03,Online App,Tabby (BNPL),1
10805,2960,2024-03-03,Online App,Cash on Delivery,1
10806,256,2025-07-07,Online App,Credit Card,3
10807,887,2025-11-14,Website,Apple Pay,5
10808,1142,2025-02-10,Online App,Cash on Delivery,5
10809,2345,2025-11-07,Online App,Credit Card,1
10810,1794,2025-10-30,Online App,Tabby (BNPL),1
10811,1942,2025-07-08,Online App,Tabby (BNPL),2
10812,2276,2024-04-07,In-Store,Cash on Delivery,4
10813,343,2025-05-23,Website,Tabby (BNPL),2
10814,2510,2025-08-17,Online App,Credit Card,1
10815,2122,2024-06-11,Online App,Apple Pay,1
10816,1736,2025-12-29,Website,Credit Card,6
10817,2675,2025-09-02,Website,Tabby (BNPL),2
10818,2111,2025-04-27,Website,Tabby (BNPL),2
10819,616,2025-09-08,Website,Tabby (BNPL),1
10820,1302,2024-10-11,Website,Apple Pay,1
10821,1487,2024-08-22,Online App,Tabby (BNPL),2
10822,159,2024-10-11,Online App,Credit Card,3
10823,2863,2025-04-18,Online App,Credit Card,1
10824,378,2024-11-20,Website,Credit Card,2
10825,2103,2025-01-13,Online App,Credit Card,3
10826,1516,2025-03-17,In-Store,Tabby (BNPL),7
10827,87,2024-11-17,Website,Credit Card,7
10828,2771,2024-08-27,Website,Cash on Delivery,1
10829,2560,2025-12-21,Online App,Credit Card,6
10830,1577,2025-08-18,Online App,Cash on Delivery,3
10831,706,2025-06-14,Online App,Credit Card,7
10832,352,2025-10-02,Website,Credit Card,5
10833,1112,2025-11-26,Online App,Tabby (BNPL),1
10834,782,2025-12-20,Online App,Apple Pay,2
10835,1517,2025-04-03,Website,Credit Card,4
10836,2907,2025-09-16,Online App,Cash on Delivery,1
10837,1728,2024-11-21,Online App,Credit Card,7
10838,2676,2025-06-10,Online App,Tabby (BNPL),1
10839,1963,2025-12-30,Website,Cash on Delivery,1
10840,1440,2024-11-30,In-Store,Apple Pay,1
10841,2568,2025-12-13,Website,Tabby (BNPL),3
10842,1427,2025-05-03,Online App,Cash on Delivery,2
10843,2614,2025-02-09,Website,Tabby (BNPL),1
10844,889,2025-12-31,Online App,Cash on Delivery,4
10845,378,2025-06-19,Online App,Apple Pay,2
10846,2571,2025-12-10,Website,Apple Pay,1
10847,1767,2025-10-01,Website,Tabby (BNPL),1
10848,2674,2024-09-18,Online App,Tabby (BNPL),1
10849,2812,2025-12-25,Online App,Credit Card,3
10850,156,2025-09-19,Online App,Apple Pay,5
10851,1504,2025-02-11,Website,Apple Pay,1
10852,1149,2025-12-26,Website,Credit Card,5
10853,1887,2025-09-13,Website,Cash on Delivery,2
10854,2394,2025-11-14,Website,Credit Card,7
10855,850,2025-11-25,Online App,Apple Pay,2
10856,1677,2025-04-06,Online App,Tabby (BNPL),6
10857,2128,2025-05-09,Online App,Credit Card,1
10858,399,2025-12-27,In-Store,Cash on Delivery,1
10859,2457,2025-12-25,Online App,Credit Card,1
10860,1826,2025-09-02,Website,Tabby (BNPL),2
10861,2847,2025-10-20,Online App,Credit Card,1
10862,1041,2025-04-02,Website,Cash on Delivery,5
10863,320,2025-09-08,Website,Apple Pay,5
10864,1516,2025-10-17,Website,Tabby (BNPL),7
10865,252,2025-12-30,Online App,Credit Card,3
10866,2913,2025-05-23,Online App,Tabby (BNPL),2
10867,119,2025-12-19,In-Store,Tabby (BNPL),1
10868,2265,2025-06-01,Online App,Tabby (BNPL),2
10869,1582,2025-09-21,Online App,Apple Pay,1
10870,1129,2025-10-15,Website,Cash on Delivery,1
10871,190,2024-08-23,Online App,Cash on Delivery,1
10872,1876,2025-11-08,Website,Credit Card,7
10873,1759,2025-04-22,Website,Cash on Delivery,6
10874,852,2025-10-14,Online App,Tabby (BNPL),1
10875,2730,2025-12-27,Online App,Apple Pay,5
10876,925,2025-03-16,Online App,Credit Card,1
10877,1364,2025-06-12,In-Store,Cash on Delivery,6
10878,1642,2025-12-08,Online App,Apple Pay,1
10879,295,2025-07-18,Online App,Cash on Delivery,5
10880,2795,2025-03-22,Online App,Apple Pay,1
10881,1149,2025-12-25,Online App,Tabby (BNPL),5
10882,234,2025-04-27,Online App,Apple Pay,1
10883,1187,2025-10-15,Online App,Tabby (BNPL),6
10884,1807,2025-10-21,Website,Cash on Delivery,4
10885,1536,2025-09-14,Website,Tabby (BNPL),1
10886,2095,2025-06-25,In-Store,Apple Pay,5
10887,159,2024-07-04,Online App,Cash on Delivery,3
10888,864,2025-12-02,In-Store,Cash on Delivery,7
10889,2468,2025-09-25,Website,Tabby (BNPL),1
10890,231,2025-11-18,Website,Apple Pay,1
10891,2571,2025-11-28,Online App,Tabby (BNPL),1
10892,266,2025-06-17,Website,Cash on Delivery,1
10893,2512,2025-03-14,In-Store,Tabby (BNPL),2
10894,1104,2025-09-14,Online App,Apple Pay,1
10895,1845,2024-07-11,Online App,Tabby (BNPL),1
10896,461,2025-12-30,In-Store,Apple Pay,1
10897,192,2025-12-25,Website,Tabby (BNPL),1
10898,665,2025-09-21,Website,Credit Card,5
10899,374,2025-05-15,Website,Apple Pay,2
10900,952,2025-04-23,Online App,Tabby (BNPL),1
10901,1536,2024-08-06,Website,Apple Pay,1
10902,1770,2024-04-08,Online App,Tabby (BNPL),1
10903,2381,2025-03-11,Website,Apple Pay,1
10904,1979,2025-10-27,Website,Cash on Delivery,3
10905,1833,2025-08-11,Online App,Apple Pay,5
10906,1248,2024-09-27,Website,Credit Card,1
10907,1433,2024-10-31,Website,Cash on Delivery,1
10908,1253,2025-12-21,Website,Cash on Delivery,5
10909,2531,2025-09-27,Online App,Tabby (BNPL),3
10910,710,2025-08-02,Online App,Credit Card,1
10911,18,2025-12-23,In-Store,Tabby (BNPL),2
10912,1963,2025-12-16,Online App,Tabby (BNPL),1
10913,620,2025-10-13,In-Store,Tabby (BNPL),2
10914,2677,2025-12-24,In-Store,Credit Card,3
10915,2580,2025-11-20,Online App,Tabby (BNPL),4
10916,226,2025-10-22,Online App,Tabby (BNPL),6
10917,315,2025-12-16,In-Store,Credit Card,2
10918,1490,2025-11-18,Website,Apple Pay,1
10919,1835,2024-12-15,Website,Cash on Delivery,1
10920,834,2025-02-06,In-Store,Apple Pay,1
10921,2152,2025-09-20,Website,Tabby (BNPL),1
10922,1793,2025-09-30,Website,Apple Pay,1
10923,994,2025-05-06,Online App,Apple Pay,1
10924,85,2025-03-17,Website,Apple Pay,1
10925,2254,2025-01-13,Online App,Credit Card,1
10926,662,2025-11-25,Online App,Tabby (BNPL),2
10927,2512,2025-07-27,Online App,Credit Card,2
10928,1270,2025-10-05,Online App,Apple Pay,2
10929,1734,2025-10-30,Online App,Tabby (BNPL),2
10930,2627,2025-11-06,Online App,Credit Card,2
10931,2595,2025-10-13,Online App,Credit Card,1
10932,1137,2025-09-05,Website,Cash on Delivery,2
10933,642,2024-06-24,Online App,Tabby (BNPL),1
10934,2340,2025-09-09,Online App,Tabby (BNPL),3
10935,1312,2025-06-02,In-Store,Tabby (BNPL),1
10936,587,2025-02-19,In-Store,Cash on Delivery,3
10937,2714,2025-08-24,Website,Apple Pay,2
10938,604,2025-12-29,Online App,Tabby (BNPL),2
10939,88,2024-12-02,In-Store,Tabby (BNPL),3
10940,67,2025-11-02,Online App,Tabby (BNPL),2
10941,1877,2024-06-02,Website,Credit Card,1
10942,1996,2025-05-01,Online App,Cash on Delivery,1
10943,946,2025-12-23,Online App,Tabby (BNPL),1
10944,979,2025-12-19,Online App,Cash on Delivery,2
10945,1040,2025-11-03,Online App,Credit Card,2
10946,2048,2025-12-21,Website,Credit Card,7
10947,166,2025-11-01,Online App,Credit Card,2
10948,2788,2025-08-29,Online App,Tabby (BNPL),2
10949,687,2025-04-09,Online App,Credit Card,1
10950,2999,2025-12-03,Online App,Tabby (BNPL),1
10951,523,2025-12-28,Online App,Credit Card,1
10952,2330,2024-12-04,In-Store,Credit Card,4
10953,689,2024-12-21,Online App,Apple Pay,2
10954,234,2025-06-11,Online App,Credit Card,1
10955,2634,2024-04-18,Online App,Credit Card,1
10956,2578,2025-10-06,In-Store,Cash on Delivery,2
10957,1225,2025-11-22,Website,Tabby (BNPL),2
10958,2114,2025-12-09,In-Store,Apple Pay,2
10959,1678,2025-09-23,Website,Credit Card,2
10960,2565,2025-06-03,Online App,Apple Pay,1
10961,961,2024-03-30,Online App,Tabby (BNPL),2
10962,1576,2025-12-20,In-Store,Tabby (BNPL),2
10963,1460,2025-12-16,Online App,Credit Card,1
10964,1085,2024-12-31,Online App,Credit Card,4
10965,2681,2024-09-20,Website,Apple Pay,2
10966,507,2025-07-27,Online App,Cash on Delivery,1
10967,449,2025-06-23,In-Store,Credit Card,1
10968,1733,2025-06-19,Online App,Apple Pay,1
10969,1984,2025-11-12,Online App,Credit Card,1
10970,596,2025-10-19,In-Store,Apple Pay,6
10971,1197,2025-10-31,Online App,Cash on Delivery,2
10972,2838,2025-12-03,Website,Credit Card,6
10973,759,2025-12-04,Online App,Tabby (BNPL),1
10974,2015,2025-11-04,In-Store,Cash on Delivery,1
10975,2226,2025-12-03,Website,Credit Card,1
10976,1359,2025-11-16,Online App,Cash on Delivery,6
10977,2812,2025-08-20,Online App,Apple Pay,3
10978,2218,2025-11-10,In-Store,Cash on Delivery,1
10979,1392,2025-06-07,Online App,Tabby (BNPL),2
10980,1713,2025-06-24,In-Store,Cash on Delivery,2
10981,2088,2025-09-19,In-Store,Credit Card,3
10982,1781,2024-08-13,In-Store,Cash on Delivery,2
10983,2646,2025-12-25,Online App,Apple Pay,3
10984,1094,2025-07-21,In-Store,Cash on Delivery,2
10985,913,2025-11-20,Website,Credit Card,4
10986,657,2025-12-11,Website,Cash on Delivery,1
10987,118,2025-12-23,Online App,Tabby (BNPL),1
10988,125,2025-12-06,In-Store,Tabby (BNPL),1
10989,2617,2025-12-27,Online App,Cash on Delivery,2
10990,2042,2025-06-10,Website,Tabby (BNPL),2
10991,1993,2025-03-24,Online App,Cash on Delivery,1
10992,1849,2025-06-09,In-Store,Apple Pay,3
10993,2552,2025-08-28,In-Store,Credit Card,1
10994,1450,2024-06-05,In-Store,Credit Card,1
10995,2618,2025-06-03,Online App,Credit Card,1
10996,1101,2025-08-19,Online App,Credit Card,1
10997,2776,2025-05-26,In-Store,Credit Card,1
10998,2105,2025-10-02,Online App,Tabby (BNPL),4
10999,785,2025-01-22,Website,Credit Card,2
11000,1697,2025-06-25,Website,Cash on Delivery,1
11001,1603,2025-08-12,Online App,Apple Pay,2
11002,413,2025-12-02,Website,Cash on Delivery,3
11003,1778,2025-12-23,Website,Apple Pay,3
11004,959,2025-11-19,Online App,Credit Card,5
11005,151,2025-11-24,Online App,Credit Card,7
11006,2845,2025-12-02,Online App,Credit Card,6
11007,1934,2025-11-12,Online App,Cash on Delivery,3
11008,2643,2024-06-08,Online App,Apple Pay,1
11009,2037,2025-10-08,Online App,Apple Pay,6
11010,1095,2025-12-20,In-Store,Tabby (BNPL),1
11011,1533,2025-02-24,Online App,Tabby (BNPL),1
11012,2037,2025-11-13,Online App,Cash on Delivery,6
11013,2886,2025-08-02,Online App,Cash on Delivery,2
11014,776,2025-05-03,Website,Tabby (BNPL),1
11015,2634,2025-06-19,Website,Cash on Delivery,1
11016,2769,2025-04-30,Website,Apple Pay,4
11017,2021,2025-03-11,Website,Credit Card,6
11018,2793,2025-09-07,Website,Apple Pay,2
11019,1213,2025-03-21,Online App,Apple Pay,3
11020,2857,2025-12-16,Online App,Credit Card,1
11021,2115,2025-03-30,In-Store,Apple Pay,3
11022,124,2025-12-14,Online App,Apple Pay,7
11023,2719,2024-10-19,Website,Cash on Delivery,1
11024,1459,2025-05-28,Website,Cash on Delivery,7
11025,1398,2025-05-21,Website,Credit Card,7
11026,1706,2025-08-15,Online App,Credit Card,1
11027,448,2025-12-31,Online App,Tabby (BNPL),2
11028,1419,2025-12-04,Online App,Apple Pay,1
11029,2504,2025-08-04,In-Store,Tabby (BNPL),3
11030,48,2025-12-04,Online App,Credit Card,1
11031,826,2025-08-18,Online App,Cash on Delivery,1
11032,9,2025-10-18,Website,Tabby (BNPL),4
11033,1255,2025-12-15,Website,Cash on Delivery,3
11034,2188,2025-05-16,Online App,Apple Pay,4
11035,2410,2024-08-13,Website,Cash on Delivery,3
11036,2835,2025-09-29,Online App,Tabby (BNPL),2
11037,1832,2025-10-29,Website,Credit Card,2
11038,779,2025-06-10,Online App,Apple Pay,3
11039,2770,2025-10-10,Online App,Tabby (BNPL),1
11040,2341,2025-07-06,Website,Tabby (BNPL),3
11041,1728,2024-06-06,Online App,Cash on Delivery,7
11042,2097,2025-12-25,In-Store,Apple Pay,2
11043,2770,2025-10-03,Online App,Tabby (BNPL),1
11044,2140,2025-03-11,In-Store,Tabby (BNPL),2
11045,1128,2025-09-22,Online App,Cash on Delivery,4
11046,2140,2025-04-27,Online App,Apple Pay,2
11047,120,2025-12-23,Online App,Credit Card,2
11048,1185,2025-08-07,In-Store,Credit Card,3
11049,1234,2025-08-22,Website,Credit Card,2
11050,513,2025-12-30,In-Store,Tabby (BNPL),7
11051,78,2025-06-21,Online App,Cash on Delivery,1
11052,393,2025-12-02,Website,Tabby (BNPL),7
11053,1974,2024-10-19,Website,Tabby (BNPL),2
11054,2420,2025-03-26,In-Store,Cash on Delivery,1
11055,2967,2025-11-17,Online App,Credit Card,2
11056,1065,2025-07-24,Online App,Tabby (BNPL),2
11057,1804,2025-03-22,Website,Tabby (BNPL),1
11058,2810,2025-07-12,Online App,Tabby (BNPL),6
11059,513,2025-11-24,Website,Cash on Delivery,7
11060,2153,2025-12-26,Website,Tabby (BNPL),1
11061,2269,2025-12-30,Online App,Tabby (BNPL),1
11062,256,2025-07-04,Website,Cash on Delivery,3
11063,2588,2025-12-02,Online App,Apple Pay,2
11064,2453,2025-08-21,In-Store,Apple Pay,3
11065,107,2025-01-04,Online App,Credit Card,3
11066,262,2025-10-10,Website,Cash on Delivery,1
11067,141,2024-10-21,Website,Apple Pay,4
11068,1025,2025-11-29,Online App,Cash on Delivery,1
11069,1524,2025-07-20,Online App,Credit Card,1
11070,1600,2025-10-30,Website,Credit Card,1
11071,814,2025-04-19,Website,Tabby (BNPL),2
11072,2733,2025-09-17,Website,Apple Pay,1
11073,1127,2025-05-27,Website,Cash on Delivery,6
11074,132,2025-07-11,Online App,Cash on Delivery,7
11075,914,2025-01-16,Online App,Cash on Delivery,5
11076,1596,2025-08-19,Online App,Apple Pay,5
11077,1239,2024-04-21,Website,Apple Pay,1
11078,830,2025-08-27,Online App,Apple Pay,2
11079,387,2025-08-08,Online App,Tabby (BNPL),1
11080,2468,2025-12-20,Online App,Credit Card,1
11081,2991,2025-02-24,Online App,Credit Card,1
11082,1009,2025-06-03,Website,Tabby (BNPL),4
11083,1168,2025-08-17,Online App,Tabby (BNPL),2
11084,1861,2025-05-26,Online App,Credit Card,2
11085,2155,2025-12-17,Website,Tabby (BNPL),5
11086,1199,2025-03-29,Online App,Credit Card,2
11087,2715,2025-08-16,Online App,Cash on Delivery,4
11088,1683,2025-11-15,Online App,Credit Card,1
11089,1367,2024-08-30,Website,Credit Card,2
11090,1950,2025-10-26,Online App,Credit Card,1
11091,2856,2025-03-30,Online App,Apple Pay,2
11092,2398,2025-03-01,Website,Cash on Delivery,3
11093,120,2025-12-23,Online App,Cash on Delivery,2
11094,1016,2025-08-07,In-Store,Apple Pay,2
11095,1423,2024-12-03,Online App,Apple Pay,1
11096,958,2025-06-13,Online App,Credit Card,1
11097,2110,2025-09-05,Online App,Tabby (BNPL),7
11098,2491,2025-01-13,Online App,Cash on Delivery,3
11099,2197,2025-02-27,Online App,Tabby (BNPL),3
11100,2970,2024-10-06,Online App,Cash on Delivery,1
11101,825,2025-07-05,Website,Tabby (BNPL),1
11102,2634,2025-01-30,Website,Apple Pay,1
11103,2311,2025-05-11,Online App,Tabby (BNPL),1
11104,1107,2024-07-29,Online App,Tabby (BNPL),1
11105,2207,2025-07-05,Online App,Credit Card,5
11106,308,2024-11-16,In-Store,Tabby (BNPL),5
11107,2380,2025-04-23,Online App,Credit Card,3
11108,1600,2025-09-19,Website,Cash on Delivery,1
11109,891,2025-04-05,In-Store,Cash on Delivery,6
11110,1977,2025-12-24,Online App,Cash on Delivery,1
11111,1934,2025-10-30,In-Store,Cash on Delivery,3
11112,644,2025-12-30,Website,Credit Card,4
11113,100,2025-07-16,Online App,Apple Pay,1
11114,1313,2025-10-16,Online App,Apple Pay,1
11115,1714,2025-12-20,In-Store,Tabby (BNPL),6
11116,2642,2025-07-17,Online App,Apple Pay,2
11117,2785,2025-12-06,In-Store,Credit Card,5
11118,1590,2025-12-07,Online App,Credit Card,2
11119,2266,2024-12-04,Online App,Cash on Delivery,3
11120,1334,2024-10-27,Website,Apple Pay,6
11121,2247,2025-07-04,Website,Tabby (BNPL),3
11122,630,2025-11-10,Website,Tabby (BNPL),1
11123,1136,2025-12-22,Website,Tabby (BNPL),7
11124,1915,2024-07-24,Online App,Tabby (BNPL),3
11125,57,2024-09-19,In-Store,Tabby (BNPL),1
11126,2167,2025-02-07,Online App,Credit Card,1
11127,2513,2025-11-13,Online App,Apple Pay,5
11128,1214,2025-07-06,Online App,Apple Pay,2
11129,1359,2025-11-20,Website,Apple Pay,6
11130,2557,2025-12-27,Online App,Cash on Delivery,3
11131,2342,2025-10-26,In-Store,Tabby (BNPL),1
11132,878,2024-12-19,Online App,Credit Card,2
11133,991,2025-04-30,Online App,Apple Pay,2
11134,2043,2024-08-11,Website,Cash on Delivery,1
11135,1694,2025-10-21,Website,Credit Card,5
11136,492,2025-02-25,Online App,Tabby (BNPL),2
11137,943,2025-09-02,Website,Tabby (BNPL),3
11138,2701,2025-11-14,Online App,Credit Card,1
11139,2074,2025-04-27,Online App,Credit Card,2
11140,2960,2025-02-20,In-Store,Tabby (BNPL),1
11141,2313,2025-09-23,Online App,Credit Card,7
11142,2825,2025-05-18,In-Store,Credit Card,6
11143,666,2025-12-14,In-Store,Cash on Delivery,1
11144,2330,2024-07-09,Website,Cash on Delivery,4
11145,67,2025-07-03,Online App,Apple Pay,2
11146,2023,2025-12-29,Website,Tabby (BNPL),1
11147,1419,2025-11-18,Online App,Tabby (BNPL),1
11148,1066,2025-07-05,In-Store,Tabby (BNPL),1
11149,2592,2025-08-26,Website,Tabby (BNPL),1
11150,2567,2025-04-22,Online App,Cash on Delivery,1
11151,75,2025-04-18,Website,Credit Card,5
11152,1836,2025-12-22,Online App,Apple Pay,1
11153,1125,2025-05-08,In-Store,Credit Card,1
11154,1254,2024-08-24,Online App,Credit Card,1
11155,2507,2025-12-22,Website,Tabby (BNPL),3
11156,943,2024-08-27,In-Store,Credit Card,3
11157,2829,2025-09-03,Online App,Tabby (BNPL),2
11158,546,2025-05-19,Website,Apple Pay,1
11159,2000,2025-11-16,In-Store,Cash on Delivery,3
11160,2027,2025-08-22,Website,Cash on Delivery,1
11161,771,2025-07-27,Website,Cash on Delivery,1
11162,994,2025-03-28,Online App,Credit Card,1
11163,2512,2025-02-08,Online App,Credit Card,2
11164,2293,2025-09-04,In-Store,Apple Pay,4
11165,1008,2025-09-13,In-Store,Cash on Delivery,2
11166,1607,2025-12-28,Online App,Cash on Delivery,1
11167,177,2025-02-26,Online App,Apple Pay,2
11168,642,2025-10-17,Website,Tabby (BNPL),1
11169,1463,2025-09-02,Online App,Credit Card,1
11170,252,2025-10-28,Online App,Tabby (BNPL),3
11171,2533,2025-08-14,Online App,Tabby (BNPL),6
11172,2154,2025-07-08,Online App,Cash on Delivery,3
11173,2831,2025-09-03,In-Store,Credit Card,7
11174,2091,2025-06-30,Online App,Credit Card,2
11175,2821,2025-08-03,Website,Credit Card,1
11176,1669,2025-05-29,In-Store,Credit Card,1
11177,1807,2025-11-02,Website,Cash on Delivery,4
11178,2932,2025-02-24,Online App,Tabby (BNPL),3
11179,1935,2025-10-15,Online App,Apple Pay,2
11180,102,2025-11-24,Website,Tabby (BNPL),2
11181,2173,2025-06-27,Online App,Credit Card,1
11182,2716,2025-06-02,Online App,Tabby (BNPL),4
11183,2400,2025-12-07,In-Store,Apple Pay,2
11184,1755,2024-12-05,In-Store,Tabby (BNPL),1
11185,2025,2025-02-14,Online App,Tabby (BNPL),2
11186,2973,2025-01-29,Online App,Cash on Delivery,3
11187,262,2025-07-20,Online App,Credit Card,1
11188,2013,2024-03-28,Online App,Apple Pay,1
11189,861,2025-02-28,In-Store,Apple Pay,5
11190,1930,2025-10-30,Online App,Apple Pay,6
11191,1829,2025-08-13,Online App,Cash on Delivery,1
11192,461,2025-11-19,In-Store,Apple Pay,1
11193,636,2025-10-01,In-Store,Credit Card,1
11194,1874,2025-11-14,In-Store,Tabby (BNPL),1
11195,376,2025-03-29,Online App,Credit Card,3
11196,806,2024-09-06,In-Store,Cash on Delivery,1
11197,2512,2025-05-24,Online App,Apple Pay,2
11198,1001,2024-06-18,Online App,Apple Pay,1
11199,1469,2024-03-11,Online App,Credit Card,1
11200,2823,2024-05-23,Online App,Apple Pay,4
11201,699,2025-09-18,Online App,Tabby (BNPL),2
11202,1193,2024-08-11,Online App,Tabby (BNPL),1
11203,1828,2025-05-18,Online App,Credit Card,2
11204,2270,2025-10-12,Online App,Tabby (BNPL),1
11205,2709,2024-05-15,Website,Tabby (BNPL),1
11206,2745,2025-10-01,Website,Tabby (BNPL),6
11207,2345,2025-07-12,Online App,Tabby (BNPL),1
11208,702,2025-12-18,Website,Tabby (BNPL),2
11209,84,2024-07-19,Website,Credit Card,1
11210,1175,2025-12-31,In-Store,Apple Pay,3
11211,424,2025-08-14,Online App,Credit Card,1
11212,2133,2024-08-02,Online App,Cash on Delivery,3
11213,1993,2025-03-08,Website,Tabby (BNPL),1
11214,128,2025-04-25,Online App,Cash on Delivery,2
11215,2514,2025-12-25,Online App,Apple Pay,5
11216,765,2024-12-10,Online App,Credit Card,3
11217,1309,2024-10-16,Website,Apple Pay,3
11218,2013,2024-08-28,Website,Cash on Delivery,1
11219,1300,2025-09-20,Website,Cash on Delivery,4
11220,1342,2025-04-23,In-Store,Tabby (BNPL),1
11221,190,2024-12-20,Online App,Cash on Delivery,1
11222,1221,2024-09-11,In-Store,Tabby (BNPL),1
11223,2301,2025-09-16,Website,Tabby (BNPL),4
11224,2744,2025-01-27,In-Store,Apple Pay,1
11225,1250,2025-04-22,Online App,Credit Card,3
11226,1280,2025-05-12,Online App,Apple Pay,2
11227,2115,2025-08-31,Online App,Cash on Delivery,3
11228,2828,2025-07-29,In-Store,Cash on Delivery,1
11229,813,2025-10-08,In-Store,Apple Pay,2
11230,1337,2025-12-16,Online App,Tabby (BNPL),2
11231,2401,2025-12-12,Website,Cash on Delivery,1
11232,1837,2025-11-04,Online App,Credit Card,1
11233,325,2025-01-30,Website,Credit Card,3
11234,1892,2025-10-27,Online App,Tabby (BNPL),3
11235,569,2025-12-23,Online App,Tabby (BNPL),1
11236,1526,2025-01-10,Online App,Credit Card,7
11237,1591,2025-07-31,Online App,Tabby (BNPL),3
11238,2639,2025-08-19,Online App,Tabby (BNPL),1
11239,1405,2025-12-21,In-Store,Credit Card,1
11240,847,2025-12-24,In-Store,Cash on Delivery,6
11241,711,2025-10-12,Online App,Tabby (BNPL),1
11242,2632,2025-10-11,Website,Credit Card,3
11243,521,2025-12-20,In-Store,Apple Pay,2
11244,1288,2025-12-30,Online App,Apple Pay,1
11245,570,2025-12-04,In-Store,Apple Pay,1
11246,2333,2025-10-23,Online App,Apple Pay,2
11247,1436,2024-07-10,Online App,Credit Card,2
11248,1076,2025-03-13,Online App,Apple Pay,1
11249,1105,2025-06-01,Online App,Apple Pay,1
11250,2562,2025-07-17,Online App,Cash on Delivery,1
11251,1666,2025-10-22,Online App,Tabby (BNPL),2
11252,2154,2025-03-22,Website,Tabby (BNPL),3
11253,2694,2025-11-25,Online App,Cash on Delivery,2
11254,2709,2024-10-13,In-Store,Credit Card,1
11255,1004,2025-12-12,Website,Tabby (BNPL),2
11256,2854,2025-09-25,Website,Tabby (BNPL),2
11257,84,2025-02-12,Website,Tabby (BNPL),1
11258,1156,2025-05-29,In-Store,Credit Card,3
11259,2690,2025-07-01,Online App,Apple Pay,2
11260,832,2024-10-01,In-Store,Cash on Delivery,6
11261,826,2025-10-30,Website,Cash on Delivery,1
11262,921,2025-01-27,In-Store,Cash on Delivery,2
11263,1845,2025-01-29,Website,Tabby (BNPL),1
11264,1331,2025-05-09,Online App,Cash on Delivery,3
11265,2183,2025-04-25,In-Store,Cash on Delivery,1
11266,2689,2024-03-28,Online App,Cash on Delivery,5
11267,2033,2025-10-07,Website,Apple Pay,2
11268,628,2025-06-13,Website,Cash on Delivery,2
11269,2797,2025-04-03,Online App,Tabby (BNPL),2
11270,804,2025-06-08,In-Store,Credit Card,2
11271,449,2025-08-19,Online App,Cash on Delivery,1
11272,259,2025-12-30,In-Store,Apple Pay,5
11273,1694,2025-12-17,In-Store,Credit Card,5
11274,330,2025-01-29,Online App,Credit Card,2
11275,415,2025-12-10,Online App,Apple Pay,3
11276,913,2025-07-03,In-Store,Apple Pay,4
11277,854,2025-12-10,In-Store,Tabby (BNPL),1
11278,1819,2024-08-08,Online App,Credit Card,3
11279,2465,2025-04-27,Online App,Tabby (BNPL),6
11280,2291,2025-08-30,Online App,Cash on Delivery,3
11281,801,2025-06-06,Online App,Cash on Delivery,1
11282,754,2025-11-10,Online App,Credit Card,1
11283,2904,2025-10-27,In-Store,Apple Pay,6
11284,25,2025-01-31,Online App,Cash on Delivery,6
11285,2648,2024-12-22,Website,Tabby (BNPL),1
11286,611,2025-10-04,Website,Apple Pay,5
11287,2840,2025-09-09,Website,Apple Pay,4
11288,1049,2025-11-17,Online App,Credit Card,1
11289,1337,2025-11-18,Website,Credit Card,2
11290,2124,2024-09-12,In-Store,Cash on Delivery,4
11291,1768,2025-12-06,Online App,Apple Pay,1
11292,970,2025-08-18,Website,Apple Pay,7
11293,1666,2025-11-28,Online App,Apple Pay,2
11294,2195,2025-04-27,Website,Apple Pay,5
11295,124,2025-12-04,Online App,Credit Card,7
11296,32,2024-07-25,Online App,Credit Card,1
11297,1392,2024-10-02,Online App,Apple Pay,2
11298,388,2025-10-04,Website,Credit Card,2
11299,2006,2025-01-08,Online App,Apple Pay,2
11300,658,2025-11-26,Online App,Tabby (BNPL),1
11301,1311,2025-12-17,Online App,Credit Card,7
11302,603,2025-12-29,Online App,Apple Pay,2
11303,1654,2025-01-13,Website,Cash on Delivery,3
11304,338,2025-08-09,Online App,Credit Card,1
11305,78,2025-06-01,Online App,Apple Pay,1
11306,145,2025-10-01,Website,Apple Pay,7
11307,2862,2025-11-15,In-Store,Credit Card,1
11308,428,2025-06-13,Website,Tabby (BNPL),2
11309,2127,2025-11-22,Online App,Apple Pay,1
11310,198,2025-06-03,Online App,Credit Card,1
11311,320,2024-03-27,Website,Tabby (BNPL),5
11312,1523,2025-09-09,In-Store,Apple Pay,1
11313,1410,2025-11-02,In-Store,Credit Card,1
11314,2851,2025-01-22,Website,Apple Pay,2
11315,2835,2025-11-07,Website,Credit Card,2
11316,2354,2025-09-28,In-Store,Credit Card,2
11317,1814,2025-02-11,Online App,Apple Pay,2
11318,1379,2025-12-08,Online App,Credit Card,7
11319,1092,2025-12-03,Online App,Tabby (BNPL),1
11320,2839,2025-06-29,Online App,Tabby (BNPL),2
11321,1816,2024-12-02,In-Store,Tabby (BNPL),2
11322,1738,2025-10-01,Online App,Tabby (BNPL),6
11323,715,2025-10-26,In-Store,Cash on Delivery,2
11324,135,2025-10-25,Online App,Credit Card,4
11325,2835,2025-10-16,Website,Apple Pay,2
11326,955,2025-10-07,Website,Tabby (BNPL),4
11327,1345,2025-11-17,Online App,Credit Card,2
11328,335,2025-12-15,In-Store,Cash on Delivery,1
11329,2516,2024-04-05,Website,Cash on Delivery,2
11330,92,2025-12-12,Website,Apple Pay,1
11331,2511,2025-11-28,Website,Cash on Delivery,1
11332,420,2025-07-12,Online App,Apple Pay,2
11333,2667,2025-05-11,Website,Tabby (BNPL),2
11334,2190,2025-08-10,In-Store,Credit Card,3
11335,501,2025-07-26,Online App,Tabby (BNPL),4
11336,1703,2024-12-29,Website,Credit Card,1
11337,952,2025-03-31,Website,Cash on Delivery,1
11338,543,2025-06-11,Website,Credit Card,2
11339,2580,2025-09-10,Website,Cash on Delivery,4
11340,1225,2025-10-13,Website,Tabby (BNPL),2
11341,1213,2025-09-05,Website,Cash on Delivery,3
11342,519,2025-12-08,Online App,Tabby (BNPL),2
11343,1171,2025-12-29,Website,Cash on Delivery,2
11344,2621,2025-11-02,Website,Tabby (BNPL),1
11345,1111,2025-05-15,In-Store,Tabby (BNPL),1
11346,2851,2025-01-25,In-Store,Credit Card,2
11347,2838,2025-03-28,In-Store,Cash on Delivery,6
11348,436,2025-04-05,Online App,Apple Pay,2
11349,539,2025-07-03,Website,Apple Pay,2
11350,2592,2025-09-06,Website,Cash on Delivery,1
11351,1200,2025-01-31,Online App,Apple Pay,2
11352,15,2025-07-09,Website,Apple Pay,1
11353,830,2025-04-01,In-Store,Credit Card,2
11354,1800,2025-12-30,In-Store,Credit Card,6
11355,2410,2025-04-04,Online App,Cash on Delivery,3
11356,393,2024-09-24,Website,Apple Pay,7
11357,325,2025-07-15,Website,Credit Card,3
11358,2763,2025-12-26,Online App,Cash on Delivery,1
11359,2258,2025-09-26,Website,Cash on Delivery,3
11360,1771,2025-09-04,Website,Apple Pay,2
11361,2320,2025-08-24,Online App,Credit Card,2
11362,1297,2025-04-04,In-Store,Cash on Delivery,4
11363,2280,2025-10-15,Online App,Apple Pay,1
11364,1139,2025-09-15,Online App,Apple Pay,1
11365,751,2025-06-21,In-Store,Credit Card,2
11366,2189,2025-10-19,Online App,Tabby (BNPL),2
11367,1268,2025-06-14,In-Store,Credit Card,1
11368,2949,2025-12-02,Online App,Cash on Delivery,3
11369,1073,2025-12-22,In-Store,Apple Pay,2
11370,2762,2025-11-21,Online App,Apple Pay,2
11371,2797,2025-03-17,Website,Apple Pay,2
11372,744,2025-10-24,In-Store,Cash on Delivery,1
11373,2409,2025-09-13,Online App,Cash on Delivery,1
11374,1312,2025-08-20,Website,Cash on Delivery,1
11375,2753,2024-06-28,Online App,Cash on Delivery,4
11376,1366,2025-10-12,Website,Tabby (BNPL),1
11377,2241,2024-08-21,In-Store,Tabby (BNPL),5
11378,1416,2025-06-19,Online App,Cash on Delivery,1
11379,701,2025-04-27,Website,Credit Card,4
11380,609,2025-06-03,Website,Credit Card,2
11381,1286,2025-01-14,Website,Cash on Delivery,2
11382,2270,2025-08-31,Website,Apple Pay,1
11383,1822,2025-05-21,Online App,Apple Pay,2
11384,2075,2025-11-12,Online App,Apple Pay,1
11385,855,2025-06-19,Online App,Credit Card,5
11386,1454,2025-02-25,Online App,Credit Card,1
11387,130,2024-09-03,In-Store,Credit Card,5
11388,2466,2025-02-27,Website,Apple Pay,6
11389,2971,2025-12-01,Website,Apple Pay,1
11390,1236,2025-04-23,Online App,Tabby (BNPL),1
11391,31,2025-12-21,Website,Apple Pay,4
11392,519,2025-10-23,Website,Cash on Delivery,2
11393,1968,2025-10-11,Online App,Tabby (BNPL),1
11394,1845,2025-09-01,In-Store,Credit Card,1
11395,2377,2025-12-09,In-Store,Apple Pay,2
11396,777,2025-08-09,In-Store,Cash on Delivery,2
11397,2298,2025-10-26,Online App,Cash on Delivery,2
11398,2073,2025-12-08,Online App,Tabby (BNPL),1
11399,987,2025-06-20,Online App,Credit Card,2
11400,1647,2025-04-28,Online App,Apple Pay,2
11401,444,2024-07-12,Website,Tabby (BNPL),2
11402,1373,2025-09-23,Website,Apple Pay,1
11403,2650,2024-09-20,In-Store,Credit Card,6
11404,1272,2025-04-09,Website,Tabby (BNPL),1
11405,2524,2024-04-29,Online App,Cash on Delivery,2
11406,1774,2024-07-04,Online App,Tabby (BNPL),1
11407,586,2025-03-15,In-Store,Tabby (BNPL),2
11408,1746,2025-06-22,Website,Apple Pay,1
11409,1515,2025-03-03,Website,Tabby (BNPL),1
11410,1213,2024-10-13,Online App,Credit Card,3
11411,348,2025-01-15,In-Store,Apple Pay,3
11412,1258,2025-12-02,In-Store,Cash on Delivery,1
11413,213,2024-11-07,Online App,Tabby (BNPL),2
11414,291,2024-02-26,Online App,Tabby (BNPL),1
11415,1256,2025-06-17,Website,Cash on Delivery,3
11416,929,2025-07-16,In-Store,Apple Pay,3
11417,2773,2024-10-14,Online App,Credit Card,7
11418,1151,2025-12-16,Online App,Apple Pay,2
11419,2278,2025-08-02,Online App,Credit Card,4
11420,1595,2025-12-29,In-Store,Tabby (BNPL),3
11421,2117,2025-09-05,Online App,Cash on Delivery,7
11422,796,2024-12-04,Online App,Apple Pay,2
11423,2825,2025-11-05,Online App,Credit Card,6
11424,1595,2025-12-31,Online App,Cash on Delivery,3
11425,2505,2025-11-17,Online App,Credit Card,1
11426,1116,2025-07-11,Online App,Cash on Delivery,1
11427,295,2025-12-07,Website,Apple Pay,5
11428,2032,2025-04-08,Online App,Cash on Delivery,3
11429,23,2024-10-27,Online App,Apple Pay,1
11430,1441,2025-07-23,Online App,Apple Pay,6
11431,590,2025-10-18,Website,Credit Card,3
11432,1891,2025-05-21,Website,Apple Pay,4
11433,2940,2025-09-16,Online App,Tabby (BNPL),1
11434,1409,2025-05-25,Online App,Tabby (BNPL),2
11435,2466,2025-10-26,In-Store,Tabby (BNPL),6
11436,1521,2025-10-21,Website,Apple Pay,1
11437,1492,2025-09-03,Website,Tabby (BNPL),1
11438,2791,2025-05-25,In-Store,Cash on Delivery,3
11439,2677,2025-12-09,Online App,Credit Card,3
11440,2371,2024-11-09,Online App,Cash on Delivery,3
11441,901,2025-10-31,In-Store,Apple Pay,7
11442,1647,2025-05-18,Online App,Tabby (BNPL),2
11443,689,2024-11-27,Online App,Tabby (BNPL),2
11444,1350,2025-09-27,Online App,Credit Card,1
11445,1459,2025-09-30,Online App,Tabby (BNPL),7
11446,2506,2025-08-27,Online App,Tabby (BNPL),2
11447,2691,2025-12-01,Online App,Apple Pay,2
11448,1253,2025-10-14,In-Store,Cash on Delivery,5
11449,55,2025-07-27,Online App,Apple Pay,1
11450,2590,2025-08-24,Online App,Credit Card,1
11451,529,2025-09-01,Online App,Tabby (BNPL),3
11452,1875,2025-09-12,Website,Apple Pay,2
11453,85,2025-10-16,Website,Tabby (BNPL),1
11454,1214,2025-02-10,Website,Cash on Delivery,2
11455,2960,2025-11-28,In-Store,Tabby (BNPL),1
11456,297,2025-09-23,Online App,Apple Pay,3
11457,1280,2025-10-15,Online App,Apple Pay,2
11458,934,2024-09-19,Online App,Tabby (BNPL),3
11459,2716,2025-11-05,Website,Apple Pay,4
11460,2614,2024-08-23,Online App,Credit Card,1
11461,734,2025-04-05,Website,Cash on Delivery,1
11462,235,2024-10-21,Website,Tabby (BNPL),2
11463,1891,2025-06-02,Online App,Apple Pay,4
11464,1030,2025-08-07,Website,Apple Pay,6
11465,2027,2025-10-08,Website,Tabby (BNPL),1
11466,105,2024-11-04,Online App,Apple Pay,1
11467,393,2025-10-02,Website,Tabby (BNPL),7
11468,2068,2024-12-02,Online App,Apple Pay,1
11469,653,2025-12-21,In-Store,Credit Card,3
11470,2575,2024-12-06,In-Store,Apple Pay,1
11471,169,2025-08-23,Website,Cash on Delivery,1
11472,662,2025-11-10,Online App,Cash on Delivery,2
11473,2998,2025-07-29,In-Store,Cash on Delivery,1
11474,1312,2025-10-01,Online App,Apple Pay,1
11475,2115,2025-02-02,Website,Cash on Delivery,3
11476,558,2025-11-10,Website,Credit Card,1
11477,1837,2025-08-08,Online App,Cash on Delivery,1
11478,2182,2024-12-09,Online App,Tabby (BNPL),2
11479,958,2025-10-03,Website,Credit Card,1
11480,2495,2024-10-24,Online App,Apple Pay,1
11481,1816,2025-08-01,Website,Credit Card,2
11482,1192,2025-10-31,Online App,Cash on Delivery,1
11483,1679,2025-04-13,In-Store,Credit Card,2
11484,1733,2025-05-11,In-Store,Tabby (BNPL),1
11485,506,2025-07-30,In-Store,Tabby (BNPL),2
11486,1224,2025-04-26,Website,Credit Card,1
11487,1053,2025-08-13,In-Store,Tabby (BNPL),1
11488,1219,2025-12-14,Website,Cash on Delivery,1
11489,2291,2025-07-23,Website,Cash on Delivery,3
11490,1456,2025-12-16,Online App,Cash on Delivery,1
11491,2820,2025-06-10,In-Store,Apple Pay,1
11492,893,2025-09-19,Online App,Apple Pay,2
11493,1255,2025-12-27,Online App,Apple Pay,3
11494,2374,2025-10-13,Website,Credit Card,1
11495,1650,2025-09-09,In-Store,Credit Card,1
11496,1651,2025-10-21,In-Store,Credit Card,2
11497,155,2025-12-02,Online App,Credit Card,2
11498,1213,2025-01-03,Website,Cash on Delivery,3
11499,822,2025-07-28,Website,Credit Card,1
11500,2999,2025-11-14,Online App,Tabby (BNPL),1
11501,938,2025-06-18,In-Store,Cash on Delivery,2
11502,2664,2025-06-17,In-Store,Tabby (BNPL),2
11503,2038,2025-12-01,In-Store,Apple Pay,3
11504,1045,2025-08-28,Online App,Credit Card,1
11505,1641,2025-06-24,Online App,Tabby (BNPL),1
11506,2528,2024-06-13,In-Store,Cash on Delivery,1
11507,2658,2025-06-20,Online App,Tabby (BNPL),6
11508,486,2025-12-16,Online App,Credit Card,1
11509,1041,2025-01-27,Online App,Tabby (BNPL),5
11510,1027,2025-01-24,Online App,Cash on Delivery,3
11511,124,2025-12-14,Online App,Tabby (BNPL),7
11512,1802,2025-08-20,Online App,Apple Pay,1
11513,2569,2025-01-14,Website,Tabby (BNPL),1
11514,1168,2025-06-29,Online App,Credit Card,2
11515,2226,2025-09-09,In-Store,Credit Card,1
11516,1892,2025-11-16,Website,Apple Pay,3
11517,1151,2025-11-12,Online App,Credit Card,2
11518,423,2024-10-31,Online App,Credit Card,3
11519,2130,2025-08-29,In-Store,Credit Card,2
11520,2568,2025-12-22,Online App,Cash on Delivery,3
11521,2068,2025-04-13,Online App,Credit Card,1
11522,56,2025-09-14,Online App,Cash on Delivery,1
11523,666,2025-12-22,In-Store,Apple Pay,1
11524,203,2025-05-24,Online App,Credit Card,2
11525,1715,2025-08-17,Online App,Cash on Delivery,3
11526,2274,2025-08-21,Online App,Tabby (BNPL),2
11527,325,2025-12-21,Online App,Tabby (BNPL),3
11528,2522,2024-10-05,Online App,Credit Card,1
11529,1673,2025-12-13,Online App,Credit Card,1
11530,2078,2025-10-03,In-Store,Cash on Delivery,2
11531,2919,2025-05-26,Online App,Cash on Delivery,2
11532,244,2025-01-22,Online App,Apple Pay,1
11533,2707,2025-09-20,Website,Credit Card,1
11534,367,2024-10-12,Website,Credit Card,3
11535,1200,2025-01-20,Website,Credit Card,2
11536,2558,2025-09-30,Online App,Cash on Delivery,7
11537,2717,2025-09-10,Website,Cash on Delivery,2
11538,1516,2025-05-15,Online App,Apple Pay,7
11539,1789,2025-11-09,Online App,Credit Card,1
11540,2127,2025-12-23,Website,Tabby (BNPL),1
11541,2510,2025-10-10,Online App,Apple Pay,1
11542,351,2024-12-15,Online App,Credit Card,2
11543,2444,2024-04-24,Online App,Tabby (BNPL),7
11544,1453,2025-09-07,Online App,Cash on Delivery,2
11545,1369,2025-08-23,Website,Tabby (BNPL),2
11546,1281,2025-02-23,In-Store,Credit Card,1
11547,1524,2025-12-23,Website,Apple Pay,1
11548,2835,2025-04-23,Online App,Tabby (BNPL),2
11549,1653,2025-09-19,Online App,Apple Pay,1
11550,2858,2025-11-29,Online App,Cash on Delivery,1
11551,549,2025-11-09,Website,Credit Card,2
11552,2175,2024-11-12,Website,Cash on Delivery,2
11553,2450,2025-08-13,Website,Cash on Delivery,1
11554,2044,2025-12-26,In-Store,Credit Card,3
11555,1828,2025-02-12,Online App,Cash on Delivery,2
11556,1699,2025-11-06,Online App,Credit Card,2
11557,2587,2024-10-05,Website,Apple Pay,1
11558,2478,2025-06-05,Website,Apple Pay,5
11559,354,2025-11-02,Online App,Tabby (BNPL),1
11560,2552,2025-10-15,Website,Credit Card,1
11561,1251,2025-04-13,Online App,Tabby (BNPL),4
11562,776,2025-08-29,Online App,Tabby (BNPL),1
11563,2615,2025-06-27,In-Store,Tabby (BNPL),3
11564,1309,2024-12-04,Website,Apple Pay,3
11565,2439,2025-05-15,Website,Tabby (BNPL),2
11566,802,2025-07-25,Online App,Tabby (BNPL),2
11567,14,2025-09-18,Website,Tabby (BNPL),1
11568,1491,2025-03-06,Online App,Tabby (BNPL),1
11569,295,2025-09-12,Online App,Tabby (BNPL),5
11570,2269,2025-10-03,Online App,Cash on Delivery,1
11571,839,2025-10-30,Online App,Apple Pay,1
11572,1349,2024-09-15,Online App,Apple Pay,4
11573,253,2025-04-30,Website,Apple Pay,2
11574,873,2025-12-31,In-Store,Credit Card,2
11575,2360,2024-07-05,Website,Tabby (BNPL),2
11576,455,2025-08-01,Online App,Apple Pay,1
11577,1951,2025-10-25,Website,Cash on Delivery,2
11578,2753,2024-09-15,Website,Cash on Delivery,4
11579,2047,2025-10-19,Website,Tabby (BNPL),1
11580,2447,2024-11-17,Website,Tabby (BNPL),1
11581,322,2025-05-17,Online App,Credit Card,1
11582,768,2025-08-10,Online App,Credit Card,2
11583,2689,2024-07-17,In-Store,Credit Card,5
11584,2147,2025-10-16,Website,Credit Card,2
11585,1930,2025-12-16,Online App,Apple Pay,6
11586,2003,2025-03-26,Online App,Tabby (BNPL),2
11587,1252,2025-12-26,Website,Credit Card,1
11588,130,2024-06-03,Online App,Tabby (BNPL),5
11589,2365,2025-10-22,Online App,Credit Card,1
11590,2042,2025-03-14,Online App,Apple Pay,2
11591,1430,2025-11-06,Online App,Cash on Delivery,1
11592,2701,2025-09-27,In-Store,Cash on Delivery,1
11593,1030,2024-11-19,Online App,Credit Card,6
11594,894,2025-09-18,In-Store,Credit Card,2
11595,2627,2025-11-08,Online App,Tabby (BNPL),2
11596,2405,2024-09-03,In-Store,Tabby (BNPL),1
11597,1538,2025-06-16,Online App,Credit Card,1
11598,384,2024-11-07,In-Store,Apple Pay,1
11599,662,2025-11-28,Online App,Cash on Delivery,2
11600,1979,2025-11-03,In-Store,Apple Pay,3
11601,1179,2024-10-17,Online App,Tabby (BNPL),3
11602,2514,2025-12-07,Website,Cash on Delivery,5
11603,2847,2024-05-13,Online App,Cash on Delivery,1
11604,2430,2025-12-26,Online App,Apple Pay,1
11605,1157,2025-10-24,Website,Tabby (BNPL),5
11606,2378,2025-11-02,In-Store,Apple Pay,1
11607,1078,2025-04-15,Online App,Apple Pay,1
11608,513,2025-09-23,Website,Tabby (BNPL),7
11609,107,2025-04-03,Website,Cash on Delivery,3
11610,1182,2025-07-31,Online App,Credit Card,2
11611,2713,2025-02-23,Website,Tabby (BNPL),1
11612,737,2025-07-24,Online App,Credit Card,3
11613,635,2025-01-17,In-Store,Cash on Delivery,3
11614,2915,2025-10-07,Website,Tabby (BNPL),2
11615,85,2025-05-19,Online App,Tabby (BNPL),1
11616,2371,2024-12-13,Online App,Tabby (BNPL),3
11617,984,2025-09-11,Online App,Cash on Delivery,1
11618,117,2025-11-24,In-Store,Cash on Delivery,2
11619,2753,2025-10-07,In-Store,Tabby (BNPL),4
11620,418,2024-09-14,In-Store,Tabby (BNPL),1
11621,1661,2025-07-17,In-Store,Cash on Delivery,1
11622,831,2025-09-26,Online App,Apple Pay,1
11623,188,2024-09-17,Online App,Apple Pay,3
11624,142,2024-08-23,In-Store,Apple Pay,1
11625,337,2025-12-10,Website,Credit Card,1
11626,209,2024-08-25,Website,Credit Card,3
11627,2288,2025-09-25,Online App,Cash on Delivery,1
11628,1461,2025-11-01,Online App,Cash on Delivery,3
11629,1051,2024-12-27,Online App,Tabby (BNPL),2
11630,1266,2025-07-05,Online App,Tabby (BNPL),1
11631,2787,2025-10-18,Online App,Cash on Delivery,3
11632,2731,2025-04-24,Website,Credit Card,2
11633,2149,2025-01-09,Online App,Apple Pay,2
11634,2664,2025-11-05,Online App,Cash on Delivery,2
11635,978,2025-10-17,Online App,Tabby (BNPL),1
11636,1168,2025-07-03,Online App,Cash on Delivery,2
11637,1848,2025-09-13,Online App,Apple Pay,2
11638,1879,2025-01-29,Online App,Credit Card,3
11639,1455,2025-10-11,In-Store,Tabby (BNPL),1
11640,1218,2025-12-30,Online App,Cash on Delivery,4
11641,2960,2024-04-08,Website,Credit Card,1
11642,2475,2025-06-09,Online App,Credit Card,1
11643,1318,2025-11-02,Online App,Cash on Delivery,3
11644,2185,2025-11-22,Online App,Cash on Delivery,3
11645,820,2024-10-10,Online App,Apple Pay,5
11646,295,2025-12-23,In-Store,Tabby (BNPL),5
11647,1080,2025-03-15,Online App,Credit Card,3
11648,1225,2025-09-08,Online App,Apple Pay,2
11649,53,2025-12-11,Website,Credit Card,1
11650,2458,2025-02-02,In-Store,Cash on Delivery,1
11651,1101,2025-04-06,Online App,Tabby (BNPL),1
11652,1744,2025-12-24,Online App,Tabby (BNPL),1
11653,217,2025-12-19,Online App,Credit Card,5
11654,531,2025-12-01,Online App,Credit Card,4
11655,2675,2025-11-06,Website,Cash on Delivery,2
11656,1833,2025-11-28,Online App,Cash on Delivery,5
11657,2848,2025-10-01,Online App,Credit Card,2
11658,2998,2025-05-21,Website,Cash on Delivery,1
11659,1139,2025-05-17,Online App,Tabby (BNPL),1
11660,909,2025-09-30,Website,Apple Pay,2
11661,2576,2025-12-21,In-Store,Apple Pay,1
11662,2998,2025-01-16,In-Store,Tabby (BNPL),1
11663,1897,2025-11-28,Website,Tabby (BNPL),2
11664,2398,2025-02-21,In-Store,Credit Card,3
11665,2360,2025-10-29,Online App,Apple Pay,2
11666,1091,2025-06-08,Website,Cash on Delivery,1
11667,1728,2025-04-09,Online App,Apple Pay,7
11668,2510,2025-08-03,Online App,Tabby (BNPL),1
11669,2074,2025-05-05,Online App,Cash on Delivery,2
11670,70,2025-08-27,Website,Tabby (BNPL),2
11671,1030,2024-08-06,Online App,Tabby (BNPL),6
11672,435,2024-09-16,Online App,Cash on Delivery,5
11673,718,2024-09-29,Online App,Credit Card,1
11674,2716,2025-08-27,Online App,Cash on Delivery,4
11675,116,2025-03-12,Online App,Tabby (BNPL),1
11676,677,2025-03-01,In-Store,Apple Pay,4
11677,942,2024-10-11,Online App,Credit Card,2
11678,1858,2025-11-17,Online App,Cash on Delivery,1
11679,1608,2025-07-17,Online App,Apple Pay,1
11680,671,2024-11-28,In-Store,Cash on Delivery,5
11681,499,2025-02-24,Website,Credit Card,1
11682,731,2025-10-15,Online App,Tabby (BNPL),4
11683,1507,2025-12-13,Online App,Credit Card,2
11684,822,2025-10-12,In-Store,Apple Pay,1
11685,2842,2025-11-04,In-Store,Cash on Delivery,6
11686,1407,2024-11-01,Online App,Credit Card,1
11687,169,2024-07-19,Website,Cash on Delivery,1
11688,2189,2025-09-19,Website,Apple Pay,2
11689,1006,2025-07-28,Website,Credit Card,2
11690,1970,2024-08-04,Online App,Tabby (BNPL),1
11691,847,2024-10-25,Website,Cash on Delivery,6
11692,1715,2025-03-02,Online App,Apple Pay,3
11693,2332,2025-08-17,Online App,Apple Pay,2
11694,2783,2025-06-11,Website,Credit Card,6
11695,797,2024-08-01,In-Store,Cash on Delivery,2
11696,1025,2025-02-12,Online App,Apple Pay,1
11697,1409,2025-05-12,Website,Cash on Delivery,2
11698,2779,2025-08-03,Website,Tabby (BNPL),5
11699,2708,2025-06-05,Online App,Cash on Delivery,2
11700,259,2025-12-31,Website,Credit Card,5
11701,389,2025-11-10,In-Store,Tabby (BNPL),1
11702,1491,2024-12-17,In-Store,Tabby (BNPL),1
11703,316,2025-12-29,In-Store,Tabby (BNPL),2
11704,1064,2025-06-08,Website,Cash on Delivery,1
11705,446,2025-02-08,Online App,Credit Card,1
11706,1920,2025-09-23,Online App,Tabby (BNPL),4
11707,2847,2024-12-12,Website,Credit Card,1
11708,2992,2024-05-11,Online App,Cash on Delivery,1
11709,1150,2024-07-25,In-Store,Cash on Delivery,6
11710,1804,2025-05-27,Online App,Tabby (BNPL),1
11711,2573,2025-01-27,In-Store,Cash on Delivery,1
11712,342,2025-10-02,Online App,Tabby (BNPL),1
11713,2077,2025-10-28,Online App,Tabby (BNPL),4
11714,1241,2025-12-01,Online App,Credit Card,4
11715,634,2025-10-05,Online App,Credit Card,2
11716,1224,2024-12-25,Website,Apple Pay,1
11717,223,2025-05-22,Online App,Cash on Delivery,3
11718,2096,2025-07-25,Website,Credit Card,1
11719,774,2024-10-17,Online App,Cash on Delivery,3
11720,948,2025-08-27,Online App,Apple Pay,1
11721,351,2025-12-26,In-Store,Credit Card,2
11722,2599,2025-09-28,In-Store,Credit Card,2
11723,1484,2025-12-12,Website,Credit Card,1
11724,1719,2025-05-03,Website,Apple Pay,2
11725,1714,2025-08-26,Online App,Credit Card,6
11726,1246,2025-04-09,Website,Tabby (BNPL),1
11727,589,2025-11-27,In-Store,Apple Pay,6
11728,2244,2025-08-19,Website,Cash on Delivery,2
11729,371,2025-10-05,Website,Credit Card,1
11730,308,2025-06-07,Online App,Apple Pay,5
11731,2133,2025-01-30,Online App,Tabby (BNPL),3
11732,642,2024-12-23,Online App,Apple Pay,1
11733,932,2025-09-23,Online App,Apple Pay,2
11734,1440,2025-03-29,Online App,Tabby (BNPL),1
11735,1362,2024-12-21,Website,Credit Card,3
11736,2128,2025-05-13,Online App,Apple Pay,1
11737,1879,2025-09-27,Online App,Tabby (BNPL),3
11738,1942,2025-04-14,In-Store,Tabby (BNPL),2
11739,2145,2025-11-07,Online App,Tabby (BNPL),1
11740,891,2025-08-21,Online App,Cash on Delivery,6
11741,987,2025-05-28,Website,Tabby (BNPL),2
11742,1330,2024-10-17,Online App,Cash on Delivery,1
11743,935,2025-11-26,Online App,Cash on Delivery,1
11744,2957,2025-10-25,Online App,Credit Card,2
11745,2457,2025-08-19,Online App,Cash on Delivery,1
11746,501,2025-04-27,Online App,Cash on Delivery,4
11747,18,2025-08-04,In-Store,Cash on Delivery,2
11748,124,2025-12-27,Website,Apple Pay,7
11749,751,2025-09-27,Online App,Cash on Delivery,2
11750,333,2025-03-14,In-Store,Cash on Delivery,1
11751,1604,2025-02-11,Website,Tabby (BNPL),6
11752,2575,2025-10-21,Online App,Apple Pay,1
11753,2218,2025-09-26,Online App,Credit Card,1
11754,663,2025-10-27,Website,Apple Pay,2
11755,1214,2024-07-04,In-Store,Tabby (BNPL),2
11756,1521,2025-10-25,Online App,Apple Pay,1
11757,2444,2024-10-05,Online App,Tabby (BNPL),7
11758,2523,2025-12-13,Website,Credit Card,2
11759,2728,2024-10-11,Online App,Apple Pay,2
11760,1524,2025-10-23,In-Store,Credit Card,1
11761,2094,2025-10-12,In-Store,Cash on Delivery,7
11762,327,2025-09-22,Online App,Tabby (BNPL),1
11763,1702,2025-11-20,Online App,Credit Card,1
11764,764,2025-06-26,In-Store,Tabby (BNPL),2
11765,1309,2025-10-25,In-Store,Apple Pay,3
11766,1914,2025-09-12,Website,Credit Card,1
11767,785,2025-09-29,Website,Tabby (BNPL),2
11768,151,2025-11-13,Online App,Apple Pay,7
11769,31,2025-12-16,Website,Apple Pay,4
11770,74,2025-10-18,Online App,Cash on Delivery,6
11771,25,2025-11-06,In-Store,Apple Pay,6
11772,325,2024-11-11,Online App,Credit Card,3
11773,738,2025-11-30,In-Store,Tabby (BNPL),1
11774,683,2025-12-30,Online App,Credit Card,1
11775,2961,2025-12-25,Website,Cash on Delivery,2
11776,931,2025-08-25,Online App,Credit Card,6
11777,371,2025-03-13,In-Store,Tabby (BNPL),1
11778,1648,2025-04-28,Online App,Tabby (BNPL),2
11779,2575,2024-07-22,Online App,Cash on Delivery,1
11780,2042,2024-07-24,Website,Cash on Delivery,2
11781,900,2025-07-13,Website,Credit Card,3
11782,1691,2025-11-02,In-Store,Apple Pay,1
11783,2147,2025-07-21,Website,Cash on Delivery,2
11784,2188,2025-09-14,Online App,Tabby (BNPL),4
11785,2010,2025-06-13,Online App,Tabby (BNPL),1
11786,2619,2025-09-10,In-Store,Tabby (BNPL),1
11787,2617,2025-09-02,Website,Cash on Delivery,2
11788,1738,2025-02-17,Website,Cash on Delivery,6
11789,1302,2024-09-02,Online App,Cash on Delivery,1
11790,1934,2025-10-09,Online App,Tabby (BNPL),3
11791,2467,2025-12-26,Online App,Tabby (BNPL),4
11792,18,2025-09-17,Online App,Credit Card,2
11793,2977,2025-12-25,Website,Cash on Delivery,1
11794,559,2025-06-25,Website,Tabby (BNPL),2
11795,1423,2024-05-09,Online App,Credit Card,1
11796,2623,2025-07-05,In-Store,Tabby (BNPL),3
11797,692,2025-01-14,Online App,Apple Pay,2
11798,1444,2025-05-27,In-Store,Apple Pay,2
11799,391,2025-11-11,In-Store,Tabby (BNPL),1
11800,1205,2025-10-26,Online App,Credit Card,4
11801,538,2025-11-11,Website,Cash on Delivery,2
11802,1112,2025-12-17,In-Store,Apple Pay,1
11803,1146,2025-03-06,Online App,Apple Pay,1
11804,2979,2025-09-11,Website,Cash on Delivery,2
11805,2987,2025-12-28,Website,Apple Pay,3
11806,335,2025-11-20,Online App,Tabby (BNPL),1
11807,2182,2025-06-20,Online App,Cash on Delivery,2
11808,149,2025-04-26,Online App,Tabby (BNPL),5
11809,100,2025-11-05,Online App,Tabby (BNPL),1
11810,311,2025-12-17,In-Store,Credit Card,3
11811,2903,2025-09-21,In-Store,Tabby (BNPL),1
11812,2822,2025-02-11,Online App,Credit Card,2
11813,594,2025-07-19,In-Store,Apple Pay,2
11814,489,2025-07-02,Online App,Apple Pay,2
11815,741,2025-10-07,Online App,Apple Pay,2
11816,1541,2025-11-11,In-Store,Credit Card,7
11817,1714,2025-10-06,Website,Cash on Delivery,6
11818,684,2025-05-15,Website,Apple Pay,2
11819,2274,2025-12-10,In-Store,Credit Card,2
11820,941,2025-12-15,Online App,Apple Pay,2
11821,2763,2025-12-22,Website,Credit Card,1
11822,1981,2025-07-13,In-Store,Tabby (BNPL),2
11823,1324,2025-05-30,Online App,Apple Pay,1
11824,2381,2025-01-11,Website,Cash on Delivery,1
11825,2466,2025-11-26,Website,Apple Pay,6
11826,883,2025-11-21,Website,Tabby (BNPL),2
11827,1042,2024-11-11,In-Store,Tabby (BNPL),2
11828,2804,2024-07-20,Online App,Tabby (BNPL),4
11829,501,2024-10-30,In-Store,Apple Pay,4
11830,124,2025-10-26,Online App,Cash on Delivery,7
11831,1378,2025-08-08,Website,Apple Pay,5
11832,2417,2025-08-23,Online App,Apple Pay,2
11833,2330,2025-10-23,Online App,Apple Pay,4
11834,2757,2025-05-04,Website,Credit Card,3
11835,1604,2025-04-18,Website,Cash on Delivery,6
11836,295,2025-10-11,Online App,Tabby (BNPL),5
11837,1770,2024-10-10,In-Store,Apple Pay,1
11838,2349,2025-04-06,Online App,Credit Card,1
11839,271,2025-12-23,Website,Apple Pay,2
11840,525,2025-12-25,In-Store,Apple Pay,1
11841,36,2025-01-23,In-Store,Apple Pay,5
11842,1786,2025-05-06,Website,Cash on Delivery,2
11843,2668,2025-10-31,Website,Credit Card,2
11844,2023,2025-11-12,Website,Cash on Delivery,1
11845,2950,2024-08-19,Website,Tabby (BNPL),1
11846,181,2025-08-24,Online App,Tabby (BNPL),4
11847,2711,2025-07-21,Online App,Cash on Delivery,1
11848,2457,2025-08-07,Online App,Credit Card,1
11849,957,2024-10-09,In-Store,Credit Card,4
11850,2924,2025-09-01,Online App,Credit Card,1
11851,878,2025-08-16,Online App,Tabby (BNPL),2
11852,2675,2025-11-01,In-Store,Cash on Delivery,2
11853,2650,2025-08-01,In-Store,Credit Card,6
11854,2277,2025-06-03,Website,Cash on Delivery,2
11855,1695,2025-06-02,Online App,Credit Card,4
11856,349,2025-05-08,Website,Tabby (BNPL),1
11857,1598,2025-05-04,In-Store,Apple Pay,6
11858,1094,2025-03-07,Online App,Apple Pay,2
11859,2388,2024-04-18,In-Store,Credit Card,1
11860,2278,2025-04-06,Website,Cash on Delivery,4
11861,2731,2024-04-02,In-Store,Cash on Delivery,2
11862,46,2025-12-20,Website,Cash on Delivery,2
11863,2439,2024-05-13,Website,Apple Pay,2
11864,2813,2025-08-19,Online App,Credit Card,4
11865,2379,2024-04-07,Website,Cash on Delivery,1
11866,384,2024-12-31,Website,Credit Card,1
11867,235,2024-12-06,Online App,Credit Card,2
11868,69,2025-01-26,Online App,Cash on Delivery,2
11869,1895,2025-11-12,Online App,Tabby (BNPL),1
11870,1897,2025-11-23,Website,Credit Card,2
11871,2961,2025-11-30,Online App,Apple Pay,2
11872,1213,2025-01-14,Online App,Cash on Delivery,3
11873,1014,2024-07-16,Website,Tabby (BNPL),1
11874,1882,2025-08-18,Website,Apple Pay,2
11875,2489,2025-08-26,Online App,Cash on Delivery,1
11876,2808,2025-09-09,Online App,Tabby (BNPL),1
11877,2422,2025-10-18,Online App,Credit Card,1
11878,1291,2025-08-16,In-Store,Credit Card,5
11879,1919,2025-09-09,Online App,Tabby (BNPL),1
11880,2573,2025-08-02,Website,Apple Pay,1
11881,1475,2025-07-04,Online App,Cash on Delivery,2
11882,667,2025-09-14,Website,Tabby (BNPL),1
11883,519,2025-12-11,Online App,Cash on Delivery,2
11884,1,2025-11-24,Website,Cash on Delivery,2
11885,2154,2025-01-01,Online App,Cash on Delivery,3
11886,326,2024-07-15,Online App,Credit Card,1
11887,750,2025-08-30,Website,Cash on Delivery,3
11888,907,2024-08-15,In-Store,Credit Card,1
11889,1685,2025-09-14,Online App,Apple Pay,2
11890,1213,2025-02-01,Online App,Apple Pay,3
11891,2034,2025-06-25,In-Store,Credit Card,2
11892,159,2025-11-13,Website,Tabby (BNPL),3
11893,359,2025-09-13,Website,Credit Card,6
11894,1499,2025-08-14,Online App,Tabby (BNPL),1
11895,1031,2025-11-09,Website,Credit Card,1
11896,900,2025-11-06,Website,Tabby (BNPL),3
11897,195,2025-02-10,Online App,Credit Card,3
11898,2690,2024-07-23,Website,Cash on Delivery,2
11899,2086,2024-05-20,Website,Apple Pay,1
11900,352,2025-08-04,Online App,Tabby (BNPL),5
11901,188,2025-08-27,Online App,Tabby (BNPL),3
11902,2927,2024-03-07,Website,Tabby (BNPL),1
11903,2052,2025-08-12,Online App,Credit Card,5
11904,1262,2025-04-01,Online App,Cash on Delivery,2
11905,2114,2025-04-11,Website,Tabby (BNPL),2
11906,2273,2025-05-31,In-Store,Credit Card,2
11907,2356,2025-12-11,Online App,Apple Pay,2
11908,1445,2025-11-13,In-Store,Tabby (BNPL),1
11909,1302,2025-06-01,Online App,Cash on Delivery,1
11910,32,2024-08-27,In-Store,Tabby (BNPL),1
11911,2776,2025-04-01,Online App,Apple Pay,1
11912,1816,2025-02-20,Online App,Cash on Delivery,2
11913,623,2025-08-05,Online App,Apple Pay,1
11914,2757,2025-11-01,Website,Credit Card,3
11915,2742,2025-06-03,Online App,Credit Card,2
11916,2969,2025-07-18,Online App,Tabby (BNPL),2
11917,2631,2024-10-11,Online App,Cash on Delivery,1
11918,2996,2025-12-11,Online App,Apple Pay,5
11919,752,2025-06-17,Website,Apple Pay,1
11920,2531,2024-02-23,Online App,Cash on Delivery,3
11921,2481,2025-10-09,In-Store,Cash on Delivery,4
11922,711,2025-08-30,In-Store,Cash on Delivery,1
11923,290,2025-01-23,In-Store,Cash on Delivery,6
11924,2940,2024-09-26,Online App,Credit Card,1
11925,900,2025-11-17,Online App,Cash on Delivery,3
11926,2619,2025-11-17,Online App,Apple Pay,1
11927,15,2025-07-14,In-Store,Credit Card,1
11928,70,2025-06-26,In-Store,Apple Pay,2
11929,1414,2025-08-15,Website,Credit Card,3
11930,736,2024-11-21,Online App,Apple Pay,1
11931,2078,2025-12-28,Website,Tabby (BNPL),2
11932,1702,2025-10-20,Website,Credit Card,1
11933,227,2025-12-29,Website,Credit Card,4
11934,494,2024-07-12,In-Store,Tabby (BNPL),1
11935,1189,2025-12-16,Online App,Apple Pay,1
11936,568,2025-11-09,Online App,Cash on Delivery,1
11937,2388,2024-08-03,In-Store,Apple Pay,1
11938,1256,2025-12-31,Online App,Apple Pay,3
11939,272,2025-12-15,Online App,Tabby (BNPL),1
11940,1459,2025-03-21,Website,Cash on Delivery,7
11941,262,2025-08-08,Website,Credit Card,1
11942,378,2025-09-02,Online App,Tabby (BNPL),2
11943,738,2025-11-22,In-Store,Tabby (BNPL),1
11944,2582,2025-09-19,Online App,Apple Pay,4
11945,2771,2024-11-20,Website,Apple Pay,1
11946,2491,2025-11-06,Online App,Apple Pay,3
11947,1022,2025-11-07,Online App,Tabby (BNPL),2
11948,825,2025-02-27,Online App,Credit Card,1
11949,1657,2025-05-14,Online App,Credit Card,1
11950,2167,2025-02-22,Website,Apple Pay,1
11951,2981,2024-09-16,In-Store,Apple Pay,1
11952,388,2025-10-06,In-Store,Credit Card,2
11953,141,2024-07-19,Online App,Credit Card,4
11954,2094,2025-10-07,Online App,Credit Card,7
11955,2508,2025-06-09,Online App,Apple Pay,5
11956,2544,2025-05-01,Online App,Credit Card,1
11957,2042,2024-11-20,Online App,Apple Pay,2
11958,2861,2025-07-25,Online App,Credit Card,1
11959,1529,2025-10-18,Online App,Tabby (BNPL),4
11960,2741,2024-06-27,Website,Cash on Delivery,1
11961,2910,2025-09-02,Online App,Tabby (BNPL),1
11962,2547,2025-10-04,Online App,Cash on Delivery,6
11963,943,2024-04-27,Website,Tabby (BNPL),3
11964,600,2025-07-07,Online App,Tabby (BNPL),3
11965,1653,2025-07-04,Online App,Apple Pay,1
11966,1374,2025-11-04,Online App,Credit Card,1
11967,2644,2025-12-29,Online App,Tabby (BNPL),5
11968,295,2025-08-18,Website,Apple Pay,5
11969,787,2024-05-31,In-Store,Tabby (BNPL),3
11970,2261,2025-12-06,Website,Tabby (BNPL),6
11971,279,2025-09-25,In-Store,Credit Card,6
11972,981,2025-02-11,In-Store,Credit Card,1
11973,1187,2025-12-05,Online App,Tabby (BNPL),6
11974,1878,2025-01-30,Online App,Tabby (BNPL),2
11975,475,2024-06-03,Online App,Cash on Delivery,5
11976,2586,2025-12-24,Online App,Credit Card,6
11977,1358,2025-06-05,Website,Tabby (BNPL),1
11978,2751,2025-09-22,Website,Apple Pay,4
11979,1417,2025-02-13,Online App,Credit Card,1
11980,835,2025-11-19,Online App,Tabby (BNPL),2
11981,425,2024-12-24,Website,Tabby (BNPL),3
11982,13,2025-12-14,Website,Apple Pay,4
11983,1599,2025-08-02,Online App,Credit Card,1
11984,318,2025-06-19,Online App,Cash on Delivery,1
11985,1198,2025-12-23,Online App,Credit Card,2
11986,1771,2025-10-30,Online App,Cash on Delivery,2
11987,838,2025-12-04,Online App,Apple Pay,2
11988,531,2025-10-31,Online App,Credit Card,4
11989,2339,2025-04-17,Online App,Cash on Delivery,6
11990,2839,2025-09-13,Website,Tabby (BNPL),2
11991,295,2025-10-10,Online App,Tabby (BNPL),5
11992,467,2025-04-07,Online App,Credit Card,1
11993,2885,2025-05-25,In-Store,Tabby (BNPL),6
11994,118,2025-11-09,Online App,Apple Pay,1
11995,2935,2025-09-27,Online App,Cash on Delivery,2
11996,16,2025-08-18,In-Store,Cash on Delivery,1
11997,2630,2025-09-29,In-Store,Apple Pay,5
11998,935,2025-03-21,Online App,Tabby (BNPL),1
11999,2814,2025-09-11,Website,Tabby (BNPL),2
12000,967,2025-11-22,Website,Tabby (BNPL),3
12001,1973,2024-10-24,Online App,Credit Card,7
12002,231,2025-12-13,Website,Credit Card,1
12003,746,2025-12-09,Online App,Cash on Delivery,1
12004,2335,2025-12-17,Online App,Credit Card,5
12005,1590,2025-11-20,Online App,Tabby (BNPL),2
12006,2783,2025-10-29,Online App,Tabby (BNPL),6
12007,1296,2025-04-24,Online App,Apple Pay,3
12008,2615,2024-11-30,Online App,Cash on Delivery,3
12009,1360,2025-10-30,Website,Credit Card,1
12010,2939,2025-12-24,Online App,Apple Pay,1
12011,2884,2025-11-08,Online App,Tabby (BNPL),1
12012,1008,2024-06-02,In-Store,Tabby (BNPL),2
12013,2666,2025-07-09,Online App,Credit Card,1
12014,2548,2025-12-31,Online App,Credit Card,1
12015,650,2025-01-12,Online App,Tabby (BNPL),3
12016,1882,2025-08-30,Website,Credit Card,2
12017,213,2024-09-20,Online App,Cash on Delivery,2
12018,2514,2025-11-24,Online App,Apple Pay,5
12019,530,2025-11-15,In-Store,Cash on Delivery,1
12020,207,2025-09-18,In-Store,Apple Pay,1
12021,1217,2025-01-31,Online App,Credit Card,1
12022,1733,2025-06-28,Website,Tabby (BNPL),1
12023,2569,2024-09-23,Website,Credit Card,1
12024,2924,2025-07-01,Online App,Credit Card,1
12025,1335,2025-12-06,Online App,Cash on Delivery,1
12026,173,2024-09-20,Website,Cash on Delivery,2
12027,2252,2025-12-14,Website,Cash on Delivery,1
12028,1701,2025-06-24,In-Store,Apple Pay,4
12029,1359,2025-11-21,In-Store,Apple Pay,6
12030,940,2025-11-01,Online App,Cash on Delivery,1
12031,1506,2024-06-02,Website,Cash on Delivery,1
12032,1037,2025-08-20,Website,Credit Card,1
12033,2275,2025-05-06,In-Store,Tabby (BNPL),1
12034,1643,2025-11-27,Online App,Cash on Delivery,1
12035,2643,2025-09-24,Online App,Tabby (BNPL),1
12036,1641,2024-03-25,Online App,Credit Card,1
12037,735,2025-01-01,In-Store,Cash on Delivery,7
12038,2557,2025-12-17,In-Store,Apple Pay,3
12039,1678,2025-07-29,Online App,Cash on Delivery,2
12040,637,2025-11-27,Online App,Credit Card,4
12041,1879,2024-05-08,Website,Cash on Delivery,3
12042,1097,2025-09-16,Website,Cash on Delivery,1
12043,2538,2024-10-01,In-Store,Apple Pay,1
12044,1375,2025-10-02,In-Store,Tabby (BNPL),2
12045,2183,2025-05-13,Website,Cash on Delivery,1
12046,282,2025-12-23,In-Store,Credit Card,2
12047,1207,2025-10-15,Online App,Credit Card,1
12048,2952,2024-11-12,In-Store,Credit Card,4
12049,2439,2025-03-20,Online App,Apple Pay,2
12050,485,2025-09-09,Online App,Credit Card,3
12051,843,2025-02-11,Online App,Tabby (BNPL),4
12052,1010,2025-03-23,Online App,Tabby (BNPL),4
12053,1962,2025-07-14,Online App,Tabby (BNPL),1
12054,2275,2025-11-10,In-Store,Credit Card,1
12055,2253,2025-12-27,Online App,Cash on Delivery,2
12056,1524,2025-11-02,Online App,Credit Card,1
12057,2446,2025-08-22,Online App,Credit Card,1
12058,1328,2025-07-10,Online App,Tabby (BNPL),3
12059,359,2025-08-20,Online App,Apple Pay,6
12060,1698,2025-07-10,Website,Tabby (BNPL),3
12061,2853,2025-12-28,Online App,Cash on Delivery,1
12062,2391,2025-06-07,Website,Apple Pay,1
12063,1738,2024-08-07,Website,Cash on Delivery,6
12064,1951,2025-11-01,Online App,Apple Pay,2
12065,2792,2024-05-04,Website,Credit Card,1
12066,1296,2025-06-27,Online App,Apple Pay,3
12067,1013,2025-05-24,Website,Apple Pay,1
12068,2933,2025-12-13,Online App,Cash on Delivery,2
12069,2595,2025-08-24,Website,Tabby (BNPL),1
12070,988,2025-10-05,Website,Credit Card,3
12071,1407,2025-05-11,Website,Cash on Delivery,1
12072,1254,2025-05-07,Online App,Cash on Delivery,1
12073,448,2025-06-21,In-Store,Credit Card,2
12074,2877,2025-12-18,Website,Tabby (BNPL),2
12075,1226,2025-06-28,In-Store,Tabby (BNPL),1
12076,2636,2025-09-03,Online App,Tabby (BNPL),1
12077,576,2025-05-12,Website,Tabby (BNPL),4
12078,1652,2025-05-02,Online App,Credit Card,1
12079,81,2025-09-27,Website,Credit Card,3
12080,2298,2025-06-29,Website,Tabby (BNPL),2
12081,1745,2025-12-24,In-Store,Cash on Delivery,1
12082,1886,2024-10-18,Online App,Tabby (BNPL),2
12083,149,2024-11-29,In-Store,Apple Pay,5
12084,651,2025-07-11,In-Store,Apple Pay,1
12085,218,2025-11-09,Website,Credit Card,1
12086,880,2024-06-20,Online App,Tabby (BNPL),4
12087,1891,2025-09-13,Online App,Tabby (BNPL),4
12088,1705,2025-11-15,Website,Cash on Delivery,1
12089,1845,2024-09-15,Online App,Apple Pay,1
12090,1658,2025-12-03,Online App,Cash on Delivery,6
12091,826,2025-08-08,Online App,Cash on Delivery,1
12092,752,2025-08-18,Online App,Credit Card,1
12093,410,2025-04-18,Online App,Tabby (BNPL),1
12094,2552,2025-11-04,Online App,Credit Card,1
12095,1856,2025-03-01,In-Store,Apple Pay,1
12096,569,2025-05-05,In-Store,Apple Pay,1
12097,539,2025-08-22,Online App,Tabby (BNPL),2
12098,2627,2025-06-19,In-Store,Cash on Delivery,2
12099,2235,2025-07-07,Online App,Credit Card,1
12100,1989,2025-12-20,Online App,Cash on Delivery,1
12101,1236,2025-12-25,In-Store,Credit Card,1
12102,800,2025-08-27,Website,Apple Pay,1
12103,2940,2025-07-17,Online App,Apple Pay,1
12104,2405,2025-03-18,In-Store,Apple Pay,1
12105,918,2025-04-05,In-Store,Cash on Delivery,1
12106,2548,2025-10-18,Website,Tabby (BNPL),1
12107,2282,2025-10-28,Online App,Tabby (BNPL),2
12108,904,2025-07-10,Online App,Credit Card,1
12109,1290,2025-11-22,In-Store,Tabby (BNPL),5
12110,568,2025-08-16,Online App,Tabby (BNPL),1
12111,326,2025-07-25,Online App,Cash on Delivery,1
12112,2168,2025-05-07,Online App,Apple Pay,4
12113,814,2025-05-10,Online App,Tabby (BNPL),2
12114,2472,2024-03-30,Online App,Credit Card,2
12115,2991,2025-09-13,Online App,Credit Card,1
12116,225,2025-10-03,Online App,Cash on Delivery,1
12117,1431,2025-04-25,Online App,Credit Card,2
12118,2420,2024-12-02,Website,Apple Pay,1
12119,2379,2025-09-24,Website,Tabby (BNPL),1
12120,2287,2025-12-20,Website,Credit Card,1
12121,1071,2025-12-04,Website,Cash on Delivery,1
12122,1377,2024-05-22,Online App,Tabby (BNPL),3
12123,1793,2025-12-19,In-Store,Apple Pay,1
12124,2924,2025-11-01,Online App,Cash on Delivery,1
12125,1003,2025-10-06,Online App,Tabby (BNPL),1
12126,2766,2025-03-08,Online App,Cash on Delivery,1
12127,820,2025-03-24,Online App,Tabby (BNPL),5
12128,2969,2025-12-16,Online App,Credit Card,2
12129,2020,2025-01-02,Online App,Apple Pay,1
12130,1407,2024-10-24,Online App,Tabby (BNPL),1
12131,1848,2025-09-19,Website,Tabby (BNPL),2
12132,825,2025-02-25,Website,Tabby (BNPL),1
12133,831,2025-10-05,Website,Apple Pay,1
12134,329,2024-07-16,Online App,Cash on Delivery,3
12135,331,2025-06-07,Website,Credit Card,6
12136,1068,2025-12-07,Online App,Apple Pay,2
12137,2296,2025-11-03,Online App,Apple Pay,3
12138,1830,2025-12-01,Website,Tabby (BNPL),2
12139,305,2025-03-10,Online App,Apple Pay,1
12140,2563,2025-06-06,Online App,Credit Card,3
12141,1811,2025-04-07,Online App,Apple Pay,2
12142,2888,2025-08-19,Website,Credit Card,4
12143,2020,2025-02-16,Online App,Credit Card,1
12144,531,2025-10-19,Website,Credit Card,4
12145,1433,2025-01-21,Online App,Apple Pay,1
12146,1957,2025-09-20,Online App,Tabby (BNPL),1
12147,95,2025-04-25,Website,Apple Pay,3
12148,47,2025-09-08,Online App,Apple Pay,6
12149,381,2024-12-05,Online App,Credit Card,1
12150,770,2025-08-05,In-Store,Cash on Delivery,2
12151,1301,2025-07-23,Website,Cash on Delivery,1
12152,1469,2024-03-08,In-Store,Tabby (BNPL),1
12153,414,2025-10-25,Online App,Credit Card,1
12154,2032,2025-09-12,Online App,Credit Card,3
12155,1795,2025-04-07,Online App,Cash on Delivery,1
12156,895,2025-01-26,Website,Apple Pay,1
12157,40,2025-12-24,Online App,Cash on Delivery,1
12158,228,2025-10-31,Website,Tabby (BNPL),3
12159,1198,2024-09-11,Online App,Cash on Delivery,2
12160,464,2025-06-06,Website,Credit Card,3
12161,1156,2025-11-13,Online App,Credit Card,3
12162,1893,2025-04-06,In-Store,Cash on Delivery,4
12163,1651,2025-02-12,In-Store,Credit Card,2
12164,712,2025-09-12,In-Store,Apple Pay,1
12165,1055,2025-04-16,Online App,Apple Pay,4
12166,1848,2025-06-08,In-Store,Credit Card,2
12167,2586,2025-12-24,Online App,Apple Pay,6
12168,2264,2025-09-05,In-Store,Tabby (BNPL),1
12169,1665,2025-05-31,Online App,Apple Pay,1
12170,1108,2025-10-16,Online App,Tabby (BNPL),2
12171,1116,2025-08-09,Website,Cash on Delivery,1
12172,2647,2025-11-05,Website,Tabby (BNPL),1
12173,119,2025-11-22,In-Store,Credit Card,1
12174,2966,2025-09-07,In-Store,Apple Pay,1
12175,2006,2025-06-23,In-Store,Tabby (BNPL),2
12176,2052,2025-09-28,Website,Tabby (BNPL),5
12177,118,2025-12-28,In-Store,Tabby (BNPL),1
12178,1824,2025-03-13,Online App,Credit Card,1
12179,1460,2025-10-11,Online App,Credit Card,1
12180,312,2025-07-25,In-Store,Credit Card,4
12181,843,2025-09-09,Online App,Cash on Delivery,4
12182,2677,2025-11-10,In-Store,Apple Pay,3
12183,1658,2025-01-09,Website,Tabby (BNPL),6
12184,1250,2024-11-08,Online App,Apple Pay,3
12185,213,2024-12-26,Website,Cash on Delivery,2
12186,2146,2025-03-31,Website,Cash on Delivery,2
12187,2115,2025-06-13,In-Store,Tabby (BNPL),3
12188,1848,2025-07-08,Online App,Cash on Delivery,2
12189,1526,2025-11-15,In-Store,Tabby (BNPL),7
12190,1313,2025-07-27,Online App,Tabby (BNPL),1
12191,1785,2025-12-26,In-Store,Tabby (BNPL),1
12192,720,2025-12-22,Website,Credit Card,6
12193,2824,2025-10-27,Website,Cash on Delivery,7
12194,1770,2025-08-28,Website,Tabby (BNPL),1
12195,947,2025-02-10,Online App,Apple Pay,1
12196,1363,2025-05-05,Online App,Cash on Delivery,1
12197,2430,2025-12-12,Online App,Cash on Delivery,1
12198,489,2025-06-28,Website,Apple Pay,2
12199,891,2025-11-11,In-Store,Credit Card,6
12200,2045,2025-07-12,In-Store,Cash on Delivery,1
12201,962,2025-06-05,In-Store,Apple Pay,6
12202,2388,2024-04-15,Website,Tabby (BNPL),1
12203,384,2024-08-20,Online App,Tabby (BNPL),1
12204,2296,2025-11-28,Website,Tabby (BNPL),3
12205,199,2025-10-13,Website,Apple Pay,2
12206,36,2025-03-17,Online App,Cash on Delivery,5
12207,2696,2025-09-10,Online App,Credit Card,2
12208,1747,2024-08-08,Website,Tabby (BNPL),6
12209,1078,2025-05-18,Website,Tabby (BNPL),1
12210,717,2025-08-10,Website,Apple Pay,2
12211,1858,2025-12-05,Online App,Cash on Delivery,1
12212,1524,2025-12-20,Online App,Apple Pay,1
12213,2975,2025-05-04,Website,Credit Card,2
12214,2952,2025-01-04,In-Store,Credit Card,4
12215,1919,2025-11-29,Website,Tabby (BNPL),1
12216,1347,2025-10-30,Online App,Cash on Delivery,2
12217,1478,2025-11-16,In-Store,Apple Pay,2
12218,2056,2025-03-06,Website,Cash on Delivery,1
12219,300,2025-11-08,Online App,Cash on Delivery,1
12220,1004,2025-11-26,Online App,Credit Card,2
12221,221,2025-11-27,Website,Credit Card,1
12222,214,2025-10-12,Online App,Credit Card,1
12223,599,2025-12-24,Online App,Apple Pay,7
12224,1460,2025-10-07,Website,Tabby (BNPL),1
12225,2367,2025-11-20,Website,Credit Card,2
12226,1461,2025-06-23,Online App,Apple Pay,3
12227,1027,2025-04-22,Online App,Cash on Delivery,3
12228,241,2025-12-13,Website,Tabby (BNPL),3
12229,1659,2025-08-02,Website,Credit Card,1
12230,823,2025-05-13,Online App,Apple Pay,1
12231,1850,2025-12-31,Online App,Apple Pay,2
12232,2932,2025-02-20,Online App,Cash on Delivery,3
12233,326,2025-11-11,Online App,Tabby (BNPL),1
12234,653,2025-11-01,Online App,Apple Pay,3
12235,1431,2025-09-26,Online App,Credit Card,2
12236,2912,2025-11-27,Online App,Apple Pay,1
12237,2331,2025-02-09,Website,Credit Card,2
12238,2696,2025-10-18,Online App,Cash on Delivery,2
12239,1021,2025-10-24,Online App,Credit Card,1
12240,2977,2025-02-03,Website,Tabby (BNPL),1
12241,306,2025-09-06,Website,Apple Pay,5
12242,154,2025-03-31,Website,Apple Pay,5
12243,2572,2025-09-17,Website,Tabby (BNPL),2
12244,2779,2025-04-05,Online App,Credit Card,5
12245,261,2025-06-29,Online App,Tabby (BNPL),2
12246,329,2024-09-01,Website,Credit Card,3
12247,107,2025-04-11,Website,Cash on Delivery,3
12248,308,2025-09-18,Website,Tabby (BNPL),5
12249,644,2025-10-05,Website,Cash on Delivery,4
12250,2916,2025-05-12,Website,Credit Card,1
12251,2013,2025-09-03,Online App,Tabby (BNPL),1
12252,2350,2025-05-04,Online App,Apple Pay,3
12253,2344,2025-05-29,Website,Credit Card,6
12254,1611,2025-10-04,Website,Apple Pay,1
12255,2406,2025-11-09,Online App,Tabby (BNPL),2
12256,1794,2025-10-14,Online App,Apple Pay,1
12257,958,2024-09-18,Online App,Credit Card,1
12258,1688,2025-02-08,Online App,Cash on Delivery,5
12259,1604,2024-12-17,Online App,Cash on Delivery,6
12260,2483,2025-11-20,Online App,Tabby (BNPL),1
12261,2949,2025-12-26,Online App,Cash on Delivery,3
12262,1246,2025-10-30,Website,Tabby (BNPL),1
12263,2297,2025-08-17,Website,Apple Pay,1
12264,293,2025-04-04,Website,Cash on Delivery,2
12265,2346,2025-09-22,Online App,Cash on Delivery,1
12266,1137,2025-08-15,Online App,Cash on Delivery,2
12267,119,2025-11-29,Online App,Apple Pay,1
12268,1112,2025-11-07,Online App,Credit Card,1
12269,1840,2025-12-19,In-Store,Apple Pay,3
12270,348,2024-11-12,In-Store,Credit Card,3
12271,2769,2025-02-27,Website,Credit Card,4
12272,228,2025-06-03,Website,Cash on Delivery,3
12273,2790,2025-08-27,Online App,Apple Pay,2
12274,2124,2024-05-15,Website,Credit Card,4
12275,1009,2025-07-14,In-Store,Apple Pay,4
12276,1197,2025-12-09,Online App,Apple Pay,2
12277,2228,2025-10-10,Website,Credit Card,1
12278,1811,2025-03-14,Website,Apple Pay,2
12279,2026,2025-06-15,Website,Cash on Delivery,2
12280,1192,2025-01-31,Online App,Tabby (BNPL),1
12281,1469,2025-02-06,Online App,Apple Pay,1
12282,2971,2025-12-25,In-Store,Credit Card,1
12283,658,2025-12-21,Online App,Credit Card,1
12284,1265,2025-04-17,Website,Credit Card,3
12285,890,2025-09-12,Online App,Apple Pay,1
12286,2302,2024-07-27,In-Store,Apple Pay,1
12287,2298,2025-11-09,Website,Tabby (BNPL),2
12288,891,2025-03-17,In-Store,Apple Pay,6
12289,235,2024-06-13,Online App,Cash on Delivery,2
12290,34,2024-11-30,Website,Credit Card,3
12291,1291,2025-10-03,In-Store,Cash on Delivery,5
12292,1245,2025-10-09,Online App,Tabby (BNPL),1
12293,2967,2025-12-02,Online App,Tabby (BNPL),2
12294,1421,2024-08-25,Website,Apple Pay,1
12295,784,2025-09-12,In-Store,Cash on Delivery,1
12296,2680,2024-07-09,Online App,Credit Card,5
12297,1477,2025-11-24,Online App,Apple Pay,5
12298,1804,2025-07-02,Website,Cash on Delivery,1
12299,282,2025-07-15,Website,Credit Card,2
12300,1171,2025-12-31,In-Store,Apple Pay,2
12301,2833,2025-09-19,Online App,Credit Card,1
12302,1771,2025-05-23,In-Store,Tabby (BNPL),2
12303,1059,2025-05-04,In-Store,Tabby (BNPL),1
12304,1886,2025-08-08,Online App,Cash on Delivery,2
12305,2730,2025-12-30,Website,Cash on Delivery,5
12306,830,2025-01-03,Online App,Apple Pay,2
12307,1513,2025-11-26,Website,Cash on Delivery,2
12308,2879,2025-11-20,Online App,Tabby (BNPL),7
12309,525,2025-12-19,Online App,Cash on Delivery,1
12310,2158,2025-02-21,Website,Tabby (BNPL),2
12311,1849,2025-09-16,Website,Cash on Delivery,3
12312,2046,2025-07-12,Online App,Cash on Delivery,1
12313,1077,2025-08-28,Online App,Credit Card,2
12314,956,2025-11-25,Online App,Apple Pay,2
12315,2064,2024-07-06,Online App,Credit Card,3
12316,662,2025-11-25,Online App,Tabby (BNPL),2
12317,1268,2025-10-10,In-Store,Apple Pay,1
12318,573,2024-09-07,Online App,Credit Card,4
12319,25,2025-03-02,Website,Cash on Delivery,6
12320,2916,2025-07-28,Online App,Tabby (BNPL),1
12321,1309,2025-11-12,Online App,Cash on Delivery,3
12322,2912,2025-12-17,In-Store,Cash on Delivery,1
12323,420,2025-09-14,Website,Apple Pay,2
12324,1766,2024-10-01,In-Store,Apple Pay,4
12325,616,2025-10-07,In-Store,Tabby (BNPL),1
12326,2382,2025-09-12,Website,Credit Card,1
12327,2365,2025-12-12,Website,Cash on Delivery,1
12328,328,2025-03-30,In-Store,Cash on Delivery,2
12329,2734,2025-06-24,Website,Cash on Delivery,6
12330,596,2025-11-16,In-Store,Apple Pay,6
12331,1846,2024-05-23,Online App,Tabby (BNPL),1
12332,2959,2025-05-02,Online App,Tabby (BNPL),1
12333,2655,2025-02-23,Online App,Cash on Delivery,1
12334,2871,2025-07-18,Website,Tabby (BNPL),3
12335,1050,2024-05-07,Website,Credit Card,1
12336,312,2025-02-20,Online App,Tabby (BNPL),4
12337,573,2024-05-27,Website,Credit Card,4
12338,1504,2025-11-10,Website,Apple Pay,1
12339,2392,2025-08-03,Online App,Credit Card,2
12340,450,2024-12-23,Online App,Cash on Delivery,1
12341,1990,2025-12-28,Online App,Credit Card,3
12342,989,2025-12-28,Online App,Credit Card,5
12343,1046,2025-12-18,Online App,Tabby (BNPL),1
12344,1996,2025-04-21,Online App,Cash on Delivery,1
12345,1416,2025-09-30,In-Store,Tabby (BNPL),1
12346,2449,2024-12-02,Website,Credit Card,2
12347,469,2025-05-29,Website,Cash on Delivery,6
12348,2381,2025-12-28,Online App,Cash on Delivery,1
12349,186,2025-03-28,Website,Tabby (BNPL),6
12350,594,2025-06-24,Website,Tabby (BNPL),2
12351,1979,2025-12-19,Website,Cash on Delivery,3
12352,2569,2025-05-23,Online App,Cash on Delivery,1
12353,773,2025-06-20,Online App,Cash on Delivery,1
12354,1001,2025-11-21,Website,Tabby (BNPL),1
12355,1615,2025-10-19,In-Store,Apple Pay,2
12356,652,2025-12-02,Online App,Tabby (BNPL),1
12357,2447,2025-10-27,Website,Cash on Delivery,1
12358,2335,2025-06-22,Online App,Apple Pay,5
12359,438,2025-08-30,Online App,Cash on Delivery,3
12360,1407,2024-12-16,Online App,Apple Pay,1
12361,2339,2025-07-16,In-Store,Cash on Delivery,6
12362,1033,2024-11-20,Website,Credit Card,1
12363,1911,2025-12-14,Website,Tabby (BNPL),3
12364,143,2025-11-29,Website,Tabby (BNPL),2
12365,1833,2025-10-12,Online App,Apple Pay,5
12366,461,2025-10-24,In-Store,Cash on Delivery,1
12367,2502,2024-12-11,Online App,Credit Card,7
12368,1092,2025-11-29,In-Store,Tabby (BNPL),1
12369,854,2025-12-09,In-Store,Credit Card,1
12370,2529,2025-08-27,Website,Tabby (BNPL),2
12371,143,2025-12-18,Website,Tabby (BNPL),2
12372,1207,2025-12-12,Website,Credit Card,1
12373,1132,2025-12-06,In-Store,Tabby (BNPL),1
12374,865,2025-12-11,Online App,Apple Pay,1
12375,2733,2025-11-18,Website,Cash on Delivery,1
12376,2258,2024-12-06,In-Store,Tabby (BNPL),3
12377,185,2025-12-24,Website,Cash on Delivery,2
12378,2147,2025-04-20,In-Store,Tabby (BNPL),2
12379,1587,2024-11-17,Online App,Credit Card,5
12380,2706,2025-12-22,In-Store,Cash on Delivery,1
12381,953,2025-04-13,Website,Apple Pay,1
12382,1728,2024-11-30,In-Store,Credit Card,7
12383,1504,2025-12-03,In-Store,Credit Card,1
12384,1473,2025-11-01,Website,Cash on Delivery,2
12385,1385,2025-01-27,Website,Tabby (BNPL),1
12386,634,2025-08-26,In-Store,Tabby (BNPL),2
12387,2271,2025-11-29,Website,Tabby (BNPL),1
12388,1370,2025-02-19,Website,Cash on Delivery,7
12389,2879,2025-12-09,Online App,Credit Card,7
12390,796,2025-01-28,Online App,Apple Pay,2
12391,2058,2025-11-08,Website,Apple Pay,2
12392,2821,2024-09-12,Website,Apple Pay,1
12393,2001,2024-10-03,In-Store,Apple Pay,2
12394,2619,2024-12-15,Website,Tabby (BNPL),1
12395,2493,2025-05-28,Online App,Tabby (BNPL),3
12396,1102,2025-08-27,Website,Apple Pay,3
12397,1807,2025-11-18,In-Store,Apple Pay,4
12398,471,2025-06-26,Online App,Tabby (BNPL),1
12399,1611,2025-09-19,Website,Credit Card,1
12400,711,2025-09-21,Online App,Cash on Delivery,1
12401,2240,2025-12-23,Website,Credit Card,2
12402,1588,2025-03-01,Website,Cash on Delivery,1
12403,1246,2025-01-03,In-Store,Tabby (BNPL),1
12404,817,2025-12-15,Website,Cash on Delivery,1
12405,2998,2025-09-05,In-Store,Cash on Delivery,1
12406,211,2025-10-06,Website,Cash on Delivery,2
12407,126,2025-11-19,Website,Apple Pay,2
12408,668,2025-09-09,Website,Credit Card,1
12409,2918,2024-08-12,Online App,Apple Pay,3
12410,2939,2025-12-10,Website,Apple Pay,1
12411,1974,2024-08-11,Website,Tabby (BNPL),2
12412,2648,2024-08-16,Website,Credit Card,1
12413,658,2025-11-30,In-Store,Credit Card,1
12414,2919,2025-07-19,Website,Tabby (BNPL),2
12415,429,2025-12-19,Online App,Tabby (BNPL),1
12416,299,2025-09-17,In-Store,Cash on Delivery,6
12417,328,2024-08-27,Website,Tabby (BNPL),2
12418,1723,2025-11-15,Online App,Tabby (BNPL),2
12419,2358,2024-08-31,Online App,Tabby (BNPL),1
12420,1119,2024-10-19,Online App,Cash on Delivery,2
12421,2935,2025-10-29,In-Store,Tabby (BNPL),2
12422,1315,2025-09-09,Online App,Credit Card,2
12423,451,2025-08-07,Online App,Apple Pay,3
12424,1415,2025-11-22,In-Store,Cash on Delivery,2
12425,2044,2025-12-25,In-Store,Credit Card,3
12426,2508,2024-07-26,Online App,Tabby (BNPL),5
12427,1394,2025-07-21,Website,Apple Pay,1
12428,1786,2025-12-19,Website,Tabby (BNPL),2
12429,813,2025-10-03,Website,Credit Card,2
12430,1947,2024-10-24,Website,Apple Pay,2
12431,2960,2024-02-26,Website,Credit Card,1
12432,141,2024-07-19,Website,Tabby (BNPL),4
12433,2667,2025-08-18,Website,Credit Card,2
12434,1693,2025-11-23,Online App,Credit Card,2
12435,770,2025-05-17,Website,Tabby (BNPL),2
12436,2864,2025-12-25,Website,Credit Card,2
12437,1457,2025-11-29,Website,Apple Pay,1
12438,1014,2024-05-26,Website,Cash on Delivery,1
12439,552,2025-05-28,Online App,Tabby (BNPL),3
12440,752,2025-06-16,Online App,Apple Pay,1
12441,2510,2025-12-17,Online App,Cash on Delivery,1
12442,1849,2025-07-29,In-Store,Credit Card,3
12443,2739,2025-12-14,Online App,Apple Pay,2
12444,715,2025-08-02,In-Store,Tabby (BNPL),2
12445,351,2025-09-05,Online App,Credit Card,2
12446,20,2025-07-10,Online App,Credit Card,2
12447,1521,2025-10-31,Online App,Credit Card,1
12448,2997,2025-04-14,Online App,Apple Pay,5
12449,2095,2025-09-07,Online App,Credit Card,5
12450,938,2025-06-20,Online App,Apple Pay,2
12451,2643,2024-07-18,Online App,Credit Card,1
12452,2360,2025-01-08,Website,Apple Pay,2
12453,48,2025-10-10,Website,Tabby (BNPL),1
12454,2465,2024-05-17,In-Store,Tabby (BNPL),6
12455,915,2025-05-05,Online App,Credit Card,5
12456,449,2025-08-02,Online App,Apple Pay,1
12457,696,2025-06-11,Online App,Credit Card,1
12458,1417,2024-12-11,Online App,Cash on Delivery,1
12459,1283,2025-11-01,Online App,Tabby (BNPL),2
12460,880,2025-05-30,In-Store,Apple Pay,4
12461,525,2025-12-30,Online App,Tabby (BNPL),1
12462,2294,2025-05-04,Online App,Tabby (BNPL),1
12463,2973,2025-02-09,Website,Credit Card,3
12464,2347,2025-12-31,In-Store,Apple Pay,2
12465,900,2025-10-16,Online App,Apple Pay,3
12466,752,2025-08-18,Website,Credit Card,1
12467,669,2024-02-20,Online App,Apple Pay,2
12468,408,2025-09-12,Website,Apple Pay,1
12469,1661,2025-12-30,Website,Cash on Delivery,1
12470,1824,2025-05-24,Website,Cash on Delivery,1
12471,2121,2025-12-15,Website,Cash on Delivery,1
12472,2049,2025-12-12,Online App,Apple Pay,1
12473,891,2024-11-14,Online App,Apple Pay,6
12474,1012,2025-10-30,Online App,Credit Card,3
12475,2053,2025-09-15,Website,Cash on Delivery,2
12476,1073,2025-12-31,Online App,Credit Card,2
12477,654,2025-02-18,Website,Tabby (BNPL),1
12478,1149,2025-12-24,Online App,Cash on Delivery,5
12479,825,2024-10-04,Online App,Apple Pay,1
12480,256,2025-04-12,Website,Tabby (BNPL),3
12481,2500,2025-11-18,Online App,Cash on Delivery,1
12482,2565,2024-08-28,Website,Cash on Delivery,1
12483,677,2025-01-15,Online App,Cash on Delivery,4
12484,187,2025-01-13,Website,Apple Pay,2
12485,2223,2025-01-12,Website,Cash on Delivery,2
12486,652,2024-04-02,Website,Credit Card,1
12487,1201,2025-12-09,Website,Credit Card,1
12488,186,2025-05-24,Online App,Tabby (BNPL),6
12489,696,2025-07-20,In-Store,Apple Pay,1
12490,2390,2025-10-16,In-Store,Apple Pay,2
12491,2425,2025-12-02,Online App,Cash on Delivery,2
12492,638,2025-11-14,In-Store,Credit Card,1
12493,1030,2025-05-07,Website,Cash on Delivery,6
12494,398,2025-03-01,Online App,Cash on Delivery,6
12495,218,2025-12-07,Online App,Apple Pay,1
12496,2978,2025-02-14,Website,Cash on Delivery,4
12497,1976,2025-04-17,In-Store,Cash on Delivery,2
12498,1637,2025-02-25,Online App,Tabby (BNPL),4
12499,2305,2025-11-19,Website,Tabby (BNPL),1
12500,2527,2025-12-05,Online App,Tabby (BNPL),1
12501,2434,2025-09-24,Online App,Cash on Delivery,5
12502,53,2025-12-23,In-Store,Cash on Delivery,1
12503,569,2024-09-30,Online App,Apple Pay,1
12504,1974,2025-11-24,Website,Apple Pay,2
12505,1152,2025-08-20,Online App,Tabby (BNPL),3
12506,2950,2025-01-23,In-Store,Tabby (BNPL),1
12507,2009,2025-09-19,In-Store,Cash on Delivery,1
12508,2871,2025-08-29,Online App,Cash on Delivery,3
12509,616,2025-08-02,Website,Credit Card,1
12510,2597,2025-09-07,Online App,Tabby (BNPL),2
12511,984,2025-09-02,Online App,Credit Card,1
12512,2970,2024-07-21,Online App,Credit Card,1
12513,474,2025-08-16,In-Store,Credit Card,1
12514,1545,2025-05-03,In-Store,Cash on Delivery,1
12515,2390,2025-11-07,Website,Apple Pay,2
12516,1310,2025-12-20,Online App,Cash on Delivery,7
12517,1417,2024-08-24,In-Store,Credit Card,1
12518,2960,2024-02-28,Website,Cash on Delivery,1
12519,1285,2025-11-05,In-Store,Tabby (BNPL),1
12520,1818,2024-05-23,Online App,Tabby (BNPL),2
12521,158,2024-07-20,In-Store,Credit Card,2
12522,2531,2025-02-27,Online App,Apple Pay,3
12523,1956,2024-02-03,Website,Cash on Delivery,4
12524,1226,2025-10-30,Website,Tabby (BNPL),1
12525,52,2025-11-27,Website,Apple Pay,2
12526,1779,2025-09-30,Website,Cash on Delivery,1
12527,36,2025-02-28,Online App,Tabby (BNPL),5
12528,5,2024-10-29,Online App,Cash on Delivery,1
12529,1854,2025-12-05,Online App,Tabby (BNPL),1
12530,575,2024-08-14,Website,Tabby (BNPL),3
12531,586,2025-04-24,Online App,Tabby (BNPL),2
12532,1970,2024-07-31,Website,Apple Pay,1
12533,156,2025-03-11,Website,Cash on Delivery,5
12534,955,2025-11-24,Website,Apple Pay,4
12535,448,2024-05-31,Website,Tabby (BNPL),2
12536,1742,2025-04-17,Online App,Cash on Delivery,1
12537,1996,2025-03-09,Online App,Credit Card,1
12538,2164,2025-12-05,Website,Cash on Delivery,1
12539,781,2025-06-05,Online App,Credit Card,1
12540,257,2025-08-06,Website,Apple Pay,1
12541,229,2025-07-12,Website,Apple Pay,6
12542,1289,2025-03-03,Website,Tabby (BNPL),2
12543,2837,2025-07-21,In-Store,Apple Pay,1
12544,670,2025-03-08,In-Store,Credit Card,1
12545,785,2025-05-13,In-Store,Credit Card,2
12546,298,2025-12-10,Website,Credit Card,1
12547,1824,2024-09-20,Online App,Credit Card,1
12548,2047,2025-06-25,Website,Credit Card,1
12549,1936,2025-12-14,Online App,Credit Card,1
12550,2588,2025-10-10,Online App,Cash on Delivery,2
12551,1465,2025-10-04,Online App,Cash on Delivery,2
12552,399,2025-10-18,Online App,Cash on Delivery,1
12553,880,2025-03-15,Website,Apple Pay,4
12554,1998,2025-12-13,Online App,Apple Pay,5
12555,1846,2025-02-21,Website,Cash on Delivery,1
12556,1596,2025-08-28,Online App,Cash on Delivery,5
12557,2059,2025-08-25,Website,Cash on Delivery,3
12558,1924,2025-03-03,Online App,Tabby (BNPL),1
12559,2650,2024-02-20,Online App,Cash on Delivery,6
12560,1761,2025-12-15,Website,Apple Pay,2
12561,2350,2025-05-30,Online App,Cash on Delivery,3
12562,765,2024-07-03,Website,Apple Pay,3
12563,2042,2025-05-11,Online App,Credit Card,2
12564,2710,2025-12-02,Online App,Credit Card,1
12565,1182,2024-06-21,Online App,Tabby (BNPL),2
12566,2352,2025-12-12,Online App,Credit Card,1
12567,2178,2025-11-17,In-Store,Cash on Delivery,1
12568,170,2024-12-30,Website,Apple Pay,2
12569,1748,2025-06-26,In-Store,Credit Card,3
12570,384,2024-12-12,In-Store,Credit Card,1
12571,2909,2025-09-25,In-Store,Credit Card,6
12572,2447,2025-11-10,Online App,Tabby (BNPL),1
12573,324,2025-02-17,Online App,Apple Pay,1
12574,352,2025-07-27,Online App,Apple Pay,5
12575,1791,2025-09-15,Online App,Credit Card,1
12576,1061,2025-07-17,In-Store,Apple Pay,6
12577,110,2025-03-22,In-Store,Apple Pay,1
12578,1636,2024-11-18,Website,Cash on Delivery,1
12579,1188,2025-09-28,In-Store,Tabby (BNPL),6
12580,299,2024-11-22,In-Store,Tabby (BNPL),6
12581,2420,2025-10-02,Online App,Credit Card,1
12582,2743,2025-08-22,Online App,Cash on Delivery,1
12583,2274,2025-11-08,Online App,Apple Pay,2
12584,2478,2024-05-15,Website,Tabby (BNPL),5
12585,666,2025-12-12,Online App,Cash on Delivery,1
12586,803,2025-12-07,In-Store,Apple Pay,4
12587,640,2025-10-31,Online App,Credit Card,2
12588,2302,2025-07-09,Online App,Apple Pay,1
12589,2843,2025-07-06,Online App,Cash on Delivery,1
12590,2152,2025-04-07,In-Store,Tabby (BNPL),1
12591,2650,2025-12-05,Online App,Apple Pay,6
12592,1927,2024-10-13,Website,Credit Card,2
12593,1188,2025-08-29,Website,Tabby (BNPL),6
12594,1287,2025-09-28,Online App,Cash on Delivery,3
12595,221,2025-10-13,Website,Cash on Delivery,1
12596,104,2025-10-03,Online App,Apple Pay,1
12597,2096,2024-11-26,Online App,Apple Pay,1
12598,1331,2024-12-23,Website,Apple Pay,3
12599,1662,2025-09-07,Website,Apple Pay,1
12600,1679,2025-11-24,Website,Tabby (BNPL),2
12601,843,2025-08-25,Online App,Credit Card,4
12602,1442,2025-12-20,In-Store,Apple Pay,2
12603,1424,2025-08-25,In-Store,Cash on Delivery,2
12604,1191,2024-10-25,Website,Cash on Delivery,1
12605,2474,2025-05-19,Online App,Apple Pay,2
12606,1370,2024-12-15,Online App,Credit Card,7
12607,1817,2025-12-08,Website,Apple Pay,1
12608,2690,2024-07-18,Website,Tabby (BNPL),2
12609,2605,2024-11-07,Online App,Tabby (BNPL),2
12610,2678,2025-07-26,Online App,Cash on Delivery,2
12611,821,2024-12-18,Website,Credit Card,3
12612,111,2025-04-22,Website,Apple Pay,1
12613,797,2025-06-13,Website,Apple Pay,2
12614,846,2025-10-10,Website,Apple Pay,2
12615,2727,2025-05-05,In-Store,Apple Pay,1
12616,1959,2025-08-06,Online App,Cash on Delivery,3
12617,237,2025-01-05,Website,Tabby (BNPL),1
12618,404,2025-06-10,Website,Apple Pay,1
12619,468,2025-05-11,Website,Tabby (BNPL),1
12620,1900,2025-08-05,Online App,Credit Card,2
12621,2212,2025-06-28,Website,Credit Card,3
12622,2583,2025-01-17,In-Store,Apple Pay,1
12623,2821,2024-08-26,In-Store,Credit Card,1
12624,616,2025-08-15,Website,Credit Card,1
12625,943,2024-11-28,Online App,Cash on Delivery,3
12626,741,2025-10-31,Website,Credit Card,2
12627,1099,2024-05-11,Online App,Tabby (BNPL),1
12628,2742,2025-03-07,Online App,Apple Pay,2
12629,1729,2025-09-05,Online App,Apple Pay,3
12630,2222,2025-02-13,Online App,Credit Card,2
12631,1475,2025-10-30,In-Store,Cash on Delivery,2
12632,95,2025-02-11,In-Store,Cash on Delivery,3
12633,186,2025-11-07,Online App,Credit Card,6
12634,1619,2024-11-27,Online App,Cash on Delivery,7
12635,2155,2025-11-01,In-Store,Apple Pay,5
12636,662,2025-11-26,Online App,Cash on Delivery,2
12637,2167,2025-11-24,Online App,Cash on Delivery,1
12638,2445,2025-12-21,Website,Credit Card,4
12639,1248,2025-10-27,Website,Cash on Delivery,1
12640,2247,2025-12-04,Website,Cash on Delivery,3
12641,1226,2025-01-31,Online App,Tabby (BNPL),1
12642,2042,2025-03-28,Online App,Tabby (BNPL),2
12643,2298,2025-08-29,In-Store,Tabby (BNPL),2
12644,2977,2025-02-06,Online App,Cash on Delivery,1
12645,1063,2025-03-05,Online App,Apple Pay,4
12646,1246,2025-01-14,In-Store,Cash on Delivery,1
12647,506,2025-11-14,Online App,Credit Card,2
12648,626,2025-11-14,In-Store,Tabby (BNPL),1
12649,2091,2025-12-25,Online App,Cash on Delivery,2
12650,2751,2025-09-11,In-Store,Apple Pay,4
12651,1205,2025-10-22,Website,Credit Card,4
12652,547,2025-12-06,Online App,Apple Pay,6
12653,865,2025-12-01,In-Store,Tabby (BNPL),1
12654,1379,2025-12-29,Online App,Tabby (BNPL),7
12655,884,2025-10-08,Website,Credit Card,4
12656,721,2024-07-06,Website,Tabby (BNPL),1
12657,2214,2025-11-06,Website,Cash on Delivery,5
12658,23,2025-07-15,Website,Credit Card,1
12659,1625,2025-12-18,Website,Cash on Delivery,1
12660,2395,2025-11-01,Online App,Tabby (BNPL),3
12661,811,2025-12-13,Online App,Apple Pay,6
12662,1816,2025-06-16,Online App,Tabby (BNPL),2
12663,2016,2024-10-22,In-Store,Tabby (BNPL),2
12664,1975,2025-09-04,Online App,Tabby (BNPL),2
12665,1354,2025-12-21,Website,Credit Card,3
12666,1066,2025-09-22,Website,Tabby (BNPL),1
12667,2514,2025-12-02,Online App,Cash on Delivery,5
12668,2280,2024-10-26,Website,Tabby (BNPL),1
12669,984,2025-08-26,Website,Cash on Delivery,1
12670,306,2025-05-07,Website,Apple Pay,5
12671,211,2025-07-03,Online App,Cash on Delivery,2
12672,275,2024-10-01,Online App,Credit Card,1
12673,1751,2024-04-30,Online App,Credit Card,1
12674,148,2025-09-28,Website,Cash on Delivery,1
12675,1031,2025-12-18,Website,Tabby (BNPL),1
12676,2264,2025-11-01,In-Store,Apple Pay,1
12677,894,2025-11-27,Website,Apple Pay,2
12678,2297,2025-07-21,In-Store,Apple Pay,1
12679,2245,2025-04-17,Website,Apple Pay,6
12680,756,2025-11-16,Online App,Tabby (BNPL),1
12681,2189,2025-12-15,In-Store,Cash on Delivery,2
12682,2251,2025-11-03,Website,Credit Card,1
12683,1210,2025-11-27,Website,Credit Card,5
12684,649,2025-09-15,In-Store,Cash on Delivery,2
12685,1566,2025-12-26,Online App,Cash on Delivery,6
12686,2761,2025-08-13,Online App,Tabby (BNPL),4
12687,1930,2025-10-23,Online App,Tabby (BNPL),6
12688,526,2025-06-09,Online App,Tabby (BNPL),1
12689,2058,2025-07-23,Online App,Tabby (BNPL),2
12690,1291,2025-10-12,Website,Apple Pay,5
12691,1779,2025-11-03,In-Store,Apple Pay,1
12692,2207,2025-12-05,Online App,Credit Card,5
12693,1538,2025-03-24,Online App,Credit Card,1
12694,2456,2025-12-28,Website,Tabby (BNPL),2
12695,2167,2025-02-25,Online App,Credit Card,1
12696,1850,2025-12-30,Online App,Tabby (BNPL),2
12697,452,2025-10-28,Website,Cash on Delivery,2
12698,2514,2025-11-21,Website,Credit Card,5
12699,2804,2025-02-08,Website,Cash on Delivery,4
12700,410,2024-11-15,Online App,Cash on Delivery,1
12701,1470,2024-10-28,In-Store,Tabby (BNPL),4
12702,791,2025-03-03,In-Store,Apple Pay,1
12703,2269,2025-09-13,Online App,Apple Pay,1
12704,2166,2024-11-17,In-Store,Credit Card,3
12705,422,2025-10-09,In-Store,Cash on Delivery,2
12706,2643,2024-12-15,Website,Tabby (BNPL),1
12707,552,2025-04-30,Online App,Apple Pay,3
12708,2405,2024-04-24,In-Store,Cash on Delivery,1
12709,1388,2025-12-23,Online App,Cash on Delivery,1
12710,1004,2025-12-01,In-Store,Apple Pay,2
12711,476,2025-09-02,Website,Tabby (BNPL),3
12712,515,2025-11-23,Online App,Cash on Delivery,5
12713,1996,2024-11-21,Online App,Cash on Delivery,1
12714,1659,2025-02-04,Website,Credit Card,1
12715,353,2025-04-02,Online App,Cash on Delivery,3
12716,328,2025-05-17,Online App,Tabby (BNPL),2
12717,212,2025-09-08,Online App,Credit Card,2
12718,2240,2025-08-22,Website,Apple Pay,2
12719,2139,2025-07-22,Website,Credit Card,3
12720,168,2025-12-26,Online App,Cash on Delivery,4
12721,1685,2025-08-30,Website,Cash on Delivery,2
12722,246,2025-12-15,Online App,Tabby (BNPL),7
12723,2713,2024-07-11,Website,Tabby (BNPL),1
12724,2720,2025-01-27,Online App,Apple Pay,5
12725,2104,2024-10-16,Online App,Cash on Delivery,2
12726,2774,2025-12-30,Online App,Apple Pay,7
12727,2447,2025-04-24,Website,Credit Card,1
12728,2495,2024-12-07,Website,Apple Pay,1
12729,1714,2025-12-19,Online App,Apple Pay,6
12730,931,2025-09-08,Website,Credit Card,6
12731,670,2025-01-04,Online App,Credit Card,1
12732,1001,2025-02-09,Online App,Cash on Delivery,1
12733,1894,2025-11-29,In-Store,Credit Card,1
12734,525,2025-12-22,Website,Cash on Delivery,1
12735,789,2025-06-19,Online App,Tabby (BNPL),2
12736,1417,2024-05-25,Online App,Tabby (BNPL),1
12737,718,2024-05-31,Online App,Credit Card,1
12738,1770,2025-01-21,Online App,Credit Card,1
12739,2766,2024-12-11,Website,Credit Card,1
12740,2251,2025-09-22,In-Store,Cash on Delivery,1
12741,2010,2025-07-05,Online App,Tabby (BNPL),1
12742,1751,2025-05-16,Online App,Cash on Delivery,1
12743,1469,2024-01-18,Website,Apple Pay,1
12744,569,2025-12-03,Online App,Cash on Delivery,1
12745,2689,2025-03-18,Website,Cash on Delivery,5
12746,764,2024-11-09,In-Store,Cash on Delivery,2
12747,264,2025-12-07,In-Store,Tabby (BNPL),1
12748,2253,2025-12-28,Online App,Credit Card,2
12749,533,2025-12-28,In-Store,Credit Card,1
12750,1139,2025-07-17,Online App,Credit Card,1
12751,95,2025-04-11,In-Store,Cash on Delivery,3
12752,410,2025-03-29,Website,Apple Pay,1
12753,526,2025-02-06,In-Store,Tabby (BNPL),1
12754,158,2025-06-16,In-Store,Credit Card,2
12755,1981,2024-08-22,Online App,Credit Card,2
12756,2516,2025-08-31,Online App,Cash on Delivery,2
12757,1145,2025-08-25,In-Store,Tabby (BNPL),3
12758,2632,2025-12-25,Online App,Apple Pay,3
12759,656,2025-04-13,Online App,Tabby (BNPL),3
12760,997,2025-05-13,Website,Tabby (BNPL),1
12761,452,2024-07-26,Website,Credit Card,2
12762,1872,2025-12-02,In-Store,Tabby (BNPL),2
12763,1268,2025-06-25,Online App,Credit Card,1
12764,1847,2024-02-19,Website,Tabby (BNPL),2
12765,2293,2025-11-10,Online App,Apple Pay,4
12766,1648,2025-08-07,Online App,Apple Pay,2
12767,1892,2025-12-17,Website,Credit Card,3
12768,2802,2025-11-02,Online App,Credit Card,2
12769,910,2025-10-13,Website,Tabby (BNPL),1
12770,1101,2024-12-18,Website,Cash on Delivery,1
12771,2153,2025-12-25,Online App,Tabby (BNPL),1
12772,1842,2025-08-31,Online App,Credit Card,1
12773,544,2025-10-11,Website,Credit Card,2
12774,1153,2024-09-26,Online App,Tabby (BNPL),2
12775,1417,2025-05-26,Website,Cash on Delivery,1
12776,1267,2024-06-21,Online App,Credit Card,1
12777,543,2025-08-21,Website,Credit Card,2
12778,2770,2025-09-19,Website,Tabby (BNPL),1
12779,2294,2025-09-05,Website,Credit Card,1
12780,1454,2025-01-13,Online App,Cash on Delivery,1
12781,2048,2025-12-01,Website,Credit Card,7
12782,2694,2025-11-22,Online App,Credit Card,2
12783,407,2025-12-28,Website,Cash on Delivery,1
12784,768,2025-07-30,Website,Credit Card,2
12785,1639,2025-12-19,Online App,Tabby (BNPL),1
12786,2410,2024-08-24,Online App,Tabby (BNPL),3
12787,114,2025-12-07,Online App,Cash on Delivery,6
12788,2954,2025-10-20,Online App,Cash on Delivery,2
12789,1379,2025-12-03,Website,Tabby (BNPL),7
12790,1101,2025-07-07,Online App,Credit Card,1
12791,891,2025-08-28,Online App,Cash on Delivery,6
12792,529,2025-12-09,Website,Tabby (BNPL),3
12793,2386,2024-05-01,Online App,Cash on Delivery,1
12794,2867,2025-12-09,Website,Apple Pay,1
12795,1250,2024-11-11,Website,Cash on Delivery,3
12796,2854,2025-02-20,Website,Credit Card,2
12797,2483,2025-10-01,Website,Credit Card,1
12798,1452,2024-08-12,Website,Tabby (BNPL),1
12799,2032,2025-02-08,In-Store,Apple Pay,3
12800,1318,2025-10-27,Website,Credit Card,3
12801,1681,2025-10-18,In-Store,Tabby (BNPL),1
12802,166,2025-12-20,Online App,Credit Card,2
12803,2099,2025-06-25,Online App,Credit Card,1
12804,153,2024-10-11,Website,Tabby (BNPL),2
12805,2466,2025-11-16,Online App,Credit Card,6
12806,2487,2025-11-21,In-Store,Credit Card,4
12807,732,2025-12-09,Online App,Tabby (BNPL),1
12808,990,2025-12-12,Online App,Credit Card,2
12809,1453,2025-09-19,Online App,Credit Card,2
12810,1798,2025-07-31,Online App,Cash on Delivery,1
12811,876,2025-12-11,Online App,Credit Card,1
12812,1782,2025-05-25,In-Store,Tabby (BNPL),5
12813,906,2024-05-05,Online App,Credit Card,2
12814,159,2025-03-10,In-Store,Cash on Delivery,3
12815,10,2025-12-05,Online App,Tabby (BNPL),1
12816,299,2025-02-28,Online App,Tabby (BNPL),6
12817,2388,2025-08-27,In-Store,Credit Card,1
12818,2891,2025-10-16,Online App,Cash on Delivery,1
12819,1291,2025-09-02,Online App,Cash on Delivery,5
12820,1533,2025-09-07,Website,Apple Pay,1
12821,442,2025-11-28,In-Store,Credit Card,1
12822,1659,2025-09-07,Website,Credit Card,1
12823,435,2024-12-23,Online App,Apple Pay,5
12824,1842,2025-12-30,Website,Cash on Delivery,1
12825,2799,2025-12-31,Online App,Tabby (BNPL),1
12826,599,2025-12-25,In-Store,Tabby (BNPL),7
12827,2300,2025-07-07,Online App,Apple Pay,2
12828,78,2025-10-15,Online App,Tabby (BNPL),1
12829,1151,2025-10-11,Online App,Tabby (BNPL),2
12830,326,2025-01-20,Online App,Tabby (BNPL),1
12831,1080,2025-05-27,Online App,Credit Card,3
12832,527,2025-12-06,Website,Cash on Delivery,1
12833,1145,2025-08-06,Website,Cash on Delivery,3
12834,1263,2024-08-15,Online App,Credit Card,1
12835,915,2025-08-02,In-Store,Cash on Delivery,5
12836,1980,2025-12-13,Website,Apple Pay,1
12837,2755,2025-07-31,Online App,Apple Pay,2
12838,1218,2025-12-29,Website,Cash on Delivery,4
12839,589,2024-05-23,Website,Apple Pay,6
12840,822,2025-08-08,In-Store,Cash on Delivery,1
12841,2567,2025-10-13,Online App,Tabby (BNPL),1
12842,1717,2025-10-11,Website,Cash on Delivery,1
12843,1379,2025-09-04,Online App,Tabby (BNPL),7
12844,449,2025-10-05,Online App,Credit Card,1
12845,1364,2025-05-29,Website,Apple Pay,6
12846,845,2025-12-19,Online App,Cash on Delivery,2
12847,2830,2025-12-08,Online App,Cash on Delivery,3
12848,2662,2025-09-29,Online App,Apple Pay,2
12849,244,2025-01-28,Website,Tabby (BNPL),1
12850,1547,2025-10-30,Online App,Credit Card,1
12851,692,2025-09-09,Online App,Credit Card,2
12852,1246,2025-01-06,Online App,Cash on Delivery,1
12853,2643,2025-11-20,Online App,Cash on Delivery,1
12854,1587,2025-09-23,Online App,Apple Pay,5
12855,1022,2024-11-10,Online App,Cash on Delivery,2
12856,638,2025-09-26,Online App,Credit Card,1
12857,2415,2024-04-16,In-Store,Apple Pay,2
12858,1882,2025-03-08,In-Store,Credit Card,2
12859,1417,2024-08-26,Website,Cash on Delivery,1
12860,668,2025-09-30,In-Store,Credit Card,1
12861,1022,2024-11-18,Online App,Cash on Delivery,2
12862,2884,2024-11-15,Website,Tabby (BNPL),1
12863,1560,2025-12-06,Online App,Apple Pay,1
12864,1218,2025-12-31,Website,Cash on Delivery,4
12865,1566,2025-12-27,Online App,Apple Pay,6
12866,2352,2025-12-18,Website,Credit Card,1
12867,1042,2025-02-11,Online App,Apple Pay,2
12868,544,2025-02-09,Online App,Credit Card,2
12869,1758,2025-11-03,Online App,Apple Pay,3
12870,2009,2025-12-30,Online App,Cash on Delivery,1
12871,2140,2025-03-05,In-Store,Cash on Delivery,2
12872,2652,2025-11-18,Website,Cash on Delivery,1
12873,1137,2025-10-24,Website,Tabby (BNPL),2
12874,222,2025-09-09,Online App,Tabby (BNPL),2
12875,2878,2024-05-20,Website,Apple Pay,7
12876,1318,2025-02-06,Website,Credit Card,3
12877,1878,2025-09-02,Website,Cash on Delivery,2
12878,2010,2025-06-09,Online App,Credit Card,1
12879,1650,2025-12-04,Online App,Cash on Delivery,1
12880,632,2025-12-22,Online App,Cash on Delivery,3
12881,2270,2025-12-18,Online App,Cash on Delivery,1
12882,2423,2025-07-09,Website,Credit Card,2
12883,1664,2025-01-28,Online App,Apple Pay,1
12884,1472,2024-04-11,Online App,Tabby (BNPL),2
12885,331,2025-11-27,Website,Tabby (BNPL),6
12886,244,2025-08-07,In-Store,Cash on Delivery,1
12887,1041,2025-12-31,Online App,Tabby (BNPL),5
12888,945,2025-10-03,Online App,Cash on Delivery,2
12889,2860,2025-10-08,Online App,Credit Card,3
12890,2365,2024-05-31,Online App,Credit Card,1
12891,1991,2025-12-02,Online App,Cash on Delivery,1
12892,1551,2025-10-13,Website,Tabby (BNPL),1
12893,514,2025-09-04,Online App,Cash on Delivery,6
12894,2936,2025-11-09,Online App,Apple Pay,1
12895,1149,2025-12-24,Online App,Credit Card,5
12896,318,2025-08-24,Online App,Tabby (BNPL),1
12897,1486,2025-04-20,Website,Credit Card,3
12898,2631,2025-10-10,Online App,Cash on Delivery,1
12899,2670,2025-10-01,Online App,Credit Card,5
12900,31,2025-12-14,In-Store,Credit Card,4
12901,2667,2025-03-24,Online App,Tabby (BNPL),2
12902,823,2025-02-15,In-Store,Cash on Delivery,1
12903,119,2025-11-20,In-Store,Apple Pay,1
12904,2549,2025-06-25,Online App,Tabby (BNPL),1
12905,2596,2025-09-23,Online App,Credit Card,1
12906,1796,2024-05-14,Online App,Cash on Delivery,1
12907,1728,2025-12-19,In-Store,Tabby (BNPL),7
12908,2453,2025-11-01,Website,Tabby (BNPL),3
12909,2372,2025-11-23,Website,Tabby (BNPL),1
12910,2677,2025-11-15,In-Store,Apple Pay,3
12911,1664,2024-06-16,Website,Credit Card,1
12912,2910,2025-08-17,In-Store,Tabby (BNPL),1
12913,2991,2025-12-27,Online App,Credit Card,1
12914,339,2025-12-31,Website,Tabby (BNPL),4
12915,2553,2024-05-14,Online App,Cash on Delivery,1
12916,1502,2025-09-21,Website,Cash on Delivery,3
12917,1188,2025-02-27,Online App,Cash on Delivery,6
12918,1846,2025-08-21,In-Store,Apple Pay,1
12919,160,2025-09-05,Online App,Tabby (BNPL),4
12920,1516,2025-10-15,In-Store,Cash on Delivery,7
12921,2619,2025-10-20,In-Store,Tabby (BNPL),1
12922,656,2024-09-25,In-Store,Cash on Delivery,3
12923,1290,2025-12-04,In-Store,Apple Pay,5
12924,2817,2025-09-08,Website,Credit Card,4
12925,1296,2024-09-04,Online App,Cash on Delivery,3
12926,1097,2025-08-12,Online App,Cash on Delivery,1
12927,1338,2025-01-18,Online App,Tabby (BNPL),1
12928,1557,2024-05-13,Online App,Apple Pay,2
12929,1906,2024-01-27,Online App,Apple Pay,1
12930,2416,2025-04-02,Online App,Apple Pay,1
12931,1372,2025-06-26,Website,Credit Card,7
12932,2466,2025-10-14,In-Store,Credit Card,6
12933,1606,2024-08-30,Online App,Credit Card,1
12934,1036,2025-11-08,In-Store,Tabby (BNPL),1
12935,1984,2025-09-27,Online App,Tabby (BNPL),1
12936,2153,2025-12-28,Online App,Credit Card,1
12937,1681,2025-12-22,Website,Credit Card,1
12938,162,2024-07-20,Online App,Credit Card,2
12939,519,2025-08-30,Website,Cash on Delivery,2
12940,867,2024-12-11,Online App,Credit Card,1
12941,857,2025-08-26,Online App,Cash on Delivery,3
12942,2032,2024-05-12,In-Store,Apple Pay,3
12943,57,2025-12-04,Online App,Apple Pay,1
12944,2271,2024-01-20,Website,Cash on Delivery,1
12945,807,2025-11-08,In-Store,Credit Card,3
12946,943,2024-04-25,Online App,Cash on Delivery,3
12947,1588,2025-04-10,Online App,Apple Pay,1
12948,664,2025-11-06,Online App,Apple Pay,3
12949,2664,2024-05-16,Website,Cash on Delivery,2
12950,250,2025-05-05,Online App,Credit Card,1
12951,1350,2025-10-09,In-Store,Credit Card,1
12952,2552,2025-11-20,Online App,Credit Card,1
12953,1852,2024-12-15,In-Store,Apple Pay,1
12954,891,2025-11-02,Online App,Credit Card,6
12955,1272,2025-01-07,Online App,Credit Card,1
12956,2123,2024-12-28,In-Store,Credit Card,2
12957,2923,2024-12-02,In-Store,Cash on Delivery,5
12958,2688,2025-02-24,Website,Credit Card,5
12959,1049,2025-12-09,Website,Apple Pay,1
12960,2997,2025-02-10,Online App,Tabby (BNPL),5
12961,12,2025-12-31,Online App,Apple Pay,7
12962,92,2025-12-04,In-Store,Credit Card,1
12963,2483,2025-10-28,In-Store,Tabby (BNPL),1
12964,610,2025-07-28,Website,Cash on Delivery,6
12965,175,2025-12-26,Online App,Apple Pay,2
12966,733,2025-11-21,Website,Cash on Delivery,1
12967,1289,2025-06-30,Website,Credit Card,2
12968,2194,2025-08-29,Online App,Credit Card,1
12969,1882,2025-11-24,Online App,Apple Pay,2
12970,734,2025-03-12,Online App,Tabby (BNPL),1
12971,1510,2025-12-02,Online App,Cash on Delivery,2
12972,2774,2025-12-31,In-Store,Cash on Delivery,7
12973,2458,2025-08-25,Website,Cash on Delivery,1
12974,988,2025-12-15,Online App,Cash on Delivery,3
12975,2950,2024-09-07,Online App,Cash on Delivery,1
12976,2128,2025-12-25,Online App,Credit Card,1
12977,179,2025-10-13,Online App,Cash on Delivery,1
12978,111,2025-07-29,Online App,Credit Card,1
12979,515,2025-09-11,Online App,Apple Pay,5
12980,2187,2025-11-03,Online App,Apple Pay,2
12981,564,2025-12-23,Online App,Credit Card,2
12982,1529,2025-04-17,Online App,Tabby (BNPL),4
12983,271,2025-06-12,Online App,Cash on Delivery,2
12984,2760,2025-02-22,Online App,Cash on Delivery,1
12985,1056,2025-06-19,Website,Cash on Delivery,3
12986,2723,2025-08-17,Online App,Tabby (BNPL),1
12987,2835,2025-11-15,Online App,Tabby (BNPL),2
12988,20,2025-11-03,Online App,Cash on Delivery,2
12989,1408,2025-11-28,Website,Apple Pay,3
12990,83,2025-09-17,Online App,Apple Pay,3
12991,2725,2025-10-14,Website,Credit Card,1
12992,1555,2025-05-11,Website,Cash on Delivery,1
12993,221,2025-12-21,Website,Credit Card,1
12994,325,2025-07-05,Online App,Credit Card,3
12995,1174,2025-11-08,In-Store,Apple Pay,2
12996,2820,2025-09-15,In-Store,Apple Pay,1
12997,2090,2025-12-22,Website,Apple Pay,2
12998,2610,2024-06-29,Online App,Credit Card,1
12999,1118,2024-12-11,In-Store,Tabby (BNPL),2
13000,125,2025-12-05,In-Store,Tabby (BNPL),1
13001,2924,2024-09-17,In-Store,Cash on Delivery,1
13002,54,2025-11-01,In-Store,Credit Card,7
13003,2842,2025-07-26,Online App,Cash on Delivery,6
13004,1129,2025-06-05,Website,Credit Card,1
13005,31,2025-12-09,Online App,Tabby (BNPL),4
13006,2076,2025-05-23,Online App,Cash on Delivery,1
13007,2944,2025-12-18,Website,Tabby (BNPL),2
13008,2903,2025-01-05,Online App,Cash on Delivery,1
13009,486,2025-12-21,Online App,Cash on Delivery,1
13010,552,2025-07-21,In-Store,Credit Card,3
13011,1702,2025-06-16,Online App,Apple Pay,1
13012,1923,2025-09-06,Website,Cash on Delivery,1
13013,2223,2025-07-15,Website,Apple Pay,2
13014,552,2025-02-02,Website,Cash on Delivery,3
13015,2880,2024-05-12,Website,Apple Pay,2
13016,1927,2025-01-19,Online App,Apple Pay,2
13017,2546,2025-05-15,Website,Credit Card,2
13018,1630,2024-10-14,Online App,Cash on Delivery,2
13019,1252,2025-12-30,In-Store,Cash on Delivery,1
13020,2932,2025-05-01,Website,Cash on Delivery,3
13021,1749,2025-08-30,Online App,Tabby (BNPL),2
13022,2606,2024-08-19,In-Store,Tabby (BNPL),1
13023,2858,2025-11-07,Website,Apple Pay,1
13024,2037,2025-12-24,Website,Apple Pay,6
13025,1656,2025-09-21,In-Store,Tabby (BNPL),1
13026,12,2025-12-30,Online App,Cash on Delivery,7
13027,120,2025-12-24,Online App,Apple Pay,2
13028,616,2025-12-27,Online App,Tabby (BNPL),1
13029,568,2025-12-27,Website,Tabby (BNPL),1
13030,780,2025-11-12,Online App,Tabby (BNPL),1
13031,927,2025-12-04,Online App,Cash on Delivery,2
13032,1102,2025-05-14,In-Store,Cash on Delivery,3
13033,1270,2025-10-28,Online App,Tabby (BNPL),2
13034,291,2025-06-03,In-Store,Credit Card,1
13035,124,2025-10-14,In-Store,Credit Card,7
13036,2032,2024-10-31,Online App,Apple Pay,3
13037,1616,2025-12-10,Website,Cash on Delivery,1
13038,1350,2025-09-23,Online App,Credit Card,1
13039,1917,2025-09-16,Online App,Cash on Delivery,2
13040,2494,2025-10-28,Website,Apple Pay,1
13041,1292,2025-10-23,Online App,Credit Card,2
13042,1934,2025-10-07,Online App,Credit Card,3
13043,2860,2024-02-14,Online App,Tabby (BNPL),3
13044,2525,2024-08-30,Online App,Tabby (BNPL),1
13045,1289,2025-02-13,Website,Apple Pay,2
13046,1943,2025-04-02,In-Store,Apple Pay,1
13047,538,2025-12-22,Website,Tabby (BNPL),2
13048,1685,2024-08-22,In-Store,Credit Card,2
13049,2948,2025-08-20,Online App,Apple Pay,2
13050,1554,2025-10-26,In-Store,Credit Card,2
13051,2781,2025-10-02,Online App,Apple Pay,1
13052,1236,2025-03-31,Online App,Tabby (BNPL),1
13053,2998,2025-10-09,Online App,Apple Pay,1
13054,1739,2025-04-09,Online App,Apple Pay,1
13055,124,2025-11-12,Online App,Credit Card,7
13056,1765,2025-01-27,Website,Credit Card,1
13057,832,2025-02-23,Online App,Apple Pay,6
13058,105,2025-04-07,Online App,Cash on Delivery,1
13059,2474,2025-08-28,Website,Apple Pay,2
13060,838,2025-11-03,Online App,Cash on Delivery,2
13061,2404,2025-07-05,In-Store,Cash on Delivery,2
13062,878,2025-04-25,Website,Apple Pay,2
13063,595,2025-11-28,Online App,Tabby (BNPL),3
13064,2924,2025-07-04,In-Store,Apple Pay,1
13065,1105,2025-10-25,Website,Tabby (BNPL),1
13066,1811,2024-12-27,Online App,Credit Card,2
13067,1838,2025-12-25,Website,Credit Card,2
13068,1685,2025-12-24,Online App,Credit Card,2
13069,2742,2025-08-01,Online App,Tabby (BNPL),2
13070,2033,2025-12-26,Online App,Tabby (BNPL),2
13071,1225,2025-09-26,In-Store,Cash on Delivery,2
13072,2591,2025-11-05,Online App,Apple Pay,1
13073,552,2025-11-14,Online App,Credit Card,3
13074,1644,2025-01-09,Online App,Cash on Delivery,1
13075,2848,2025-12-07,Online App,Credit Card,2
13076,1885,2025-03-20,Online App,Apple Pay,2
13077,2465,2025-12-17,Website,Apple Pay,6
13078,1970,2024-10-21,In-Store,Credit Card,1
13079,2523,2024-12-12,Website,Cash on Delivery,2
13080,2834,2025-12-22,Website,Cash on Delivery,3
13081,826,2025-10-11,Online App,Apple Pay,1
13082,518,2025-12-02,Website,Apple Pay,4
13083,1458,2024-09-08,Online App,Tabby (BNPL),6
13084,2114,2024-11-30,Online App,Cash on Delivery,2
13085,699,2025-10-02,Online App,Credit Card,2
13086,15,2025-08-08,In-Store,Cash on Delivery,1
13087,1051,2025-10-19,In-Store,Credit Card,2
13088,2912,2025-09-11,Website,Tabby (BNPL),1
13089,2095,2025-11-20,Online App,Credit Card,5
13090,1220,2025-08-01,Online App,Tabby (BNPL),4
13091,589,2024-03-07,Online App,Apple Pay,6
13092,1092,2025-09-12,Online App,Apple Pay,1
13093,519,2025-06-17,Website,Credit Card,2
13094,314,2025-12-08,Online App,Credit Card,6
13095,2719,2025-01-24,Online App,Apple Pay,1
13096,2995,2025-03-07,Website,Cash on Delivery,1
13097,498,2025-04-06,Online App,Credit Card,4
13098,158,2024-07-15,Website,Apple Pay,2
13099,1010,2025-07-22,Online App,Apple Pay,4
13100,1402,2025-01-31,Website,Credit Card,1
13101,630,2025-11-11,Online App,Credit Card,1
13102,916,2025-03-15,Website,Apple Pay,3
13103,616,2025-07-16,In-Store,Apple Pay,1
13104,2338,2025-12-12,Website,Cash on Delivery,1
13105,2140,2025-08-04,In-Store,Tabby (BNPL),2
13106,1919,2025-06-24,In-Store,Tabby (BNPL),1
13107,1187,2025-09-28,Online App,Cash on Delivery,6
13108,2725,2025-05-12,Online App,Tabby (BNPL),1
13109,2913,2025-03-19,In-Store,Credit Card,2
13110,527,2025-07-16,Website,Tabby (BNPL),1
13111,688,2025-08-21,Online App,Credit Card,2
13112,1585,2025-12-21,Website,Cash on Delivery,1
13113,263,2025-11-09,Website,Cash on Delivery,1
13114,1325,2025-03-05,Online App,Cash on Delivery,3
13115,1749,2025-11-20,In-Store,Tabby (BNPL),2
13116,1569,2025-10-02,Website,Cash on Delivery,2
13117,1013,2024-08-31,Online App,Apple Pay,1
13118,1638,2025-08-27,In-Store,Cash on Delivery,1
13119,2879,2025-12-18,Online App,Credit Card,7
13120,634,2025-09-01,Online App,Tabby (BNPL),2
13121,1974,2025-10-24,Online App,Cash on Delivery,2
13122,126,2025-12-24,Online App,Credit Card,2
13123,192,2025-01-26,Website,Tabby (BNPL),1
13124,1661,2025-07-12,Online App,Credit Card,1
13125,310,2025-12-28,Online App,Cash on Delivery,1
13126,75,2025-09-29,Website,Tabby (BNPL),5
13127,523,2025-12-11,Website,Credit Card,1
13128,1699,2025-11-21,Website,Cash on Delivery,2
13129,2115,2025-03-12,Online App,Apple Pay,3
13130,620,2024-04-24,In-Store,Credit Card,2
13131,2014,2025-12-20,In-Store,Apple Pay,5
13132,557,2025-11-26,Online App,Apple Pay,1
13133,1848,2025-05-13,Online App,Tabby (BNPL),2
13134,1248,2025-05-08,Online App,Tabby (BNPL),1
13135,1971,2025-11-27,Website,Tabby (BNPL),3
13136,2988,2025-10-31,In-Store,Cash on Delivery,1
13137,2812,2025-05-22,Online App,Cash on Delivery,3
13138,15,2025-09-20,Online App,Cash on Delivery,1
13139,2665,2025-12-13,In-Store,Tabby (BNPL),6
13140,192,2025-04-07,Website,Tabby (BNPL),1
13141,2857,2025-11-26,Online App,Cash on Delivery,1
13142,854,2025-12-31,Online App,Tabby (BNPL),1
13143,1169,2025-12-04,In-Store,Apple Pay,1
13144,265,2025-03-01,Website,Credit Card,2
13145,328,2024-06-29,In-Store,Apple Pay,2
13146,2183,2025-12-29,Online App,Tabby (BNPL),1
13147,2833,2025-09-24,In-Store,Apple Pay,1
13148,1841,2025-09-14,Online App,Cash on Delivery,1
13149,2149,2024-12-21,In-Store,Cash on Delivery,2
13150,2294,2025-06-07,Online App,Credit Card,1
13151,801,2024-11-03,Website,Cash on Delivery,1
13152,130,2025-10-07,Online App,Tabby (BNPL),5
13153,8,2025-05-31,Online App,Apple Pay,2
13154,1076,2025-09-09,Online App,Tabby (BNPL),1
13155,743,2025-12-03,Website,Apple Pay,1
13156,179,2025-11-05,Website,Apple Pay,1
13157,546,2025-04-03,Online App,Tabby (BNPL),1
13158,360,2025-12-22,Website,Cash on Delivery,2
13159,2742,2025-12-16,Online App,Tabby (BNPL),2
13160,420,2025-04-10,In-Store,Tabby (BNPL),2
13161,1618,2025-03-18,Website,Cash on Delivery,1
13162,1785,2025-12-25,Online App,Apple Pay,1
13163,1640,2025-02-02,Online App,Credit Card,2
13164,291,2024-06-30,Website,Cash on Delivery,1
13165,973,2025-06-24,Online App,Apple Pay,2
13166,146,2025-02-24,Website,Apple Pay,2
13167,1206,2024-11-22,In-Store,Credit Card,2
13168,574,2025-10-28,Online App,Cash on Delivery,1
13169,1691,2025-06-08,In-Store,Credit Card,1
13170,2089,2025-11-14,In-Store,Cash on Delivery,1
13171,1599,2025-12-08,In-Store,Cash on Delivery,1
13172,1315,2025-12-29,Online App,Apple Pay,2
13173,1187,2025-09-06,Online App,Cash on Delivery,6
13174,2530,2025-05-31,Website,Credit Card,3
13175,676,2025-12-03,Online App,Credit Card,1
13176,2207,2025-10-29,Online App,Tabby (BNPL),5
13177,2276,2024-10-20,In-Store,Cash on Delivery,4
13178,1267,2024-07-20,Online App,Cash on Delivery,1
13179,904,2024-10-02,Online App,Credit Card,1
13180,1423,2025-11-10,Online App,Cash on Delivery,1
13181,271,2025-12-25,In-Store,Apple Pay,2
13182,134,2025-10-13,Online App,Cash on Delivery,1
13183,326,2025-04-12,In-Store,Credit Card,1
13184,570,2025-12-23,Website,Cash on Delivery,1
13185,1511,2024-10-30,Online App,Credit Card,5
13186,2552,2025-10-24,Online App,Cash on Delivery,1
13187,728,2024-11-28,In-Store,Credit Card,1
13188,2801,2025-07-31,Online App,Tabby (BNPL),2
13189,2864,2025-10-18,Online App,Cash on Delivery,2
13190,2879,2025-12-29,Online App,Apple Pay,7
13191,2519,2025-02-10,Website,Cash on Delivery,1
13192,1112,2025-11-14,In-Store,Tabby (BNPL),1
13193,213,2025-03-02,Website,Tabby (BNPL),2
13194,1712,2025-12-25,Online App,Credit Card,1
13195,1681,2025-12-23,Online App,Apple Pay,1
13196,2553,2024-03-24,Online App,Cash on Delivery,1
13197,2991,2024-04-26,Online App,Credit Card,1
13198,1521,2025-11-20,Online App,Credit Card,1
13199,1062,2025-12-04,In-Store,Cash on Delivery,1
13200,568,2025-12-27,Online App,Cash on Delivery,1
13201,17,2025-12-28,Website,Tabby (BNPL),1
13202,1524,2025-08-04,Website,Tabby (BNPL),1
13203,1673,2025-12-16,Website,Credit Card,1
13204,2487,2025-08-03,In-Store,Cash on Delivery,4
13205,1513,2025-11-15,Website,Credit Card,2
13206,2749,2025-10-19,Website,Tabby (BNPL),2
13207,1893,2025-01-13,Website,Tabby (BNPL),4
13208,2528,2025-11-29,Online App,Apple Pay,1
13209,445,2025-07-31,In-Store,Apple Pay,1
13210,2571,2025-05-26,Online App,Apple Pay,1
13211,2037,2025-08-25,Website,Cash on Delivery,6
13212,519,2025-07-31,Online App,Credit Card,2
13213,578,2025-11-20,Online App,Tabby (BNPL),3
13214,2775,2025-05-23,Website,Credit Card,1
13215,105,2025-06-21,Online App,Cash on Delivery,1
13216,1405,2025-08-11,Online App,Apple Pay,1
13217,955,2025-06-15,Website,Apple Pay,4
13218,2008,2025-08-18,Website,Credit Card,7
13219,2525,2025-05-30,Online App,Cash on Delivery,1
13220,1103,2025-05-21,Website,Credit Card,2
13221,1291,2025-09-13,Website,Credit Card,5
13222,2950,2024-11-27,Online App,Apple Pay,1
13223,2365,2025-10-02,Website,Cash on Delivery,1
13224,2694,2025-11-14,Online App,Apple Pay,2
13225,1332,2025-03-12,Website,Cash on Delivery,2
13226,722,2025-05-23,In-Store,Credit Card,1
13227,1248,2025-03-03,Online App,Cash on Delivery,1
13228,2149,2025-10-28,Website,Cash on Delivery,2
13229,323,2025-12-13,In-Store,Credit Card,2
13230,822,2025-12-28,Online App,Credit Card,1
13231,135,2025-08-30,Website,Credit Card,4
13232,1309,2025-05-27,In-Store,Credit Card,3
13233,2493,2025-03-19,Online App,Cash on Delivery,3
13234,83,2024-09-17,Online App,Tabby (BNPL),3
13235,2037,2025-12-13,Online App,Apple Pay,6
13236,2796,2025-12-12,In-Store,Credit Card,6
13237,731,2025-02-17,Website,Tabby (BNPL),4
13238,2092,2025-06-11,In-Store,Apple Pay,1
13239,2927,2025-05-01,Online App,Apple Pay,1
13240,2893,2025-12-08,Website,Tabby (BNPL),2
13241,726,2024-06-09,Website,Credit Card,2
13242,295,2025-11-12,Online App,Apple Pay,5
13243,445,2024-04-29,Online App,Cash on Delivery,1
13244,2114,2024-08-28,Website,Credit Card,2
13245,2181,2025-02-18,Website,Tabby (BNPL),1
13246,2033,2025-10-15,Online App,Cash on Delivery,2
13247,1030,2025-11-24,Online App,Apple Pay,6
13248,519,2025-12-23,Online App,Apple Pay,2
13249,1745,2025-05-22,In-Store,Apple Pay,1
13250,1458,2025-01-08,Online App,Credit Card,6
13251,2189,2025-12-22,Website,Tabby (BNPL),2
13252,1342,2024-10-26,Online App,Cash on Delivery,1
13253,1037,2025-06-11,Website,Tabby (BNPL),1
13254,893,2025-11-15,Website,Apple Pay,2
13255,652,2024-04-19,Website,Cash on Delivery,1
13256,809,2025-06-22,In-Store,Tabby (BNPL),1
13257,278,2025-08-28,Website,Credit Card,2
13258,1066,2025-05-15,In-Store,Apple Pay,1
13259,115,2025-03-13,Website,Credit Card,1
13260,569,2025-07-16,Website,Credit Card,1
13261,2248,2025-04-17,In-Store,Cash on Delivery,2
13262,997,2025-09-22,Online App,Apple Pay,1
13263,2014,2025-05-10,Website,Tabby (BNPL),5
13264,2153,2025-12-25,Online App,Tabby (BNPL),1
13265,1746,2025-11-15,Online App,Apple Pay,1
13266,2879,2025-09-16,Online App,Credit Card,7
13267,70,2025-07-20,Online App,Tabby (BNPL),2
13268,2223,2024-11-22,Website,Tabby (BNPL),2
13269,2879,2025-10-27,Website,Credit Card,7
13270,2591,2025-08-23,Online App,Cash on Delivery,1
13271,515,2025-09-29,In-Store,Credit Card,5
13272,999,2024-10-23,Website,Apple Pay,3
13273,525,2025-12-27,Online App,Apple Pay,1
13274,1811,2025-04-13,Online App,Apple Pay,2
13275,2139,2025-12-12,Website,Apple Pay,3
13276,967,2025-11-21,In-Store,Credit Card,3
13277,1627,2025-07-30,In-Store,Credit Card,2
13278,2082,2024-12-11,Online App,Credit Card,4
13279,1272,2025-02-16,Online App,Credit Card,1
13280,2567,2025-10-25,Online App,Tabby (BNPL),1
13281,2330,2024-12-14,Online App,Credit Card,4
13282,187,2024-07-21,Online App,Apple Pay,2
13283,1873,2024-12-07,Website,Credit Card,2
13284,727,2024-02-07,In-Store,Apple Pay,1
13285,1679,2025-06-10,Website,Tabby (BNPL),2
13286,2873,2025-10-26,Website,Credit Card,1
13287,2646,2025-12-23,Online App,Cash on Delivery,3
13288,1228,2025-04-08,In-Store,Apple Pay,7
13289,888,2025-12-03,In-Store,Credit Card,1
13290,723,2025-12-02,Website,Apple Pay,1
13291,1601,2025-12-30,Website,Credit Card,1
13292,332,2025-11-10,In-Store,Credit Card,1
13293,1658,2025-06-29,Website,Apple Pay,6
13294,6,2025-10-03,Online App,Apple Pay,1
13295,991,2025-04-15,Website,Cash on Delivery,2
13296,677,2025-12-29,Online App,Apple Pay,4
13297,2918,2025-07-09,Website,Apple Pay,3
13298,2185,2024-12-16,Website,Tabby (BNPL),3
13299,1074,2024-06-09,In-Store,Credit Card,2
13300,270,2025-11-15,In-Store,Cash on Delivery,2
13301,1547,2025-03-10,In-Store,Cash on Delivery,1
13302,656,2025-03-24,Online App,Credit Card,3
13303,1614,2025-10-31,Website,Credit Card,2
13304,2513,2025-11-14,Online App,Credit Card,5
13305,1852,2024-09-28,Website,Apple Pay,1
13306,1913,2024-11-13,In-Store,Apple Pay,3
13307,1634,2025-04-28,Website,Credit Card,2
13308,2779,2025-03-14,Online App,Apple Pay,5
13309,2795,2025-09-26,Online App,Tabby (BNPL),1
13310,1533,2025-11-28,Online App,Tabby (BNPL),1
13311,931,2025-11-16,Website,Tabby (BNPL),6
13312,1395,2025-12-08,In-Store,Tabby (BNPL),2
13313,569,2024-01-14,In-Store,Apple Pay,1
13314,1921,2025-03-28,Online App,Credit Card,2
13315,1503,2025-10-17,Online App,Credit Card,1
13316,306,2025-12-27,In-Store,Apple Pay,5
13317,603,2025-12-30,Online App,Credit Card,2
13318,1448,2025-12-08,Website,Cash on Delivery,5
13319,2671,2024-06-18,Online App,Credit Card,2
13320,1706,2025-05-19,Online App,Credit Card,1
13321,2053,2025-12-25,Online App,Credit Card,2
13322,1038,2025-09-14,Online App,Credit Card,2
13323,1717,2025-12-31,Website,Apple Pay,1
13324,1357,2025-12-26,Website,Cash on Delivery,3
13325,1989,2025-08-23,Website,Apple Pay,1
13326,144,2025-08-13,Website,Apple Pay,6
13327,1484,2025-04-20,Online App,Cash on Delivery,1
13328,900,2025-07-13,Online App,Cash on Delivery,3
13329,998,2025-10-23,Website,Credit Card,1
13330,2889,2025-07-26,Online App,Cash on Delivery,1
13331,558,2025-08-25,In-Store,Tabby (BNPL),1
13332,948,2025-10-06,Website,Cash on Delivery,1
13333,1524,2025-07-13,Website,Apple Pay,1
13334,2593,2025-09-18,Online App,Cash on Delivery,7
13335,1258,2025-12-09,Online App,Credit Card,1
13336,2241,2024-11-23,Online App,Credit Card,5
13337,2573,2025-07-27,Online App,Tabby (BNPL),1
13338,943,2024-10-01,Website,Apple Pay,3
13339,1200,2025-11-22,In-Store,Apple Pay,2
13340,1094,2025-10-14,Website,Tabby (BNPL),2
13341,2510,2025-09-19,Online App,Credit Card,1
13342,130,2024-05-11,Online App,Credit Card,5
13343,938,2025-12-12,Online App,Cash on Delivery,2
13344,2045,2025-07-25,Online App,Tabby (BNPL),1
13345,1702,2025-05-15,Online App,Apple Pay,1
13346,1324,2025-06-19,Online App,Cash on Delivery,1
13347,1629,2025-11-18,Website,Tabby (BNPL),5
13348,603,2025-12-29,Website,Credit Card,2
13349,1305,2025-09-17,In-Store,Apple Pay,6
13350,1505,2025-02-23,Website,Credit Card,2
13351,2707,2025-07-13,Website,Cash on Delivery,1
13352,796,2024-12-15,Website,Apple Pay,2
13353,2610,2024-07-06,Online App,Apple Pay,1
13354,1942,2025-02-07,In-Store,Apple Pay,2
13355,67,2025-12-17,Website,Credit Card,2
13356,2178,2025-09-21,Online App,Tabby (BNPL),1
13357,111,2025-05-06,Website,Cash on Delivery,1
13358,2994,2025-10-06,In-Store,Tabby (BNPL),1
13359,2626,2025-08-18,Online App,Apple Pay,5
13360,904,2024-10-30,In-Store,Tabby (BNPL),1
13361,786,2025-02-08,Website,Tabby (BNPL),2
13362,1168,2025-12-29,Website,Cash on Delivery,2
13363,1092,2025-12-16,Website,Credit Card,1
13364,1142,2024-08-08,Website,Cash on Delivery,5
13365,971,2025-12-22,Website,Apple Pay,3
13366,1873,2024-10-13,Online App,Tabby (BNPL),2
13367,499,2024-07-03,In-Store,Tabby (BNPL),1
13368,2542,2025-03-03,Online App,Credit Card,2
13369,2450,2025-12-12,In-Store,Cash on Delivery,1
13370,1444,2025-12-07,Online App,Credit Card,2
13371,2564,2025-10-10,Online App,Tabby (BNPL),2
13372,759,2025-12-26,Website,Cash on Delivery,1
13373,54,2025-03-19,Website,Cash on Delivery,7
13374,1865,2025-06-24,In-Store,Apple Pay,3
13375,1392,2024-07-25,Online App,Apple Pay,2
13376,1709,2025-11-25,Online App,Credit Card,1
13377,2700,2025-09-21,Website,Tabby (BNPL),1
13378,2915,2025-06-26,Website,Credit Card,2
13379,1917,2025-12-06,Website,Credit Card,2
13380,2298,2025-06-27,In-Store,Credit Card,2
13381,244,2025-03-22,Online App,Cash on Delivery,1
13382,486,2025-12-20,Website,Credit Card,1
13383,2202,2025-09-14,In-Store,Credit Card,1
13384,1308,2025-08-14,Online App,Credit Card,1
13385,1354,2025-09-30,Online App,Apple Pay,3
13386,938,2025-04-11,Online App,Apple Pay,2
13387,1829,2025-08-19,In-Store,Cash on Delivery,1
13388,567,2025-02-04,Online App,Cash on Delivery,2
13389,1890,2024-08-23,Online App,Cash on Delivery,2
13390,528,2025-09-21,Online App,Tabby (BNPL),2
13391,185,2025-09-23,Online App,Cash on Delivery,2
13392,1012,2025-09-25,Website,Tabby (BNPL),3
13393,712,2025-07-30,In-Store,Cash on Delivery,1
13394,2674,2025-02-20,Online App,Apple Pay,1
13395,159,2025-11-21,Online App,Apple Pay,3
13396,537,2025-12-30,Website,Cash on Delivery,1
13397,1655,2025-10-11,Website,Cash on Delivery,1
13398,1452,2025-07-15,Online App,Cash on Delivery,1
13399,134,2025-02-07,Online App,Credit Card,1
13400,22,2025-12-01,Website,Cash on Delivery,2
13401,2966,2025-07-06,In-Store,Apple Pay,1
13402,1988,2024-09-17,Online App,Tabby (BNPL),1
13403,1116,2025-12-04,In-Store,Tabby (BNPL),1
13404,1423,2024-02-23,Website,Tabby (BNPL),1
13405,812,2025-11-21,Website,Tabby (BNPL),5
13406,1061,2025-09-02,Website,Apple Pay,6
13407,1958,2025-11-25,Online App,Apple Pay,1
13408,2656,2025-10-17,Website,Cash on Delivery,2
13409,566,2025-12-28,In-Store,Cash on Delivery,1
13410,2528,2024-06-23,Website,Apple Pay,1
13411,352,2025-08-03,Online App,Credit Card,5
13412,662,2025-12-17,Website,Cash on Delivery,2
13413,117,2025-10-06,Online App,Credit Card,2
13414,422,2025-07-21,Online App,Credit Card,2
13415,2752,2024-11-25,Online App,Apple Pay,1
13416,1394,2025-03-22,Website,Tabby (BNPL),1
13417,228,2025-12-21,Website,Apple Pay,3
13418,2884,2024-05-07,Online App,Credit Card,1
13419,2646,2025-12-11,Online App,Tabby (BNPL),3
13420,2269,2025-10-12,Online App,Tabby (BNPL),1
13421,2800,2024-09-17,Website,Credit Card,1
13422,678,2025-11-14,In-Store,Tabby (BNPL),1
13423,2514,2025-12-04,In-Store,Tabby (BNPL),5
13424,2079,2025-01-01,Online App,Tabby (BNPL),4
13425,2615,2024-05-02,Online App,Cash on Delivery,3
13426,2405,2024-10-14,Website,Cash on Delivery,1
13427,1065,2025-06-30,Online App,Credit Card,2
13428,2338,2025-12-31,In-Store,Apple Pay,1
13429,801,2025-07-11,In-Store,Apple Pay,1
13430,1005,2025-11-24,In-Store,Cash on Delivery,2
13431,320,2024-11-27,In-Store,Apple Pay,5
13432,2801,2025-04-18,Website,Credit Card,2
13433,886,2024-12-28,Online App,Credit Card,7
13434,1562,2025-07-14,Online App,Tabby (BNPL),7
13435,1197,2025-12-06,Online App,Apple Pay,2
13436,2885,2025-12-07,Website,Apple Pay,6
13437,1027,2025-01-13,Online App,Tabby (BNPL),3
13438,2350,2024-02-17,Online App,Tabby (BNPL),3
13439,2571,2025-02-22,Online App,Credit Card,1
13440,1320,2024-11-16,In-Store,Apple Pay,2
13441,1159,2025-06-15,Online App,Apple Pay,7
13442,2251,2025-12-08,Online App,Cash on Delivery,1
13443,2737,2025-11-08,Online App,Apple Pay,2
13444,2269,2025-12-21,Online App,Apple Pay,1
13445,699,2025-10-04,Website,Cash on Delivery,2
13446,2672,2024-09-27,Online App,Tabby (BNPL),1
13447,1188,2025-10-19,Online App,Cash on Delivery,6
13448,1733,2025-03-18,Online App,Credit Card,1
13449,2505,2025-07-20,Website,Tabby (BNPL),1
13450,574,2025-11-15,Website,Cash on Delivery,1
13451,2365,2025-01-13,In-Store,Tabby (BNPL),1
13452,1796,2025-02-02,Online App,Tabby (BNPL),1
13453,2688,2025-12-21,Online App,Cash on Delivery,5
13454,525,2025-12-30,Online App,Credit Card,1
13455,1271,2024-08-19,Online App,Cash on Delivery,2
13456,2510,2025-10-26,Online App,Tabby (BNPL),1
13457,62,2025-02-22,In-Store,Credit Card,2
13458,328,2024-08-11,Online App,Cash on Delivery,2
13459,2973,2025-02-04,Online App,Tabby (BNPL),3
13460,849,2025-09-28,Online App,Credit Card,3
13461,2929,2025-02-17,Online App,Credit Card,2
13462,557,2025-01-27,Website,Apple Pay,1
13463,1105,2025-04-16,Online App,Apple Pay,1
13464,2264,2025-03-17,Online App,Apple Pay,1
13465,1984,2025-12-22,Online App,Apple Pay,1
13466,1746,2025-07-03,In-Store,Cash on Delivery,1
13467,1594,2025-08-20,Website,Cash on Delivery,3
13468,2534,2025-12-05,Online App,Apple Pay,2
13469,726,2025-07-11,Website,Apple Pay,2
13470,1344,2025-10-19,Online App,Cash on Delivery,1
13471,467,2025-04-12,In-Store,Tabby (BNPL),1
13472,1794,2025-11-06,Online App,Tabby (BNPL),1
13473,768,2025-11-01,Website,Cash on Delivery,2
13474,1022,2024-09-08,Online App,Cash on Delivery,2
13475,1427,2024-05-15,In-Store,Tabby (BNPL),2
13476,90,2025-07-30,Online App,Apple Pay,1
13477,266,2025-08-26,Online App,Credit Card,1
13478,2068,2025-05-19,Website,Cash on Delivery,1
13479,1298,2025-12-25,Online App,Tabby (BNPL),1
13480,2600,2025-12-26,Online App,Tabby (BNPL),1
13481,2095,2025-09-04,Online App,Apple Pay,5
13482,24,2025-08-14,Online App,Apple Pay,1
13483,1857,2025-05-02,Online App,Cash on Delivery,3
13484,273,2025-10-16,Online App,Tabby (BNPL),2
13485,2358,2025-04-15,Website,Cash on Delivery,1
13486,2975,2025-12-19,Online App,Tabby (BNPL),2
13487,1596,2025-03-16,Website,Cash on Delivery,5
13488,2058,2025-10-15,Online App,Apple Pay,2
13489,734,2025-03-19,Online App,Credit Card,1
13490,1330,2025-12-26,In-Store,Cash on Delivery,1
13491,2573,2025-06-22,Website,Credit Card,1
13492,514,2025-12-19,Online App,Tabby (BNPL),6
13493,808,2025-12-26,In-Store,Tabby (BNPL),2
13494,1352,2025-01-20,Online App,Tabby (BNPL),1
13495,2140,2025-04-17,In-Store,Credit Card,2
13496,1152,2025-05-20,Online App,Cash on Delivery,3
13497,2782,2024-09-08,Online App,Cash on Delivery,2
13498,276,2025-11-19,In-Store,Apple Pay,1
13499,1136,2025-10-23,Website,Credit Card,7
13500,2129,2025-04-22,Website,Credit Card,1
13501,694,2025-05-20,In-Store,Tabby (BNPL),1
13502,1979,2025-12-25,Online App,Cash on Delivery,3
13503,499,2024-06-15,Online App,Cash on Delivery,1
13504,160,2025-10-26,Website,Credit Card,4
13505,350,2025-09-08,Online App,Tabby (BNPL),2
13506,2790,2025-11-30,Online App,Cash on Delivery,2
13507,1661,2025-08-04,Website,Apple Pay,1
13508,2403,2025-03-19,Website,Credit Card,1
13509,1017,2025-01-22,Online App,Apple Pay,2
13510,1782,2025-04-05,Website,Tabby (BNPL),5
13511,1488,2025-10-19,In-Store,Tabby (BNPL),1
13512,2836,2024-02-01,Online App,Apple Pay,4
13513,2251,2025-12-14,Online App,Cash on Delivery,1
13514,2194,2025-05-12,In-Store,Cash on Delivery,1
13515,135,2025-08-06,Online App,Apple Pay,4
13516,1658,2025-07-28,In-Store,Apple Pay,6
13517,1416,2025-08-13,Online App,Tabby (BNPL),1
13518,2783,2025-05-13,Online App,Credit Card,6
13519,785,2025-02-25,Online App,Cash on Delivery,2
13520,821,2024-09-02,In-Store,Cash on Delivery,3
13521,1246,2025-04-30,Online App,Cash on Delivery,1
13522,749,2025-09-01,Online App,Apple Pay,1
13523,379,2025-10-13,Website,Cash on Delivery,6
13524,2575,2025-07-12,Online App,Credit Card,1
13525,1681,2025-12-17,Online App,Credit Card,1
13526,2589,2024-05-20,Website,Cash on Delivery,1
13527,2504,2025-08-14,In-Store,Credit Card,3
13528,855,2025-11-25,Online App,Tabby (BNPL),5
13529,1651,2025-04-14,Online App,Tabby (BNPL),2
13530,241,2025-12-28,In-Store,Credit Card,3
13531,2744,2025-08-15,Website,Apple Pay,1
13532,1226,2025-02-01,Online App,Tabby (BNPL),1
13533,1203,2025-12-25,Online App,Credit Card,7
13534,921,2025-09-22,Online App,Apple Pay,2
13535,1399,2025-05-18,In-Store,Apple Pay,1
13536,770,2025-07-11,Online App,Cash on Delivery,2
13537,1149,2025-12-24,Online App,Apple Pay,5
13538,2413,2025-05-15,Online App,Credit Card,2
13539,2511,2025-03-18,Online App,Tabby (BNPL),1
13540,925,2024-08-07,In-Store,Credit Card,1
13541,1419,2025-10-28,Online App,Apple Pay,1
13542,2631,2025-07-05,Online App,Credit Card,1
13543,152,2025-10-19,Online App,Cash on Delivery,1
13544,2674,2025-09-26,Online App,Credit Card,1
13545,676,2025-10-04,Online App,Tabby (BNPL),1
13546,2042,2025-11-05,Website,Tabby (BNPL),2
13547,1750,2025-10-16,Online App,Cash on Delivery,4
13548,1664,2025-08-27,Online App,Tabby (BNPL),1
13549,2581,2025-12-18,Online App,Cash on Delivery,1
13550,300,2025-11-26,Online App,Tabby (BNPL),1
13551,1067,2025-09-06,Online App,Credit Card,6
13552,1620,2025-11-13,Website,Cash on Delivery,6
13553,2447,2024-05-27,Website,Tabby (BNPL),1
13554,666,2025-12-10,Online App,Apple Pay,1
13555,2421,2024-11-23,In-Store,Tabby (BNPL),7
13556,1214,2025-10-08,Online App,Credit Card,2
13557,575,2024-08-11,Online App,Tabby (BNPL),3
13558,2283,2025-04-29,In-Store,Tabby (BNPL),5
13559,262,2025-08-11,Online App,Cash on Delivery,1
13560,1537,2025-09-26,Online App,Credit Card,1
13561,185,2025-05-14,Online App,Credit Card,2
13562,1093,2025-08-09,Online App,Tabby (BNPL),1
13563,1810,2025-06-19,Online App,Apple Pay,2
13564,1675,2025-05-16,In-Store,Credit Card,6
13565,1228,2025-02-28,Online App,Credit Card,7
13566,1298,2025-11-26,Online App,Apple Pay,1
13567,697,2025-10-28,Online App,Tabby (BNPL),5
13568,1384,2025-09-12,Online App,Credit Card,1
13569,2858,2025-10-17,Online App,Tabby (BNPL),1
13570,2556,2025-11-16,Online App,Apple Pay,3
13571,437,2025-03-21,In-Store,Tabby (BNPL),1
13572,98,2025-06-16,In-Store,Apple Pay,1
13573,2800,2024-12-04,Online App,Credit Card,1
13574,1587,2024-06-13,Website,Apple Pay,5
13575,1619,2025-10-18,In-Store,Credit Card,7
13576,2358,2025-07-25,Website,Tabby (BNPL),1
13577,959,2025-10-06,Online App,Tabby (BNPL),5
13578,1456,2025-11-22,Website,Credit Card,1
13579,2912,2025-12-05,Online App,Apple Pay,1
13580,2028,2025-09-18,In-Store,Apple Pay,1
13581,463,2024-09-07,Website,Credit Card,2
13582,393,2024-06-09,In-Store,Cash on Delivery,7
13583,627,2025-09-04,In-Store,Cash on Delivery,2
13584,2311,2025-09-29,In-Store,Cash on Delivery,1
13585,898,2025-01-30,Online App,Cash on Delivery,1
13586,70,2025-07-22,Online App,Credit Card,2
13587,2832,2025-12-30,Online App,Credit Card,1
13588,518,2025-12-29,Online App,Credit Card,4
13589,28,2025-01-16,Website,Cash on Delivery,1
13590,733,2025-12-01,Online App,Credit Card,1
13591,727,2025-11-08,Website,Credit Card,1
13592,1274,2025-12-23,Online App,Tabby (BNPL),3
13593,2759,2025-02-23,Online App,Tabby (BNPL),1
13594,2647,2025-09-08,In-Store,Apple Pay,1
13595,1388,2025-12-26,Online App,Apple Pay,1
13596,1246,2025-06-10,Website,Credit Card,1
13597,1671,2025-10-30,In-Store,Apple Pay,1
13598,749,2025-09-12,Online App,Apple Pay,1
13599,151,2025-12-02,Website,Apple Pay,7
13600,2816,2025-08-11,Online App,Apple Pay,3
13601,569,2024-05-03,In-Store,Credit Card,1
13602,606,2025-08-09,Website,Apple Pay,1
13603,1430,2025-09-02,Online App,Cash on Delivery,1
13604,1479,2025-10-06,Online App,Credit Card,4
13605,57,2024-11-06,Website,Cash on Delivery,1
13606,445,2024-10-02,Online App,Tabby (BNPL),1
13607,1159,2025-04-18,In-Store,Apple Pay,7
13608,2063,2025-09-02,Website,Tabby (BNPL),6
13609,703,2024-10-20,Online App,Tabby (BNPL),1
13610,1278,2025-07-19,Website,Cash on Delivery,1
13611,1679,2025-09-12,Website,Credit Card,2
13612,2672,2024-07-02,Online App,Cash on Delivery,1
13613,997,2025-01-16,Website,Tabby (BNPL),1
13614,394,2025-10-08,Website,Tabby (BNPL),4
13615,1473,2025-05-27,Online App,Cash on Delivery,2
13616,2247,2025-06-28,In-Store,Cash on Delivery,3
13617,325,2024-04-25,Online App,Apple Pay,3
13618,1282,2025-05-24,Online App,Cash on Delivery,2
13619,55,2025-03-17,In-Store,Credit Card,1
13620,107,2025-03-07,Website,Cash on Delivery,3
13621,1457,2025-11-12,Online App,Credit Card,1
13622,907,2025-08-10,Online App,Credit Card,1
13623,2541,2025-08-07,Website,Credit Card,1
13624,1814,2024-10-23,Online App,Apple Pay,2
13625,1377,2024-11-19,Online App,Tabby (BNPL),3
13626,1238,2025-10-09,In-Store,Apple Pay,1
13627,1495,2025-12-31,Online App,Tabby (BNPL),4
13628,121,2025-11-02,In-Store,Tabby (BNPL),2
13629,2686,2025-11-11,Online App,Cash on Delivery,2
13630,2997,2025-08-17,Website,Tabby (BNPL),5
13631,552,2024-12-26,Online App,Credit Card,3
13632,350,2025-03-23,Website,Cash on Delivery,2
13633,432,2025-07-01,Online App,Tabby (BNPL),1
13634,1993,2025-02-01,Online App,Cash on Delivery,1
13635,1995,2025-11-13,Online App,Tabby (BNPL),1
13636,2549,2025-07-09,Online App,Tabby (BNPL),1
13637,2261,2025-09-24,Online App,Credit Card,6
13638,1364,2025-01-07,Online App,Tabby (BNPL),6
13639,1846,2025-05-13,Website,Credit Card,1
13640,2075,2025-05-08,In-Store,Credit Card,1
13641,1533,2024-07-08,Website,Apple Pay,1
13642,1442,2025-01-01,Website,Apple Pay,2
13643,1945,2025-10-13,Website,Tabby (BNPL),3
13644,1679,2025-12-11,Website,Credit Card,2
13645,1940,2025-12-25,Online App,Tabby (BNPL),2
13646,1846,2024-08-24,Website,Cash on Delivery,1
13647,2156,2025-09-20,Website,Credit Card,3
13648,1935,2025-05-30,In-Store,Apple Pay,2
13649,1558,2025-03-27,In-Store,Apple Pay,1
13650,2054,2025-01-22,Online App,Credit Card,2
13651,1362,2025-06-13,Website,Credit Card,3
13652,743,2025-11-17,Online App,Cash on Delivery,1
13653,6,2025-11-25,In-Store,Credit Card,1
13654,1683,2025-12-07,Online App,Apple Pay,1
13655,1776,2025-04-07,Website,Tabby (BNPL),1
13656,2919,2025-01-09,Online App,Tabby (BNPL),2
13657,1105,2025-08-07,Online App,Cash on Delivery,1
13658,1204,2025-12-30,Online App,Apple Pay,1
13659,617,2025-03-16,In-Store,Credit Card,3
13660,206,2025-07-07,Online App,Tabby (BNPL),1
13661,2332,2025-10-21,Online App,Tabby (BNPL),2
13662,767,2025-11-12,In-Store,Tabby (BNPL),2
13663,1834,2025-06-24,Online App,Credit Card,7
13664,2072,2025-04-04,In-Store,Cash on Delivery,2
13665,1426,2025-05-11,Website,Apple Pay,1
13666,2640,2025-12-15,Online App,Tabby (BNPL),6
13667,1350,2025-10-05,Website,Credit Card,1
13668,865,2025-12-04,Online App,Cash on Delivery,1
13669,2691,2025-09-11,Website,Tabby (BNPL),2
13670,2589,2025-10-23,Online App,Cash on Delivery,1
13671,498,2025-04-19,In-Store,Apple Pay,4
13672,89,2025-08-30,Website,Apple Pay,2
13673,259,2025-12-29,In-Store,Apple Pay,5
13674,873,2025-12-29,Website,Cash on Delivery,2
13675,2920,2025-08-12,Online App,Credit Card,1
13676,1681,2025-08-26,In-Store,Tabby (BNPL),1
13677,1145,2025-05-31,Website,Tabby (BNPL),3
13678,2673,2025-12-24,In-Store,Cash on Delivery,3
13679,1374,2025-10-01,Online App,Credit Card,1
13680,961,2024-04-01,Online App,Cash on Delivery,2
13681,2824,2025-05-13,Website,Cash on Delivery,7
13682,2553,2025-10-30,Website,Apple Pay,1
13683,2535,2024-02-01,Online App,Apple Pay,1
13684,1532,2025-10-13,In-Store,Cash on Delivery,1
13685,2380,2024-12-08,In-Store,Tabby (BNPL),3
13686,546,2025-10-03,Website,Credit Card,1
13687,1723,2025-11-20,In-Store,Cash on Delivery,2
13688,2953,2024-11-17,In-Store,Tabby (BNPL),1
13689,885,2025-12-14,Online App,Credit Card,1
13690,2398,2025-12-30,In-Store,Apple Pay,3
13691,1475,2025-07-10,Website,Cash on Delivery,2
13692,120,2025-12-28,Website,Cash on Delivery,2
13693,2297,2025-11-27,In-Store,Cash on Delivery,1
13694,516,2025-01-31,Online App,Apple Pay,1
13695,1904,2025-01-02,In-Store,Apple Pay,2
13696,251,2025-12-14,Online App,Credit Card,6
13697,2839,2025-09-03,Online App,Tabby (BNPL),2
13698,889,2025-12-30,Online App,Cash on Delivery,4
13699,697,2025-11-11,Online App,Cash on Delivery,5
13700,379,2025-12-28,In-Store,Credit Card,6
13701,2837,2025-02-17,Online App,Credit Card,1
13702,2139,2025-05-02,Online App,Cash on Delivery,3
13703,2230,2025-01-28,Online App,Tabby (BNPL),3
13704,1500,2025-05-22,Website,Apple Pay,1
13705,1438,2024-11-07,Online App,Apple Pay,2
13706,325,2024-05-25,Online App,Cash on Delivery,3
13707,1683,2025-11-21,Website,Credit Card,1
13708,759,2025-11-03,Online App,Cash on Delivery,1
13709,2932,2025-02-25,Online App,Apple Pay,3
13710,2404,2025-07-26,Website,Tabby (BNPL),2
13711,1250,2025-03-04,Online App,Apple Pay,3
13712,454,2025-04-28,Website,Credit Card,1
13713,2368,2025-05-18,Online App,Tabby (BNPL),3
13714,353,2024-07-14,Online App,Apple Pay,3
13715,576,2025-05-26,Online App,Credit Card,4
13716,652,2024-07-01,Online App,Tabby (BNPL),1
13717,1678,2025-11-27,Online App,Credit Card,2
13718,2374,2025-09-17,Website,Cash on Delivery,1
13719,957,2024-08-25,Website,Cash on Delivery,4
13720,246,2025-12-31,Website,Credit Card,7
13721,1410,2024-11-21,Online App,Apple Pay,1
13722,2251,2025-11-17,Website,Apple Pay,1
13723,685,2025-10-07,In-Store,Tabby (BNPL),7
13724,677,2024-11-11,Website,Tabby (BNPL),4
13725,2840,2025-11-25,Online App,Apple Pay,4
13726,2861,2025-08-08,Online App,Cash on Delivery,1
13727,2973,2025-05-11,Online App,Cash on Delivery,3
13728,2437,2025-08-07,Online App,Cash on Delivery,3
13729,573,2025-12-27,Website,Apple Pay,4
13730,652,2025-10-24,In-Store,Cash on Delivery,1
13731,1043,2025-08-19,Online App,Credit Card,2
13732,971,2025-10-29,Website,Credit Card,3
13733,2871,2025-03-07,Website,Apple Pay,3
13734,2379,2025-07-20,Website,Credit Card,1
13735,2174,2025-12-22,Online App,Tabby (BNPL),2
13736,568,2025-08-30,Online App,Credit Card,1
13737,2728,2024-08-12,Website,Tabby (BNPL),2
13738,2494,2025-11-04,In-Store,Tabby (BNPL),1
13739,497,2025-06-13,Website,Tabby (BNPL),1
13740,2619,2025-04-22,Website,Tabby (BNPL),1
13741,825,2025-08-19,Online App,Cash on Delivery,1
13742,234,2025-08-31,Website,Apple Pay,1
13743,1981,2025-03-07,In-Store,Credit Card,2
13744,1971,2025-12-16,In-Store,Credit Card,3
13745,278,2025-11-17,Online App,Cash on Delivery,2
13746,974,2025-10-24,Online App,Tabby (BNPL),1
13747,2979,2025-12-08,Online App,Apple Pay,2
13748,2042,2025-07-13,In-Store,Credit Card,2
13749,2191,2025-07-31,Website,Tabby (BNPL),2
13750,654,2025-06-02,In-Store,Credit Card,1
13751,230,2025-11-12,Online App,Tabby (BNPL),1
13752,840,2025-11-23,In-Store,Cash on Delivery,1
13753,765,2024-07-17,Online App,Apple Pay,3
13754,724,2025-12-17,Website,Credit Card,2
13755,589,2025-12-06,Online App,Credit Card,6
13756,1728,2024-06-01,Online App,Credit Card,7
13757,1004,2025-12-28,Online App,Apple Pay,2
13758,2472,2025-01-16,In-Store,Credit Card,2
13759,565,2025-11-17,In-Store,Cash on Delivery,1
13760,1410,2024-11-20,Website,Credit Card,1
13761,40,2025-04-14,Online App,Tabby (BNPL),1
13762,1455,2025-09-12,Online App,Tabby (BNPL),1
13763,160,2025-12-08,Online App,Credit Card,4
13764,2935,2025-10-29,Online App,Cash on Delivery,2
13765,2383,2025-02-06,In-Store,Apple Pay,1
13766,1475,2025-11-14,Online App,Tabby (BNPL),2
13767,252,2025-06-24,Online App,Cash on Delivery,3
13768,1782,2025-09-07,Online App,Apple Pay,5
13769,2281,2025-12-05,Online App,Credit Card,2
13770,581,2025-07-03,Online App,Apple Pay,7
13771,1712,2025-03-21,Website,Apple Pay,1
13772,2457,2025-08-31,Website,Credit Card,1
13773,2317,2025-08-07,Online App,Apple Pay,7
13774,2422,2025-12-11,In-Store,Apple Pay,1
13775,2647,2025-07-17,In-Store,Tabby (BNPL),1
13776,2812,2025-05-29,Online App,Tabby (BNPL),3
13777,1231,2025-01-03,In-Store,Apple Pay,1
13778,1712,2025-03-14,Online App,Cash on Delivery,1
13779,2384,2025-07-29,Online App,Cash on Delivery,2
13780,2102,2025-12-30,Website,Credit Card,2
13781,2991,2024-10-30,Website,Tabby (BNPL),1
13782,40,2024-10-10,Website,Cash on Delivery,1
13783,1090,2025-06-08,Online App,Cash on Delivery,6
13784,852,2025-11-29,Website,Credit Card,1
13785,800,2025-12-22,Online App,Credit Card,1
13786,687,2025-06-19,Website,Cash on Delivery,1
13787,2129,2024-10-20,Online App,Cash on Delivery,1
13788,246,2025-12-11,Website,Apple Pay,7
13789,2230,2025-06-12,Website,Cash on Delivery,3
13790,2091,2025-04-22,Online App,Tabby (BNPL),2
13791,769,2025-07-11,Online App,Apple Pay,6
13792,774,2025-07-24,Online App,Tabby (BNPL),3
13793,1895,2025-09-25,Online App,Apple Pay,1
13794,2294,2025-11-17,Online App,Credit Card,1
13795,2641,2025-06-13,In-Store,Apple Pay,2
13796,2562,2025-09-22,Website,Apple Pay,1
13797,2901,2025-12-20,Online App,Cash on Delivery,6
13798,1747,2024-12-07,In-Store,Tabby (BNPL),6
13799,2725,2024-05-13,Online App,Tabby (BNPL),1
13800,2439,2025-04-05,Online App,Credit Card,2
13801,2689,2024-08-17,Online App,Apple Pay,5
13802,34,2025-09-10,In-Store,Cash on Delivery,3
13803,2905,2025-07-15,Online App,Apple Pay,1
13804,1433,2024-10-17,Website,Tabby (BNPL),1
13805,2409,2025-12-18,Website,Tabby (BNPL),1
13806,371,2024-12-19,In-Store,Cash on Delivery,1
13807,1207,2025-09-04,Online App,Apple Pay,1
13808,823,2025-04-05,In-Store,Credit Card,1
13809,889,2025-12-30,In-Store,Cash on Delivery,4
13810,358,2025-05-04,Online App,Cash on Delivery,2
13811,2431,2025-01-26,In-Store,Tabby (BNPL),2
13812,26,2024-10-30,Online App,Cash on Delivery,2
13813,952,2025-04-07,In-Store,Tabby (BNPL),1
13814,530,2025-11-28,Website,Cash on Delivery,1
13815,1771,2025-09-08,Online App,Credit Card,2
13816,778,2025-07-08,Online App,Tabby (BNPL),1
13817,791,2024-08-09,Online App,Tabby (BNPL),1
13818,1471,2025-06-10,In-Store,Cash on Delivery,3
13819,1969,2025-10-05,Online App,Tabby (BNPL),2
13820,351,2024-12-17,Website,Tabby (BNPL),2
13821,533,2025-12-09,In-Store,Tabby (BNPL),1
13822,759,2025-12-18,Online App,Apple Pay,1
13823,2924,2025-07-11,Online App,Tabby (BNPL),1
13824,1209,2024-07-14,Online App,Apple Pay,3
13825,1804,2025-11-22,Website,Tabby (BNPL),1
13826,743,2025-11-18,Online App,Credit Card,1
13827,1475,2025-09-12,Online App,Apple Pay,2
13828,218,2025-10-30,Online App,Tabby (BNPL),1
13829,110,2025-06-20,Online App,Apple Pay,1
13830,1418,2025-07-18,Online App,Cash on Delivery,1
13831,1213,2025-03-17,Online App,Tabby (BNPL),3
13832,409,2025-10-07,Website,Tabby (BNPL),1
13833,2071,2025-11-16,In-Store,Credit Card,2
13834,2979,2025-09-25,In-Store,Apple Pay,2
13835,1206,2025-12-07,Online App,Apple Pay,2
13836,1882,2025-09-06,Website,Cash on Delivery,2
13837,2895,2025-11-15,Online App,Tabby (BNPL),7
13838,2506,2024-12-11,Website,Apple Pay,2
13839,1407,2025-01-13,Website,Apple Pay,1
13840,2218,2025-11-28,Online App,Apple Pay,1
13841,375,2025-04-22,Online App,Cash on Delivery,2
13842,1531,2025-12-23,Website,Credit Card,1
13843,846,2025-10-21,Online App,Credit Card,2
13844,487,2025-09-30,In-Store,Tabby (BNPL),6
13845,1290,2025-11-26,Online App,Cash on Delivery,5
13846,385,2025-12-31,In-Store,Apple Pay,6
13847,2107,2025-05-28,In-Store,Credit Card,1
13848,1386,2025-06-12,Website,Tabby (BNPL),1
13849,1596,2025-05-15,Website,Apple Pay,5
13850,440,2025-12-26,Website,Tabby (BNPL),1
13851,418,2025-12-23,In-Store,Apple Pay,1
13852,1753,2025-12-23,Online App,Tabby (BNPL),1
13853,2957,2025-06-30,Website,Tabby (BNPL),2
13854,284,2025-12-22,Website,Credit Card,1
13855,869,2024-08-17,Website,Cash on Delivery,2
13856,2615,2024-08-07,Website,Tabby (BNPL),3
13857,212,2025-12-01,Online App,Cash on Delivery,2
13858,2639,2025-05-07,Online App,Tabby (BNPL),1
13859,1578,2025-05-26,Website,Tabby (BNPL),7
13860,1239,2024-10-09,Website,Credit Card,1
13861,942,2025-09-16,In-Store,Tabby (BNPL),2
13862,904,2025-06-05,Online App,Credit Card,1
13863,931,2025-10-26,In-Store,Tabby (BNPL),6
13864,2665,2025-01-11,Online App,Cash on Delivery,6
13865,2173,2025-11-15,Website,Cash on Delivery,1
13866,2019,2025-12-05,Website,Cash on Delivery,2
13867,2410,2024-07-14,In-Store,Cash on Delivery,3
13868,785,2025-10-03,In-Store,Cash on Delivery,2
13869,1861,2025-06-25,Online App,Apple Pay,2
13870,1398,2025-12-06,Online App,Credit Card,7
13871,2362,2024-11-23,Online App,Tabby (BNPL),6
13872,940,2025-03-14,Online App,Tabby (BNPL),1
13873,1937,2025-12-14,Online App,Credit Card,5
13874,2654,2024-11-09,In-Store,Tabby (BNPL),1
13875,1223,2025-12-29,Online App,Credit Card,7
13876,193,2025-09-24,In-Store,Apple Pay,5
13877,1543,2024-08-17,Website,Apple Pay,4
13878,1065,2025-08-29,Website,Cash on Delivery,2
13879,2028,2025-10-30,Online App,Apple Pay,1
13880,2849,2025-08-29,Online App,Credit Card,1
13881,1461,2025-04-10,Online App,Apple Pay,3
13882,1415,2025-11-30,In-Store,Cash on Delivery,2
13883,1974,2024-06-08,Online App,Cash on Delivery,2
13884,306,2025-04-18,Website,Cash on Delivery,5
13885,776,2025-07-01,Website,Credit Card,1
13886,2755,2025-10-01,Online App,Cash on Delivery,2
13887,2020,2025-02-15,Online App,Credit Card,1
13888,39,2024-05-09,In-Store,Credit Card,1
13889,629,2024-07-26,Website,Credit Card,3
13890,2058,2025-09-13,Website,Apple Pay,2
13891,2299,2025-09-09,Website,Tabby (BNPL),3
13892,2526,2025-07-07,Website,Apple Pay,2
13893,890,2025-12-18,Website,Apple Pay,1
13894,2793,2025-02-11,Website,Tabby (BNPL),2
13895,1664,2025-02-06,Website,Apple Pay,1
13896,2101,2025-08-14,Website,Credit Card,2
13897,1798,2025-02-16,In-Store,Credit Card,1
13898,356,2025-11-30,Online App,Cash on Delivery,2
13899,2896,2025-10-29,In-Store,Credit Card,1
13900,357,2024-06-03,In-Store,Apple Pay,3
13901,781,2025-07-30,Online App,Credit Card,1
13902,2455,2025-02-23,Website,Cash on Delivery,2
13903,1863,2025-11-08,Website,Cash on Delivery,3
13904,2521,2024-05-10,Website,Cash on Delivery,3
13905,1542,2025-11-07,Online App,Apple Pay,2
13906,1157,2025-10-03,Website,Apple Pay,5
13907,2762,2025-10-13,Online App,Credit Card,2
13908,114,2025-12-19,Website,Tabby (BNPL),6
13909,2573,2025-04-28,Online App,Tabby (BNPL),1
13910,711,2025-11-19,Online App,Credit Card,1
13911,2552,2025-11-14,Online App,Tabby (BNPL),1
13912,416,2024-11-10,Online App,Tabby (BNPL),1
13913,1743,2025-04-25,In-Store,Credit Card,3
13914,2672,2024-04-26,Online App,Apple Pay,1
13915,1433,2025-01-17,Website,Apple Pay,1
13916,2247,2025-05-12,Website,Apple Pay,3
13917,2426,2025-09-21,Website,Credit Card,6
13918,2217,2025-05-12,Website,Cash on Delivery,6
13919,2773,2024-12-22,Online App,Cash on Delivery,7
13920,1355,2025-12-10,Online App,Apple Pay,1
13921,526,2025-04-30,Online App,Credit Card,1
13922,140,2024-08-19,Online App,Cash on Delivery,2
13923,759,2025-11-19,In-Store,Credit Card,1
13924,431,2025-05-09,Website,Cash on Delivery,1
13925,1680,2025-02-13,Website,Cash on Delivery,1
13926,567,2025-06-08,Online App,Credit Card,2
13927,119,2025-12-25,Online App,Tabby (BNPL),1
13928,112,2025-08-18,Website,Credit Card,2
13929,2506,2025-09-06,Online App,Credit Card,2
13930,1779,2025-12-12,Online App,Cash on Delivery,1
13931,1097,2025-12-01,In-Store,Credit Card,1
13932,2689,2024-10-27,Website,Credit Card,5
13933,205,2025-10-17,Website,Tabby (BNPL),5
13934,2943,2025-05-31,In-Store,Cash on Delivery,1
13935,1855,2025-11-25,Website,Apple Pay,3
13936,562,2025-07-12,Online App,Tabby (BNPL),1
13937,2044,2025-12-20,In-Store,Apple Pay,3
13938,2297,2025-11-26,Website,Cash on Delivery,1
13939,1300,2025-02-19,Online App,Credit Card,4
13940,2589,2025-03-30,Website,Cash on Delivery,1
13941,452,2025-06-06,Website,Credit Card,2
13942,846,2025-08-03,Online App,Tabby (BNPL),2
13943,272,2025-12-06,Website,Cash on Delivery,1
13944,651,2024-12-05,Online App,Tabby (BNPL),1
13945,736,2025-09-17,In-Store,Tabby (BNPL),1
13946,2753,2025-08-10,Online App,Apple Pay,4
13947,229,2025-12-13,Website,Tabby (BNPL),6
13948,1291,2025-11-04,Website,Tabby (BNPL),5
13949,1600,2025-09-24,Online App,Tabby (BNPL),1
13950,2698,2024-11-24,Website,Credit Card,1
13951,2995,2025-11-14,Online App,Tabby (BNPL),1
13952,2264,2025-04-15,Online App,Credit Card,1
13953,2917,2024-12-22,In-Store,Apple Pay,2
13954,2375,2025-12-25,Online App,Tabby (BNPL),2
13955,2896,2025-11-19,Online App,Tabby (BNPL),1
13956,2124,2024-04-22,In-Store,Apple Pay,4
13957,231,2025-11-07,Online App,Apple Pay,1
13958,1223,2025-12-11,Website,Credit Card,7
13959,1950,2025-08-29,Online App,Cash on Delivery,1
13960,1076,2025-06-18,Online App,Tabby (BNPL),1
13961,827,2025-11-07,In-Store,Tabby (BNPL),1
13962,1736,2025-11-25,Online App,Tabby (BNPL),6
13963,2800,2025-04-05,Online App,Credit Card,1
13964,111,2025-07-12,Online App,Cash on Delivery,1
13965,2320,2025-07-20,In-Store,Credit Card,2
13966,2167,2025-02-27,Online App,Cash on Delivery,1
13967,2899,2025-11-30,In-Store,Apple Pay,5
13968,2792,2024-12-15,In-Store,Credit Card,1
13969,2294,2025-10-12,Website,Credit Card,1
13970,1561,2025-05-11,Online App,Apple Pay,1
13971,627,2025-05-28,Website,Cash on Delivery,2
13972,1647,2025-02-21,Online App,Credit Card,2
13973,2304,2025-03-31,Online App,Credit Card,5
13974,2690,2025-07-31,Online App,Cash on Delivery,2
13975,2380,2025-07-02,Online App,Apple Pay,3
13976,599,2024-11-02,In-Store,Tabby (BNPL),7
13977,1804,2025-09-05,Website,Credit Card,1
13978,1016,2024-10-23,Website,Cash on Delivery,2
13979,26,2025-08-21,Online App,Credit Card,2
13980,612,2025-12-21,Online App,Apple Pay,1
13981,329,2024-06-04,Online App,Tabby (BNPL),3
13982,2531,2025-07-15,Online App,Tabby (BNPL),3
13983,789,2025-02-13,In-Store,Tabby (BNPL),2
13984,865,2025-12-20,Online App,Tabby (BNPL),1
13985,2885,2025-08-08,Online App,Tabby (BNPL),6
13986,1160,2025-12-03,Online App,Tabby (BNPL),5
13987,28,2025-09-03,Online App,Apple Pay,1
13988,862,2025-12-09,Online App,Tabby (BNPL),1
13989,348,2025-01-05,Website,Credit Card,3
13990,306,2025-06-05,Online App,Tabby (BNPL),5
13991,227,2025-12-29,In-Store,Tabby (BNPL),4
13992,1785,2025-12-18,Website,Cash on Delivery,1
13993,576,2025-11-01,In-Store,Tabby (BNPL),4
13994,1105,2025-07-27,Website,Apple Pay,1
13995,2590,2025-11-19,Website,Tabby (BNPL),1
13996,1281,2025-11-07,Website,Cash on Delivery,1
13997,2746,2025-11-30,Online App,Cash on Delivery,3
13998,1496,2025-01-10,Online App,Cash on Delivery,3
13999,1214,2024-02-02,In-Store,Cash on Delivery,2
14000,2255,2025-12-02,In-Store,Cash on Delivery,5
14001,214,2025-06-04,In-Store,Credit Card,1
14002,258,2025-11-21,Online App,Credit Card,7
14003,1967,2025-08-14,In-Store,Cash on Delivery,1
14004,1467,2025-04-21,Website,Apple Pay,1
14005,2383,2025-05-29,Website,Tabby (BNPL),1
14006,2748,2025-08-02,In-Store,Apple Pay,1
14007,1191,2025-08-27,In-Store,Credit Card,1
14008,1797,2025-05-16,Online App,Cash on Delivery,2
14009,1504,2025-12-06,Website,Cash on Delivery,1
14010,2949,2025-12-15,Online App,Apple Pay,3
14011,2503,2025-07-02,Online App,Credit Card,7
14012,2733,2025-12-05,Website,Tabby (BNPL),1
14013,778,2024-06-08,Online App,Tabby (BNPL),1
14014,2332,2025-02-26,Online App,Apple Pay,2
14015,808,2025-12-15,Online App,Apple Pay,2
14016,642,2025-03-30,Online App,Credit Card,1
14017,2833,2025-04-09,In-Store,Apple Pay,1
14018,62,2025-08-09,Online App,Apple Pay,2
14019,2903,2025-12-27,Online App,Tabby (BNPL),1
14020,448,2024-09-04,Online App,Apple Pay,2
14021,2469,2025-07-22,Website,Apple Pay,2
14022,838,2025-10-27,Website,Cash on Delivery,2
14023,1076,2025-10-21,Website,Tabby (BNPL),1
14024,667,2025-09-22,Website,Credit Card,1
14025,1760,2025-04-26,In-Store,Tabby (BNPL),3
14026,1069,2025-01-17,Website,Tabby (BNPL),6
14027,1983,2025-12-17,In-Store,Tabby (BNPL),3
14028,49,2024-08-28,Online App,Credit Card,2
14029,187,2024-05-21,In-Store,Cash on Delivery,2
14030,293,2024-04-10,Website,Credit Card,2
14031,1267,2025-06-17,Online App,Tabby (BNPL),1
14032,2458,2025-08-15,Website,Credit Card,1
14033,2672,2025-11-25,In-Store,Tabby (BNPL),1
14034,752,2025-07-11,Website,Apple Pay,1
14035,1728,2025-01-14,Website,Tabby (BNPL),7
14036,2317,2024-08-10,Online App,Tabby (BNPL),7
14037,880,2024-06-18,Website,Apple Pay,4
14038,1242,2025-08-06,Online App,Credit Card,2
14039,1577,2024-08-24,Website,Apple Pay,3
14040,401,2025-07-14,In-Store,Tabby (BNPL),1
14041,89,2025-11-25,Website,Tabby (BNPL),2
14042,461,2025-12-07,Online App,Credit Card,1
14043,1890,2025-05-16,Online App,Tabby (BNPL),2
14044,215,2025-02-21,Online App,Cash on Delivery,3
14045,578,2025-09-18,Online App,Credit Card,3
14046,1034,2025-10-15,Website,Apple Pay,1
14047,229,2025-09-28,Online App,Tabby (BNPL),6
14048,585,2025-10-27,In-Store,Cash on Delivery,1
14049,2732,2025-09-08,Online App,Tabby (BNPL),1
14050,62,2025-05-04,Online App,Apple Pay,2
14051,1970,2025-04-27,In-Store,Cash on Delivery,1
14052,1177,2025-10-07,Online App,Apple Pay,1
14053,2029,2025-08-19,In-Store,Tabby (BNPL),1
14054,1770,2025-10-18,In-Store,Apple Pay,1
14055,689,2024-11-30,Online App,Tabby (BNPL),2
14056,2547,2025-06-30,Online App,Apple Pay,6
14057,1479,2025-10-19,Website,Tabby (BNPL),4
14058,2479,2025-11-06,In-Store,Credit Card,3
14059,1233,2025-09-23,Online App,Credit Card,2
14060,2956,2025-11-19,Online App,Credit Card,2
14061,2325,2025-11-16,Online App,Tabby (BNPL),1
14062,2905,2025-03-10,Online App,Cash on Delivery,1
14063,1536,2024-12-30,Online App,Tabby (BNPL),1
14064,1433,2025-06-06,Website,Apple Pay,1
14065,2270,2025-11-19,Website,Cash on Delivery,1
14066,2648,2024-09-16,In-Store,Tabby (BNPL),1
14067,2899,2025-11-01,Website,Credit Card,5
14068,993,2025-05-13,Website,Credit Card,5
14069,2410,2025-09-15,Online App,Cash on Delivery,3
14070,650,2025-07-05,Online App,Cash on Delivery,3
14071,1648,2025-07-31,Website,Tabby (BNPL),2
14072,547,2025-12-10,In-Store,Tabby (BNPL),6
14073,1067,2024-05-23,Online App,Credit Card,6
14074,2793,2024-10-15,In-Store,Cash on Delivery,2
14075,439,2025-12-31,Website,Apple Pay,3
14076,1908,2025-08-29,Online App,Credit Card,2
14077,1784,2025-10-19,Online App,Apple Pay,7
14078,350,2024-10-17,Website,Credit Card,2
14079,997,2025-03-25,Website,Tabby (BNPL),1
14080,1694,2025-10-01,Online App,Credit Card,5
14081,570,2025-10-30,Online App,Cash on Delivery,1
14082,2416,2025-03-01,Online App,Credit Card,1
14083,2919,2024-10-22,Online App,Tabby (BNPL),2
14084,662,2025-11-09,Online App,Credit Card,2
14085,569,2024-07-13,Online App,Apple Pay,1
14086,1379,2025-10-29,Online App,Credit Card,7
14087,2251,2025-11-25,In-Store,Cash on Delivery,1
14088,854,2025-12-28,Online App,Credit Card,1
14089,65,2025-11-15,Online App,Credit Card,2
14090,1634,2025-08-28,Website,Tabby (BNPL),2
14091,2872,2025-02-18,Online App,Cash on Delivery,3
14092,1197,2025-12-29,Website,Credit Card,2
14093,1270,2025-12-10,Online App,Apple Pay,2
14094,2912,2025-09-05,In-Store,Credit Card,1
14095,2095,2025-08-22,In-Store,Tabby (BNPL),5
14096,2155,2025-11-18,Online App,Apple Pay,5
14097,1693,2025-12-04,Online App,Apple Pay,2
14098,2926,2025-07-02,Website,Cash on Delivery,2
14099,2075,2025-06-24,Online App,Cash on Delivery,1
14100,2690,2025-02-12,Online App,Tabby (BNPL),2
14101,2109,2025-11-30,Online App,Credit Card,1
14102,2211,2025-08-12,Website,Apple Pay,2
14103,882,2025-12-12,Online App,Cash on Delivery,3
14104,921,2024-08-13,Online App,Apple Pay,2
14105,2362,2024-10-04,Website,Tabby (BNPL),6
14106,902,2025-12-17,Online App,Apple Pay,1
14107,1693,2025-08-10,Online App,Tabby (BNPL),2
14108,767,2025-06-09,Online App,Credit Card,2
14109,2465,2025-07-22,In-Store,Apple Pay,6
14110,325,2025-01-19,Website,Apple Pay,3
14111,2497,2025-11-18,In-Store,Cash on Delivery,2
14112,1816,2024-06-03,Online App,Apple Pay,2
14113,569,2025-08-06,Online App,Cash on Delivery,1
14114,1637,2025-01-21,Website,Cash on Delivery,4
14115,856,2025-05-15,Online App,Credit Card,2
14116,988,2025-07-27,Website,Tabby (BNPL),3
14117,1078,2025-12-11,In-Store,Cash on Delivery,1
14118,183,2025-12-15,Online App,Credit Card,1
14119,2960,2024-07-21,Online App,Cash on Delivery,1
14120,104,2025-07-13,Website,Cash on Delivery,1
14121,1999,2025-12-25,Website,Credit Card,3
14122,1137,2025-12-06,Online App,Cash on Delivery,2
14123,1947,2025-10-18,Online App,Credit Card,2
14124,1092,2025-09-21,Online App,Apple Pay,1
14125,2032,2025-07-19,Online App,Cash on Delivery,3
14126,2189,2025-12-23,Online App,Credit Card,2
14127,2080,2025-08-06,Online App,Credit Card,2
14128,331,2024-09-16,Online App,Apple Pay,6
14129,1981,2025-11-11,Online App,Tabby (BNPL),2
14130,847,2024-10-03,In-Store,Tabby (BNPL),6
14131,95,2024-09-14,In-Store,Tabby (BNPL),3
14132,1254,2024-12-01,In-Store,Apple Pay,1
14133,1313,2025-02-15,Website,Apple Pay,1
14134,1416,2025-12-09,Online App,Cash on Delivery,1
14135,2118,2025-12-03,In-Store,Cash on Delivery,3
14136,938,2025-10-23,Online App,Tabby (BNPL),2
14137,961,2024-06-30,Online App,Credit Card,2
14138,174,2024-10-05,Website,Apple Pay,2
14139,2069,2024-11-07,Online App,Tabby (BNPL),2
14140,1711,2025-12-24,In-Store,Tabby (BNPL),1
14141,1073,2025-12-20,Online App,Cash on Delivery,2
14142,2119,2025-10-03,Online App,Tabby (BNPL),2
14143,1617,2025-10-27,Online App,Cash on Delivery,2
14144,1419,2025-12-31,Website,Credit Card,1
14145,1529,2025-04-05,Online App,Apple Pay,4
14146,1921,2024-12-06,In-Store,Tabby (BNPL),2
14147,1991,2025-12-26,Online App,Credit Card,1
14148,880,2025-01-03,Online App,Cash on Delivery,4
14149,422,2025-12-12,In-Store,Cash on Delivery,2
14150,472,2024-11-25,Online App,Tabby (BNPL),1
14151,1929,2025-06-29,Website,Cash on Delivery,1
14152,2627,2024-12-24,Online App,Cash on Delivery,2
14153,1242,2025-08-27,Website,Tabby (BNPL),2
14154,517,2025-12-20,Online App,Apple Pay,1
14155,2274,2025-10-20,Online App,Credit Card,2
14156,2509,2024-12-09,Website,Apple Pay,1
14157,2649,2025-03-09,Online App,Credit Card,2
14158,1828,2025-06-22,In-Store,Cash on Delivery,2
14159,2586,2025-12-15,Online App,Credit Card,6
14160,48,2025-05-27,Online App,Apple Pay,1
14161,318,2025-12-19,Website,Cash on Delivery,1
14162,269,2024-09-25,In-Store,Credit Card,4
14163,2140,2025-09-18,In-Store,Cash on Delivery,2
14164,203,2025-12-11,Website,Tabby (BNPL),2
14165,1493,2025-07-25,Online App,Cash on Delivery,2
14166,1430,2025-08-11,Online App,Tabby (BNPL),1
14167,945,2025-06-22,In-Store,Credit Card,2
14168,2618,2025-07-17,Online App,Cash on Delivery,1
14169,519,2025-07-12,Online App,Credit Card,2
14170,1080,2025-11-01,Online App,Tabby (BNPL),3
14171,2338,2025-11-15,In-Store,Cash on Delivery,1
14172,100,2025-07-17,Website,Tabby (BNPL),1
14173,2030,2024-12-23,Website,Tabby (BNPL),3
14174,2464,2025-06-13,In-Store,Tabby (BNPL),3
14175,2795,2025-03-23,Online App,Tabby (BNPL),1
14176,2640,2025-11-23,Online App,Cash on Delivery,6
14177,977,2025-11-01,Website,Tabby (BNPL),2
14178,1763,2024-08-25,Online App,Credit Card,6
14179,227,2025-12-29,Website,Cash on Delivery,4
14180,788,2025-08-14,Website,Cash on Delivery,4
14181,275,2025-07-26,Online App,Tabby (BNPL),1
14182,961,2025-04-15,Online App,Cash on Delivery,2
14183,2636,2025-12-25,Website,Tabby (BNPL),1
14184,1067,2024-03-28,Website,Apple Pay,6
14185,1692,2024-10-01,Online App,Apple Pay,2
14186,1313,2025-07-17,Online App,Apple Pay,1
14187,1394,2024-11-15,In-Store,Apple Pay,1
14188,2914,2025-08-14,Website,Tabby (BNPL),2
14189,901,2025-10-02,Website,Cash on Delivery,7
14190,1891,2025-12-08,Online App,Credit Card,4
14191,1269,2025-07-07,Online App,Apple Pay,2
14192,175,2025-07-19,Website,Tabby (BNPL),2
14193,1473,2025-11-30,In-Store,Cash on Delivery,2
14194,2454,2025-05-18,Website,Credit Card,1
14195,291,2024-11-01,Online App,Cash on Delivery,1
14196,203,2025-09-10,Online App,Cash on Delivery,2
14197,462,2024-11-07,Website,Cash on Delivery,4
14198,2299,2025-02-21,Online App,Tabby (BNPL),3
14199,2174,2025-12-24,Online App,Apple Pay,2
14200,1700,2024-07-02,Website,Apple Pay,3
14201,1417,2025-06-23,In-Store,Apple Pay,1
14202,2672,2025-02-24,Website,Credit Card,1
14203,2311,2025-07-01,Website,Credit Card,1
14204,2448,2025-11-09,Website,Cash on Delivery,2
14205,2454,2024-10-13,Website,Credit Card,1
14206,1935,2025-11-22,Online App,Credit Card,2
14207,1392,2025-06-30,Online App,Tabby (BNPL),2
14208,2599,2025-11-22,Online App,Cash on Delivery,2
14209,2773,2025-08-22,In-Store,Apple Pay,7
14210,80,2025-10-04,Online App,Cash on Delivery,5
14211,148,2025-12-20,Online App,Cash on Delivery,1
14212,2879,2025-08-16,In-Store,Tabby (BNPL),7
14213,841,2025-08-22,Website,Cash on Delivery,2
14214,2629,2025-02-21,Online App,Tabby (BNPL),3
14215,1192,2025-12-19,Online App,Credit Card,1
14216,348,2025-06-24,In-Store,Cash on Delivery,3
14217,232,2025-12-21,Online App,Apple Pay,1
14218,472,2025-02-08,Website,Apple Pay,1
14219,768,2025-05-03,Website,Apple Pay,2
14220,1472,2025-12-12,In-Store,Apple Pay,2
14221,2113,2025-07-10,Website,Credit Card,5
14222,2960,2025-11-25,In-Store,Credit Card,1
14223,1342,2025-06-14,In-Store,Cash on Delivery,1
14224,1553,2024-07-03,Online App,Apple Pay,1
14225,1567,2025-10-28,Website,Cash on Delivery,2
14226,1626,2024-07-21,Online App,Credit Card,4
14227,1551,2025-06-20,Website,Cash on Delivery,1
14228,25,2025-12-04,Website,Cash on Delivery,6
14229,7,2025-04-27,In-Store,Apple Pay,2
14230,286,2025-03-30,Online App,Tabby (BNPL),1
14231,300,2025-12-13,Online App,Tabby (BNPL),1
14232,2118,2025-06-30,Online App,Cash on Delivery,3
14233,631,2025-07-14,Website,Credit Card,1
14234,2689,2025-12-02,Online App,Credit Card,5
14235,2785,2025-05-13,Website,Apple Pay,5
14236,2929,2024-10-28,Online App,Apple Pay,2
14237,2815,2025-10-01,Online App,Cash on Delivery,4
14238,825,2025-04-09,In-Store,Tabby (BNPL),1
14239,1524,2025-08-22,In-Store,Credit Card,1
14240,532,2025-11-22,Online App,Cash on Delivery,2
14241,2433,2025-07-14,Website,Cash on Delivery,1
14242,2672,2025-11-15,Online App,Credit Card,1
14243,2558,2025-06-05,Online App,Credit Card,7
14244,1313,2025-10-19,Website,Tabby (BNPL),1
14245,2281,2025-12-12,Website,Cash on Delivery,2
14246,286,2025-04-16,In-Store,Credit Card,1
14247,120,2025-12-25,Online App,Cash on Delivery,2
14248,2264,2025-10-30,Online App,Cash on Delivery,1
14249,1285,2025-10-15,Website,Cash on Delivery,1
14250,2991,2025-12-31,Online App,Tabby (BNPL),1
14251,286,2024-11-07,In-Store,Apple Pay,1
14252,2572,2025-06-19,Website,Credit Card,2
14253,1449,2024-02-09,Website,Credit Card,1
14254,2492,2025-07-22,In-Store,Cash on Delivery,6
14255,2466,2025-12-12,In-Store,Tabby (BNPL),6
14256,2748,2025-11-21,Online App,Apple Pay,1
14257,907,2025-12-08,Online App,Credit Card,1
14258,2847,2025-02-07,Online App,Credit Card,1
14259,456,2025-06-02,Online App,Apple Pay,1
14260,239,2025-06-28,Online App,Credit Card,1
14261,1309,2025-04-07,Website,Cash on Delivery,3
14262,2495,2024-11-03,In-Store,Credit Card,1
14263,1432,2025-01-29,Website,Apple Pay,1
14264,2497,2025-12-02,Website,Cash on Delivery,2
14265,2189,2025-11-22,Online App,Apple Pay,2
14266,644,2025-11-23,Online App,Credit Card,4
14267,2846,2025-03-16,Online App,Cash on Delivery,1
14268,175,2025-07-24,Online App,Tabby (BNPL),2
14269,2696,2025-10-11,Online App,Apple Pay,2
14270,925,2024-07-19,Online App,Credit Card,1
14271,1504,2025-01-19,Online App,Cash on Delivery,1
14272,1276,2025-08-28,Website,Cash on Delivery,7
14273,524,2025-09-02,In-Store,Credit Card,1
14274,1097,2025-08-17,Online App,Apple Pay,1
14275,590,2025-09-27,Website,Credit Card,3
14276,626,2024-03-19,In-Store,Tabby (BNPL),1
14277,569,2024-10-15,Website,Apple Pay,1
14278,1473,2025-08-24,In-Store,Cash on Delivery,2
14279,2409,2025-10-30,Online App,Cash on Delivery,1
14280,1713,2025-07-05,Website,Tabby (BNPL),2
14281,2688,2025-01-23,Website,Credit Card,5
14282,1922,2025-09-28,Online App,Apple Pay,2
14283,2077,2024-10-09,In-Store,Apple Pay,4
14284,2013,2025-06-06,Website,Tabby (BNPL),1
14285,1362,2025-02-24,Website,Apple Pay,3
14286,2077,2025-03-06,In-Store,Cash on Delivery,4
14287,203,2025-04-21,Online App,Apple Pay,2
14288,2584,2025-03-29,Online App,Tabby (BNPL),2
14289,2347,2025-12-27,In-Store,Credit Card,2
14290,754,2025-11-13,Online App,Cash on Delivery,1
14291,2317,2025-11-16,Online App,Cash on Delivery,7
14292,36,2025-07-01,Online App,Cash on Delivery,5
14293,668,2025-11-16,Website,Credit Card,1
14294,188,2025-07-31,In-Store,Credit Card,3
14295,2356,2025-11-06,Online App,Cash on Delivery,2
14296,2272,2025-06-12,Online App,Credit Card,3
14297,2455,2025-03-22,Online App,Tabby (BNPL),2
14298,16,2025-07-30,Online App,Cash on Delivery,1
14299,1505,2025-03-04,Website,Apple Pay,2
14300,2118,2025-04-29,Website,Cash on Delivery,3
14301,467,2025-11-24,In-Store,Tabby (BNPL),1
14302,1961,2025-10-10,Online App,Apple Pay,6
14303,244,2025-12-19,Online App,Credit Card,1
14304,552,2025-12-15,Online App,Apple Pay,3
14305,1442,2025-11-05,Online App,Credit Card,2
14306,1970,2025-10-01,In-Store,Tabby (BNPL),1
14307,439,2025-10-29,Website,Tabby (BNPL),3
14308,568,2025-08-25,Website,Tabby (BNPL),1
14309,628,2025-03-04,Online App,Credit Card,2
14310,735,2025-10-02,In-Store,Apple Pay,7
14311,697,2025-12-14,Online App,Apple Pay,5
14312,1205,2025-09-28,Online App,Cash on Delivery,4
14313,1971,2025-11-07,Online App,Apple Pay,3
14314,1330,2024-09-23,In-Store,Apple Pay,1
14315,2343,2025-08-09,In-Store,Cash on Delivery,2
14316,2156,2025-11-16,Online App,Credit Card,3
14317,368,2025-05-26,Online App,Credit Card,1
14318,141,2024-11-19,Online App,Apple Pay,4
14319,2644,2025-10-02,Online App,Credit Card,5
14320,231,2025-12-24,Online App,Apple Pay,1
14321,446,2025-02-22,Website,Credit Card,1
14322,74,2025-12-06,Website,Apple Pay,6
14323,1893,2025-03-18,Online App,Tabby (BNPL),4
14324,1749,2025-07-07,In-Store,Credit Card,2
14325,2961,2025-09-10,In-Store,Credit Card,2
14326,2669,2025-08-22,Online App,Cash on Delivery,2
14327,1246,2025-06-09,In-Store,Cash on Delivery,1
14328,1138,2025-12-20,In-Store,Tabby (BNPL),1
14329,903,2024-11-18,Website,Cash on Delivery,1
14330,460,2025-09-10,Online App,Credit Card,7
14331,414,2025-04-21,Online App,Apple Pay,1
14332,391,2025-11-27,Website,Credit Card,1
14333,332,2025-11-11,Online App,Tabby (BNPL),1
14334,741,2025-12-20,Website,Apple Pay,2
14335,932,2025-09-24,In-Store,Apple Pay,2
14336,2891,2025-04-11,Online App,Cash on Delivery,1
14337,1737,2025-09-30,Online App,Tabby (BNPL),1
14338,2964,2024-11-29,Online App,Credit Card,1
14339,1142,2025-12-19,Online App,Credit Card,5
14340,1390,2024-07-02,Online App,Credit Card,4
14341,993,2025-12-12,Online App,Cash on Delivery,5
14342,559,2025-02-17,Website,Apple Pay,2
14343,431,2025-04-18,Online App,Credit Card,1
14344,2835,2025-12-01,In-Store,Credit Card,2
14345,2961,2025-09-22,Website,Cash on Delivery,2
14346,130,2025-06-23,In-Store,Apple Pay,5
14347,450,2025-02-12,Website,Cash on Delivery,1
14348,1279,2025-12-14,Website,Cash on Delivery,1
14349,569,2024-01-23,Online App,Cash on Delivery,1
14350,1112,2025-12-26,Online App,Tabby (BNPL),1
14351,379,2025-10-28,Online App,Apple Pay,6
14352,1386,2025-09-30,In-Store,Tabby (BNPL),1
14353,824,2025-12-30,In-Store,Apple Pay,4
14354,1079,2025-03-17,Online App,Credit Card,2
14355,275,2025-01-05,Online App,Cash on Delivery,1
14356,1295,2025-11-10,Online App,Credit Card,1
14357,2952,2025-11-24,Online App,Credit Card,4
14358,1006,2025-12-03,Online App,Apple Pay,2
14359,2641,2025-09-01,Website,Cash on Delivery,2
14360,2533,2025-08-09,Online App,Apple Pay,6
14361,2852,2025-12-30,Online App,Tabby (BNPL),1
14362,2382,2025-06-06,In-Store,Tabby (BNPL),1
14363,1990,2025-09-11,Website,Tabby (BNPL),3
14364,2574,2025-12-19,In-Store,Apple Pay,2
14365,223,2025-03-20,Online App,Apple Pay,3
14366,1406,2025-12-04,Website,Tabby (BNPL),2
14367,2969,2025-12-23,Website,Tabby (BNPL),2
14368,2320,2025-07-20,Website,Cash on Delivery,2
14369,2892,2025-06-30,Online App,Cash on Delivery,6
14370,2354,2024-10-29,Online App,Tabby (BNPL),2
14371,2634,2024-11-11,Online App,Tabby (BNPL),1
14372,2123,2024-03-30,Online App,Apple Pay,2
14373,2288,2025-12-02,Website,Credit Card,1
14374,1573,2025-12-18,Website,Credit Card,1
14375,2770,2025-11-08,Online App,Cash on Delivery,1
14376,2488,2024-10-12,Online App,Credit Card,6
14377,2536,2025-06-22,Online App,Cash on Delivery,4
14378,2031,2025-12-10,Online App,Tabby (BNPL),2
14379,926,2025-07-16,Online App,Credit Card,1
14380,111,2024-11-23,Online App,Tabby (BNPL),1
14381,2803,2025-11-09,Website,Apple Pay,1
14382,1761,2025-09-23,Online App,Credit Card,2
14383,907,2025-05-30,In-Store,Credit Card,1
14384,448,2025-01-15,Website,Tabby (BNPL),2
14385,2497,2025-10-15,Online App,Credit Card,2
14386,2514,2025-11-18,Website,Credit Card,5
14387,2458,2025-04-21,Online App,Apple Pay,1
14388,1945,2025-06-29,In-Store,Apple Pay,3
14389,1117,2025-08-23,Website,Credit Card,1
14390,925,2024-12-21,In-Store,Cash on Delivery,1
14391,25,2025-11-04,Online App,Cash on Delivery,6
14392,2511,2025-04-30,Website,Cash on Delivery,1
14393,255,2025-11-09,In-Store,Tabby (BNPL),3
14394,1901,2025-02-25,Website,Tabby (BNPL),3
14395,1511,2025-06-03,Online App,Credit Card,5
14396,1586,2025-07-25,Website,Apple Pay,3
14397,2776,2025-03-30,Online App,Credit Card,1
14398,105,2024-11-14,In-Store,Tabby (BNPL),1
14399,2334,2024-06-19,In-Store,Credit Card,1
14400,150,2025-06-08,Website,Tabby (BNPL),2
14401,118,2025-11-24,In-Store,Apple Pay,1
14402,1302,2024-04-10,Online App,Cash on Delivery,1
14403,181,2025-09-18,In-Store,Credit Card,4
14404,2379,2024-09-18,Online App,Apple Pay,1
14405,1592,2025-12-26,Online App,Tabby (BNPL),1
14406,96,2025-02-15,Website,Tabby (BNPL),2
14407,121,2025-11-28,Online App,Credit Card,2
14408,1845,2024-12-14,Online App,Cash on Delivery,1
14409,2433,2025-03-29,Website,Tabby (BNPL),1
14410,1330,2025-07-07,Online App,Apple Pay,1
14411,1669,2025-03-09,Online App,Apple Pay,1
14412,2412,2025-03-02,Online App,Cash on Delivery,2
14413,1839,2025-12-05,Online App,Credit Card,3
14414,692,2025-02-25,Online App,Tabby (BNPL),2
14415,1846,2025-06-13,Online App,Cash on Delivery,1
14416,1893,2025-12-24,Online App,Credit Card,4
14417,2207,2025-10-25,Online App,Cash on Delivery,5
14418,1872,2025-03-25,In-Store,Credit Card,2
14419,2912,2025-10-23,In-Store,Credit Card,1
14420,602,2025-12-09,In-Store,Apple Pay,2
14421,2850,2025-12-20,Online App,Credit Card,7
14422,1620,2025-03-03,In-Store,Apple Pay,6
14423,2027,2025-07-20,Website,Cash on Delivery,1
14424,292,2025-05-15,Website,Tabby (BNPL),1
14425,1165,2024-03-23,Website,Credit Card,2
14426,2320,2025-12-11,Online App,Credit Card,2
14427,2123,2024-11-06,Online App,Credit Card,2
14428,120,2025-12-21,Website,Credit Card,2
14429,1650,2025-08-11,Online App,Apple Pay,1
14430,256,2025-04-15,Online App,Apple Pay,3
14431,2991,2024-12-25,Online App,Cash on Delivery,1
14432,2694,2025-10-30,Online App,Tabby (BNPL),2
14433,70,2025-08-12,In-Store,Apple Pay,2
14434,2577,2025-11-11,Website,Credit Card,2
14435,2756,2025-09-06,Online App,Apple Pay,2
14436,1083,2024-08-17,Website,Cash on Delivery,3
14437,2157,2025-07-18,Online App,Credit Card,2
14438,1342,2025-02-20,Online App,Cash on Delivery,1
14439,1976,2025-03-15,Website,Apple Pay,2
14440,1043,2025-05-19,Website,Cash on Delivery,2
14441,987,2025-06-18,Online App,Credit Card,2
14442,1281,2025-05-08,Website,Tabby (BNPL),1
14443,438,2025-04-20,Website,Credit Card,3
14444,2504,2025-09-07,Website,Apple Pay,3
14445,1071,2025-12-12,In-Store,Credit Card,1
14446,1217,2025-06-09,Website,Cash on Delivery,1
14447,2689,2025-10-21,Website,Apple Pay,5
14448,1494,2025-09-26,Website,Credit Card,1
14449,1645,2025-11-24,Website,Apple Pay,4
14450,2871,2025-03-06,In-Store,Cash on Delivery,3
14451,2668,2025-12-21,In-Store,Tabby (BNPL),2
14452,517,2025-12-20,Website,Credit Card,1
14453,1431,2025-09-19,Online App,Apple Pay,2
14454,2919,2024-10-26,Website,Credit Card,2
14455,1142,2025-11-18,Website,Credit Card,5
14456,1138,2025-07-20,Online App,Cash on Delivery,1
14457,599,2024-12-25,Website,Credit Card,7
14458,333,2025-03-27,Website,Tabby (BNPL),1
14459,2226,2025-08-05,In-Store,Tabby (BNPL),1
14460,2323,2025-01-13,Website,Cash on Delivery,3
14461,2912,2025-10-23,Website,Credit Card,1
14462,2334,2025-06-28,Online App,Tabby (BNPL),1
14463,749,2025-01-26,Online App,Cash on Delivery,1
14464,120,2025-12-23,Online App,Apple Pay,2
14465,2958,2025-10-27,Website,Credit Card,1
14466,1044,2025-10-13,Website,Credit Card,2
14467,951,2025-11-10,Website,Cash on Delivery,3
14468,2717,2025-12-19,Website,Cash on Delivery,2
14469,1759,2025-11-04,Online App,Cash on Delivery,6
14470,662,2025-12-10,Online App,Tabby (BNPL),2
14471,2674,2025-12-15,Website,Tabby (BNPL),1
14472,2980,2025-10-31,Website,Cash on Delivery,2
14473,253,2025-06-21,Website,Tabby (BNPL),2
14474,2591,2025-12-04,Website,Tabby (BNPL),1
14475,1197,2025-10-27,Online App,Tabby (BNPL),2
14476,1577,2025-06-29,Online App,Credit Card,3
14477,2742,2025-05-05,Online App,Credit Card,2
14478,2923,2025-01-05,Online App,Apple Pay,5
14479,800,2025-12-11,In-Store,Cash on Delivery,1
14480,654,2025-09-23,Website,Cash on Delivery,1
14481,232,2025-12-30,Website,Credit Card,1
14482,1691,2025-10-31,Website,Apple Pay,1
14483,40,2024-11-03,In-Store,Apple Pay,1
14484,1248,2025-11-26,Online App,Cash on Delivery,1
14485,214,2025-04-12,Online App,Apple Pay,1
14486,1230,2025-08-28,Website,Tabby (BNPL),1
14487,120,2025-12-26,In-Store,Cash on Delivery,2
14488,2512,2025-11-27,Online App,Credit Card,2
14489,645,2025-09-01,In-Store,Credit Card,3
14490,1004,2025-11-23,Online App,Credit Card,2
14491,2616,2025-08-01,Website,Tabby (BNPL),2
14492,2247,2025-07-20,Online App,Credit Card,3
14493,675,2025-10-08,In-Store,Credit Card,3
14494,211,2025-11-07,Online App,Cash on Delivery,2
14495,2149,2025-07-10,In-Store,Credit Card,2
14496,1197,2025-11-27,Website,Credit Card,2
14497,2308,2025-10-02,Online App,Tabby (BNPL),1
14498,1352,2024-04-15,Online App,Credit Card,1
14499,1065,2025-12-10,In-Store,Apple Pay,2
14500,1370,2025-05-20,Online App,Credit Card,7
14501,2252,2025-12-18,Website,Cash on Delivery,1
14502,2710,2025-10-31,Online App,Cash on Delivery,1
14503,142,2024-12-22,Website,Credit Card,1
14504,1577,2025-04-03,Website,Cash on Delivery,3
14505,107,2025-01-19,Website,Cash on Delivery,3
14506,1417,2025-04-05,Website,Apple Pay,1
14507,2665,2025-11-07,Online App,Apple Pay,6
14508,1105,2025-07-18,Website,Tabby (BNPL),1
14509,2796,2025-05-04,Website,Apple Pay,6
14510,1901,2025-05-26,Online App,Credit Card,3
14511,2800,2025-05-15,Website,Cash on Delivery,1
14512,2276,2025-03-17,Website,Tabby (BNPL),4
14513,306,2025-07-15,Online App,Credit Card,5
14514,712,2025-07-07,Website,Credit Card,1
14515,1204,2025-12-22,Online App,Apple Pay,1
14516,519,2025-09-26,Website,Cash on Delivery,2
14517,1488,2025-08-30,Online App,Tabby (BNPL),1
14518,1427,2024-09-14,Website,Cash on Delivery,2
14519,2870,2025-12-16,Online App,Credit Card,3
14520,1313,2025-02-15,Website,Credit Card,1
14521,2370,2025-05-20,In-Store,Cash on Delivery,2
14522,2825,2025-10-26,In-Store,Cash on Delivery,6
14523,2643,2025-01-21,Online App,Tabby (BNPL),1
14524,641,2025-06-19,Online App,Credit Card,3
14525,1493,2025-06-10,Website,Apple Pay,2
14526,1068,2025-04-04,Online App,Tabby (BNPL),2
14527,1215,2025-10-20,Online App,Apple Pay,1
14528,1104,2024-12-26,Online App,Tabby (BNPL),1
14529,2491,2025-04-17,In-Store,Cash on Delivery,3
14530,1372,2025-10-03,In-Store,Apple Pay,7
14531,1576,2025-09-01,Website,Tabby (BNPL),2
14532,2950,2025-06-12,Online App,Cash on Delivery,1
14533,172,2025-06-09,Online App,Cash on Delivery,3
14534,1469,2024-09-22,Online App,Credit Card,1
14535,2337,2025-06-08,Online App,Tabby (BNPL),2
14536,453,2025-09-22,Online App,Credit Card,1
14537,1843,2025-08-02,In-Store,Credit Card,2
14538,738,2025-04-02,In-Store,Cash on Delivery,1
14539,2609,2025-12-22,In-Store,Apple Pay,2
14540,1001,2025-02-09,Website,Apple Pay,1
14541,1007,2025-12-11,Online App,Credit Card,2
14542,1802,2025-11-06,Website,Tabby (BNPL),1
14543,563,2024-08-03,Online App,Credit Card,2
14544,865,2025-12-01,Website,Tabby (BNPL),1
14545,1258,2025-12-06,Website,Cash on Delivery,1
14546,1084,2025-05-31,Online App,Apple Pay,2
14547,1581,2025-05-01,Online App,Tabby (BNPL),1
14548,1804,2025-01-16,Online App,Tabby (BNPL),1
14549,1707,2024-10-06,Online App,Tabby (BNPL),1
14550,1973,2024-11-05,In-Store,Tabby (BNPL),7
14551,936,2025-10-30,In-Store,Cash on Delivery,1
14552,368,2025-07-25,In-Store,Tabby (BNPL),1
14553,2289,2024-11-30,In-Store,Cash on Delivery,2
14554,2556,2024-09-09,Online App,Credit Card,3
14555,785,2025-04-08,Website,Credit Card,2
14556,1236,2025-07-18,Online App,Apple Pay,1
14557,1497,2025-05-04,In-Store,Tabby (BNPL),7
14558,1604,2025-11-12,In-Store,Cash on Delivery,6
14559,1990,2025-12-18,Website,Cash on Delivery,3
14560,123,2025-07-15,Website,Tabby (BNPL),2
14561,2165,2025-12-29,Website,Credit Card,2
14562,177,2024-08-02,Website,Cash on Delivery,2
14563,1417,2024-09-06,Online App,Credit Card,1
14564,2494,2025-11-05,In-Store,Cash on Delivery,1
14565,1370,2025-08-17,Online App,Apple Pay,7
14566,448,2024-08-08,Online App,Credit Card,2
14567,2957,2024-05-08,Online App,Credit Card,2
14568,2675,2025-12-06,Online App,Credit Card,2
14569,2330,2024-05-19,Website,Tabby (BNPL),4
14570,1247,2024-12-22,Website,Cash on Delivery,1
14571,564,2025-12-20,Online App,Credit Card,2
14572,2825,2025-09-04,In-Store,Credit Card,6
14573,1600,2025-11-06,Website,Cash on Delivery,1
14574,2563,2025-07-30,Website,Tabby (BNPL),3
14575,1049,2025-12-13,Online App,Apple Pay,1
14576,1027,2025-05-01,Online App,Tabby (BNPL),3
14577,2958,2025-08-27,Online App,Tabby (BNPL),1
14578,1567,2024-07-21,In-Store,Cash on Delivery,2
14579,422,2025-09-19,Website,Credit Card,2
14580,677,2025-07-05,Online App,Cash on Delivery,4
14581,1456,2025-11-04,Online App,Tabby (BNPL),1
14582,124,2025-10-19,Online App,Credit Card,7
14583,1405,2025-10-17,Online App,Tabby (BNPL),1
14584,1267,2025-12-08,In-Store,Tabby (BNPL),1
14585,2353,2025-06-20,Online App,Apple Pay,2
14586,1089,2025-11-24,Website,Tabby (BNPL),1
14587,2950,2024-07-23,Online App,Apple Pay,1
14588,552,2025-04-15,Online App,Apple Pay,3
14589,1777,2025-11-13,Website,Apple Pay,1
14590,258,2025-11-24,In-Store,Apple Pay,7
14591,2206,2025-02-10,In-Store,Tabby (BNPL),2
14592,2986,2025-04-06,Online App,Tabby (BNPL),1
14593,2468,2025-06-11,In-Store,Credit Card,1
14594,1674,2025-10-27,In-Store,Tabby (BNPL),1
14595,1460,2025-08-26,Online App,Cash on Delivery,1
14596,2512,2025-07-14,Online App,Apple Pay,2
14597,2804,2025-06-11,Website,Credit Card,4
14598,2969,2025-03-18,Website,Credit Card,2
14599,1207,2025-01-18,Website,Credit Card,1
14600,2973,2025-02-19,In-Store,Credit Card,3
14601,469,2025-09-28,Online App,Cash on Delivery,6
14602,776,2025-05-03,Online App,Credit Card,1
14603,256,2025-08-21,In-Store,Cash on Delivery,3
14604,824,2025-12-31,Online App,Apple Pay,4
14605,2316,2025-03-28,In-Store,Apple Pay,1
14606,2565,2025-04-08,In-Store,Cash on Delivery,1
14607,2352,2025-12-18,In-Store,Apple Pay,1
14608,1901,2025-01-04,Online App,Apple Pay,3
14609,1536,2025-02-02,Online App,Tabby (BNPL),1
14610,2128,2024-12-04,Online App,Credit Card,1
14611,1197,2025-11-07,Online App,Cash on Delivery,2
14612,2530,2025-10-02,Website,Cash on Delivery,3
14613,2040,2025-12-24,In-Store,Cash on Delivery,1
14614,2103,2024-12-07,In-Store,Tabby (BNPL),3
14615,1612,2025-12-14,Online App,Cash on Delivery,2
14616,2665,2025-02-09,Online App,Apple Pay,6
14617,770,2025-11-13,Online App,Credit Card,2
14618,1168,2025-06-06,Website,Credit Card,2
14619,2347,2025-12-25,Online App,Cash on Delivery,2
14620,1482,2024-05-10,Website,Credit Card,1
14621,2674,2024-08-01,Online App,Apple Pay,1
14622,1065,2025-09-08,Website,Credit Card,2
14623,1130,2025-03-16,Online App,Cash on Delivery,1
14624,2673,2024-04-18,Website,Apple Pay,3
14625,1409,2025-06-18,In-Store,Tabby (BNPL),2
14626,1544,2025-07-28,Online App,Credit Card,4
14627,1017,2024-07-07,In-Store,Apple Pay,2
14628,840,2025-10-17,In-Store,Cash on Delivery,1
14629,1978,2025-05-29,Online App,Apple Pay,3
14630,348,2024-12-23,Online App,Apple Pay,3
14631,2647,2025-11-19,Online App,Tabby (BNPL),1
14632,2352,2025-12-26,Website,Credit Card,1
14633,582,2025-08-15,In-Store,Credit Card,2
14634,2093,2024-12-23,Online App,Apple Pay,2
14635,1816,2025-11-12,Website,Tabby (BNPL),2
14636,567,2025-08-22,Online App,Cash on Delivery,2
14637,826,2025-07-09,Online App,Apple Pay,1
14638,1242,2025-06-10,Online App,Tabby (BNPL),2
14639,2108,2025-09-18,Online App,Cash on Delivery,5
14640,1927,2025-09-02,Online App,Credit Card,2
14641,1599,2025-04-27,Online App,Tabby (BNPL),1
14642,2317,2025-06-29,Online App,Apple Pay,7
14643,2278,2025-07-17,Online App,Cash on Delivery,4
14644,1861,2025-04-18,In-Store,Cash on Delivery,2
14645,2374,2024-09-22,Website,Cash on Delivery,1
14646,1022,2024-12-09,Online App,Apple Pay,2
14647,2650,2025-10-04,In-Store,Credit Card,6
14648,1850,2025-12-31,Website,Cash on Delivery,2
14649,2478,2025-05-19,Online App,Cash on Delivery,5
14650,1650,2025-11-06,Online App,Tabby (BNPL),1
14651,672,2025-11-22,Online App,Apple Pay,1
14652,1638,2025-05-04,Online App,Apple Pay,1
14653,1137,2025-12-13,Website,Tabby (BNPL),2
14654,2103,2025-04-06,Website,Tabby (BNPL),3
14655,1442,2025-04-10,Online App,Tabby (BNPL),2
14656,2514,2025-12-18,Website,Cash on Delivery,5
14657,2042,2025-10-21,Online App,Cash on Delivery,2
14658,2064,2024-09-22,Online App,Apple Pay,3
14659,668,2025-10-12,Online App,Credit Card,1
14660,2954,2025-12-31,Online App,Credit Card,2
14661,2530,2025-10-19,Online App,Credit Card,3
14662,2379,2025-10-26,Website,Credit Card,1
14663,1012,2025-11-21,In-Store,Tabby (BNPL),3
14664,1611,2025-11-16,Online App,Cash on Delivery,1
14665,410,2025-10-20,Online App,Apple Pay,1
14666,1621,2025-07-07,Online App,Cash on Delivery,4
14667,439,2025-11-11,Website,Credit Card,3
14668,1665,2025-12-06,Online App,Apple Pay,1
14669,1958,2025-12-16,Online App,Tabby (BNPL),1
14670,1195,2025-10-28,Online App,Apple Pay,1
14671,1497,2025-03-14,In-Store,Credit Card,7
14672,2638,2025-11-04,In-Store,Tabby (BNPL),1
14673,321,2025-04-30,Online App,Credit Card,1
14674,2386,2024-03-05,Online App,Tabby (BNPL),1
14675,520,2025-03-23,Online App,Credit Card,1
14676,116,2025-10-10,Online App,Cash on Delivery,1
14677,568,2025-08-15,Website,Credit Card,1
14678,2302,2025-08-19,Online App,Tabby (BNPL),1
14679,1229,2025-05-01,In-Store,Apple Pay,3
14680,2626,2025-11-25,Online App,Apple Pay,5
14681,1580,2025-12-18,Website,Cash on Delivery,5
14682,75,2025-09-10,Online App,Apple Pay,5
14683,2152,2025-07-14,Online App,Tabby (BNPL),1
14684,325,2025-06-06,Online App,Apple Pay,3
14685,2380,2025-11-14,Online App,Tabby (BNPL),3
14686,515,2025-08-24,In-Store,Tabby (BNPL),5
14687,1064,2024-10-06,Online App,Cash on Delivery,1
14688,2291,2025-09-10,Online App,Credit Card,3
14689,2862,2025-10-26,Website,Cash on Delivery,1
14690,1137,2025-09-18,Online App,Tabby (BNPL),2
14691,2497,2025-06-14,Online App,Tabby (BNPL),2
14692,582,2025-12-21,Online App,Tabby (BNPL),2
14693,2435,2025-11-07,Online App,Tabby (BNPL),2
14694,1984,2025-08-11,Online App,Apple Pay,1
14695,589,2024-09-30,Website,Apple Pay,6
14696,920,2025-09-16,Online App,Cash on Delivery,3
14697,388,2025-12-30,Online App,Credit Card,2
14698,1171,2025-12-30,Online App,Cash on Delivery,2
14699,625,2025-12-25,Online App,Apple Pay,2
14700,1940,2025-12-12,Website,Cash on Delivery,2
14701,2985,2025-09-11,Online App,Apple Pay,2
14702,35,2025-03-02,Online App,Cash on Delivery,6
14703,1634,2025-05-07,Online App,Apple Pay,2
14704,1726,2025-08-10,Online App,Apple Pay,1
14705,2741,2024-04-26,Website,Cash on Delivery,1
14706,1515,2025-10-06,Online App,Credit Card,1
14707,1642,2025-09-20,In-Store,Apple Pay,1
14708,1427,2025-08-30,Website,Apple Pay,2
14709,817,2025-12-30,Website,Cash on Delivery,1
14710,161,2025-09-30,Website,Apple Pay,1
14711,1240,2024-09-05,Online App,Tabby (BNPL),3
14712,152,2025-10-16,Online App,Credit Card,1
14713,1659,2025-03-06,Website,Credit Card,1
14714,935,2025-10-16,Website,Cash on Delivery,1
14715,1605,2025-09-12,Online App,Cash on Delivery,1
14716,398,2025-06-25,In-Store,Credit Card,6
14717,2797,2025-02-24,In-Store,Tabby (BNPL),2
14718,2689,2024-04-26,Website,Credit Card,5
14719,579,2025-12-08,Website,Cash on Delivery,4
14720,1053,2025-07-10,Online App,Apple Pay,1
14721,1848,2025-09-15,Website,Apple Pay,2
14722,282,2025-02-23,Online App,Cash on Delivery,2
14723,1088,2025-12-27,Website,Cash on Delivery,5
14724,769,2025-12-15,Online App,Tabby (BNPL),6
14725,2746,2025-11-18,Online App,Credit Card,3
14726,2564,2025-09-18,Online App,Tabby (BNPL),2
14727,1741,2025-07-16,Online App,Cash on Delivery,7
14728,1561,2025-07-23,Online App,Cash on Delivery,1
14729,2792,2025-01-09,Online App,Tabby (BNPL),1
14730,2796,2025-10-12,Website,Apple Pay,6
14731,2912,2025-11-27,Online App,Tabby (BNPL),1
14732,364,2025-07-23,In-Store,Cash on Delivery,5
14733,486,2025-12-15,Website,Credit Card,1
14734,2038,2025-11-25,Online App,Tabby (BNPL),3
14735,1635,2025-06-13,Website,Tabby (BNPL),3
14736,57,2024-09-08,Online App,Tabby (BNPL),1
14737,177,2025-08-04,Website,Credit Card,2
14738,2672,2024-09-18,Online App,Apple Pay,1
14739,2614,2025-11-18,Online App,Tabby (BNPL),1
14740,1095,2025-05-22,Website,Cash on Delivery,1
14741,2679,2025-10-01,Online App,Tabby (BNPL),3
14742,1786,2025-05-18,In-Store,Apple Pay,2
14743,2431,2025-06-28,In-Store,Tabby (BNPL),2
14744,1291,2025-10-23,Online App,Cash on Delivery,5
14745,329,2024-06-04,Online App,Credit Card,3
14746,1313,2025-09-01,Online App,Cash on Delivery,1
14747,1389,2025-12-11,Online App,Credit Card,1
14748,1659,2025-11-09,In-Store,Credit Card,1
14749,312,2025-02-03,Online App,Credit Card,4
14750,2974,2025-05-19,Website,Tabby (BNPL),3
14751,751,2025-07-24,Online App,Apple Pay,2
14752,606,2025-01-03,Online App,Credit Card,1
14753,1587,2025-07-18,Online App,Apple Pay,5
14754,1616,2025-12-24,In-Store,Credit Card,1
14755,1336,2025-11-21,Online App,Credit Card,2
14756,2331,2025-10-08,Online App,Tabby (BNPL),2
14757,1547,2025-08-23,Online App,Tabby (BNPL),1
14758,1837,2025-07-28,Online App,Cash on Delivery,1
14759,2173,2025-11-19,Online App,Cash on Delivery,1
14760,85,2025-02-07,In-Store,Tabby (BNPL),1
14761,1715,2024-03-26,Online App,Credit Card,3
14762,2663,2025-12-12,Online App,Tabby (BNPL),7
14763,54,2025-03-18,Online App,Credit Card,7
14764,1230,2025-11-01,Online App,Apple Pay,1
14765,2774,2025-12-31,Website,Cash on Delivery,7
14766,1081,2025-03-22,Online App,Credit Card,2
14767,1394,2025-01-01,Website,Credit Card,1
14768,2949,2025-12-12,Online App,Apple Pay,3
14769,609,2025-06-24,Online App,Apple Pay,2
14770,189,2025-09-25,Online App,Apple Pay,2
14771,2582,2025-06-13,Website,Tabby (BNPL),4
14772,2614,2024-10-25,Online App,Apple Pay,1
14773,1428,2025-08-17,Website,Credit Card,1
14774,1536,2025-11-04,Online App,Tabby (BNPL),1
14775,2514,2025-11-27,In-Store,Apple Pay,5
14776,2222,2024-10-05,In-Store,Credit Card,2
14777,806,2025-04-08,Online App,Tabby (BNPL),1
14778,54,2024-10-17,Online App,Tabby (BNPL),7
14779,1448,2025-11-14,Online App,Cash on Delivery,5
14780,2579,2025-12-31,Website,Apple Pay,3
14781,2690,2025-05-25,Online App,Credit Card,2
14782,2870,2025-09-08,Online App,Cash on Delivery,3
14783,2647,2025-10-18,Online App,Tabby (BNPL),1
14784,1742,2025-09-18,Online App,Credit Card,1
14785,1350,2025-12-25,Online App,Apple Pay,1
14786,2339,2025-06-06,Website,Apple Pay,6
14787,2225,2025-11-11,Online App,Cash on Delivery,2
14788,1619,2024-10-11,Online App,Credit Card,7
14789,255,2025-06-22,Website,Apple Pay,3
14790,2773,2024-09-02,Online App,Tabby (BNPL),7
14791,1382,2025-06-02,Website,Tabby (BNPL),1
14792,1112,2025-12-30,Online App,Tabby (BNPL),1
14793,1897,2025-11-22,Website,Credit Card,2
14794,2032,2025-10-02,Online App,Tabby (BNPL),3
14795,650,2025-05-29,Website,Tabby (BNPL),3
14796,2516,2025-09-22,Online App,Credit Card,2
14797,881,2025-08-19,In-Store,Apple Pay,3
14798,569,2025-04-22,Online App,Tabby (BNPL),1
14799,1235,2024-11-10,Online App,Cash on Delivery,2
14800,2194,2025-10-15,Website,Apple Pay,1
14801,2903,2025-09-30,Website,Cash on Delivery,1
14802,2440,2025-09-04,In-Store,Tabby (BNPL),1
14803,2821,2024-04-30,Online App,Apple Pay,1
14804,422,2025-08-04,In-Store,Tabby (BNPL),2
14805,208,2025-07-19,Website,Tabby (BNPL),4
14806,1679,2025-09-24,Online App,Credit Card,2
14807,882,2025-11-06,Online App,Apple Pay,3
14808,2494,2025-12-03,Online App,Tabby (BNPL),1
14809,2027,2025-07-12,Website,Credit Card,1
14810,2917,2024-11-25,Online App,Apple Pay,2
14811,780,2025-10-15,Website,Tabby (BNPL),1
14812,1462,2025-06-23,Online App,Credit Card,3
14813,1505,2025-05-22,Website,Tabby (BNPL),2
14814,737,2025-11-19,Website,Cash on Delivery,3
14815,1773,2025-09-24,Website,Apple Pay,3
14816,1349,2024-01-24,Online App,Tabby (BNPL),4
14817,1355,2025-01-31,Online App,Apple Pay,1
14818,1109,2025-09-12,Website,Credit Card,1
14819,54,2025-12-23,Online App,Tabby (BNPL),7
14820,1569,2025-12-22,Online App,Apple Pay,2
14821,1027,2025-07-24,Website,Apple Pay,3
14822,6,2025-11-24,In-Store,Apple Pay,1
14823,937,2024-05-27,Online App,Tabby (BNPL),2
14824,845,2024-04-16,Online App,Cash on Delivery,2
14825,1201,2025-11-13,Online App,Tabby (BNPL),1
14826,388,2025-07-17,In-Store,Apple Pay,2
14827,1521,2025-11-22,Online App,Apple Pay,1
14828,2088,2024-08-10,Online App,Tabby (BNPL),3
14829,1898,2025-06-24,Website,Credit Card,1
14830,2423,2025-10-27,In-Store,Tabby (BNPL),2
14831,1372,2024-12-25,In-Store,Cash on Delivery,7
14832,1557,2024-10-01,In-Store,Credit Card,2
14833,2444,2025-01-31,In-Store,Apple Pay,7
14834,1292,2025-03-28,Website,Cash on Delivery,2
14835,2114,2025-04-13,Online App,Apple Pay,2
14836,1316,2025-07-29,Online App,Cash on Delivery,1
14837,1264,2024-11-09,Online App,Cash on Delivery,1
14838,2287,2025-05-04,Website,Cash on Delivery,1
14839,530,2025-12-08,Website,Cash on Delivery,1
14840,1037,2025-01-09,Online App,Credit Card,1
14841,690,2025-10-18,Online App,Cash on Delivery,2
14842,1100,2025-09-12,Online App,Tabby (BNPL),6
14843,711,2025-12-19,Online App,Tabby (BNPL),1
14844,1740,2025-05-31,Online App,Credit Card,5
14845,2409,2025-07-06,Website,Tabby (BNPL),1
14846,2372,2025-12-28,Website,Cash on Delivery,1
14847,1114,2025-02-06,Website,Cash on Delivery,2
14848,2968,2025-12-16,Online App,Apple Pay,2
14849,1787,2025-01-10,Website,Tabby (BNPL),1
14850,1214,2025-04-23,Online App,Cash on Delivery,2
14851,2513,2025-11-12,In-Store,Cash on Delivery,5
14852,2190,2024-10-05,Online App,Tabby (BNPL),3
14853,2253,2025-12-25,In-Store,Apple Pay,2
14854,600,2025-07-25,Online App,Apple Pay,3
14855,1417,2024-06-20,In-Store,Cash on Delivery,1
14856,2590,2025-11-18,Online App,Tabby (BNPL),1
14857,1511,2025-06-21,Online App,Cash on Delivery,5
14858,2062,2025-12-07,Website,Tabby (BNPL),7
14859,1769,2025-01-06,In-Store,Credit Card,1
14860,2531,2025-01-18,Website,Tabby (BNPL),3
14861,864,2025-11-24,Online App,Tabby (BNPL),7
14862,1730,2025-07-05,Online App,Apple Pay,3
14863,358,2025-02-26,Online App,Cash on Delivery,2
14864,2080,2025-12-20,Website,Credit Card,2
14865,2199,2025-12-30,Online App,Tabby (BNPL),2
14866,124,2025-11-16,Website,Apple Pay,7
14867,2037,2025-09-02,In-Store,Credit Card,6
14868,1253,2025-08-28,Online App,Apple Pay,5
14869,359,2025-10-30,In-Store,Credit Card,6
14870,1269,2025-10-26,In-Store,Tabby (BNPL),2
14871,594,2025-02-05,Online App,Credit Card,2
14872,1254,2025-07-22,Online App,Apple Pay,1
14873,1177,2025-12-02,Website,Apple Pay,1
14874,2222,2024-10-01,In-Store,Tabby (BNPL),2
14875,2338,2025-11-27,Website,Apple Pay,1
14876,1828,2025-07-06,In-Store,Credit Card,2
14877,76,2025-05-27,Online App,Cash on Delivery,3
14878,2793,2024-06-13,Online App,Apple Pay,2
14879,2068,2025-10-08,In-Store,Apple Pay,1
14880,109,2025-11-28,Online App,Apple Pay,2
14881,2468,2025-10-21,Online App,Tabby (BNPL),1
14882,613,2024-10-12,Online App,Credit Card,1
14883,1739,2025-10-21,In-Store,Cash on Delivery,1
14884,1415,2025-12-30,Online App,Credit Card,2
14885,1268,2025-08-02,Online App,Cash on Delivery,1
14886,2675,2025-09-10,Online App,Credit Card,2
14887,1330,2025-05-07,Website,Cash on Delivery,1
14888,222,2025-10-26,Online App,Credit Card,2
14889,2838,2025-10-25,Online App,Cash on Delivery,6
14890,2759,2025-12-11,Online App,Credit Card,1
14891,2064,2025-02-26,In-Store,Credit Card,3
14892,1417,2025-02-03,Website,Credit Card,1
14893,270,2025-10-21,Online App,Apple Pay,2
14894,2384,2025-02-11,In-Store,Tabby (BNPL),2
14895,222,2025-12-30,Online App,Credit Card,2
14896,200,2025-03-02,Online App,Credit Card,1
14897,1617,2025-11-22,Online App,Cash on Delivery,2
14898,486,2025-12-16,Online App,Apple Pay,1
14899,23,2024-04-02,In-Store,Tabby (BNPL),1
14900,1278,2025-10-12,In-Store,Tabby (BNPL),1
14901,411,2025-10-09,In-Store,Tabby (BNPL),2
14902,486,2025-12-21,Online App,Credit Card,1
14903,226,2025-12-10,Online App,Tabby (BNPL),6
14904,631,2025-11-06,Website,Cash on Delivery,1
14905,2149,2025-09-27,Website,Tabby (BNPL),2
14906,2439,2025-05-23,Online App,Credit Card,2
14907,1373,2025-08-30,Online App,Cash on Delivery,1
14908,1516,2025-06-26,Online App,Credit Card,7
14909,106,2025-09-16,Online App,Apple Pay,7
14910,203,2025-04-15,In-Store,Credit Card,2
14911,787,2025-11-04,In-Store,Apple Pay,3
14912,1643,2025-10-06,Online App,Tabby (BNPL),1
14913,2224,2024-10-09,Online App,Credit Card,1
14914,1821,2025-12-26,Online App,Tabby (BNPL),5
14915,1200,2025-03-26,Online App,Tabby (BNPL),2
14916,344,2025-07-03,In-Store,Tabby (BNPL),3
14917,2358,2024-04-04,Website,Credit Card,1
14918,1112,2025-12-17,Website,Credit Card,1
14919,2214,2024-10-01,Website,Cash on Delivery,5
14920,1534,2025-04-23,In-Store,Tabby (BNPL),1
14921,2223,2025-09-22,Online App,Tabby (BNPL),2
14922,2720,2025-02-14,Online App,Credit Card,5
14923,2761,2025-10-14,Online App,Cash on Delivery,4
14924,1611,2025-11-03,Website,Tabby (BNPL),1
14925,1529,2025-12-27,In-Store,Credit Card,4
14926,809,2025-04-28,Website,Apple Pay,1
14927,2803,2025-01-04,Online App,Tabby (BNPL),1
14928,1392,2025-06-02,Online App,Cash on Delivery,2
14929,372,2025-09-27,Online App,Cash on Delivery,1
14930,1311,2025-05-29,Online App,Apple Pay,7
14931,371,2024-11-09,Online App,Tabby (BNPL),1
14932,1507,2025-12-06,Online App,Cash on Delivery,2
14933,1689,2025-12-29,Online App,Apple Pay,1
14934,1034,2025-10-10,Online App,Tabby (BNPL),1
14935,211,2025-10-07,Website,Credit Card,2
14936,2830,2025-10-19,Online App,Tabby (BNPL),3
14937,2334,2024-04-11,Website,Apple Pay,1
14938,2523,2024-10-07,Online App,Cash on Delivery,2
14939,1120,2025-10-09,Online App,Apple Pay,2
14940,2290,2025-09-23,Online App,Tabby (BNPL),1
14941,1460,2025-11-05,Online App,Credit Card,1
14942,616,2025-07-06,Website,Cash on Delivery,1
14943,360,2025-11-26,Website,Tabby (BNPL),2
14944,1062,2025-12-19,Website,Apple Pay,1
14945,413,2025-12-16,Online App,Apple Pay,3
14946,2997,2024-10-04,Website,Tabby (BNPL),5
14947,141,2025-09-02,Website,Credit Card,4
14948,1341,2025-11-26,Online App,Tabby (BNPL),1
14949,1372,2025-10-09,Online App,Credit Card,7
14950,916,2025-06-11,Online App,Credit Card,3
14951,1717,2025-12-10,Online App,Apple Pay,1
14952,450,2025-10-05,Website,Apple Pay,1
14953,2365,2025-02-28,Website,Apple Pay,1
14954,1017,2025-10-04,Online App,Apple Pay,2
14955,1778,2025-09-17,Online App,Cash on Delivery,3
14956,2149,2025-03-02,Online App,Cash on Delivery,2
14957,2674,2025-02-02,Website,Cash on Delivery,1
14958,2513,2025-11-27,Website,Credit Card,5
14959,1831,2025-12-09,Online App,Tabby (BNPL),2
14960,1191,2024-06-13,Website,Cash on Delivery,1
14961,1509,2025-04-05,In-Store,Cash on Delivery,5
14962,2319,2025-11-28,Website,Apple Pay,3
14963,2644,2025-11-24,Website,Credit Card,5
14964,308,2025-04-28,Website,Apple Pay,5
14965,1179,2025-12-12,Online App,Apple Pay,3
14966,2344,2025-07-16,In-Store,Cash on Delivery,6
14967,1309,2025-01-07,Online App,Cash on Delivery,3
14968,1016,2024-06-18,In-Store,Tabby (BNPL),2
14969,1246,2025-03-06,Website,Credit Card,1
14970,1816,2025-10-16,Online App,Cash on Delivery,2
14971,2999,2025-12-23,Online App,Apple Pay,1
14972,1482,2025-12-04,In-Store,Apple Pay,1
14973,640,2025-12-09,In-Store,Credit Card,2
14974,495,2025-12-25,Online App,Apple Pay,1
14975,124,2025-12-17,Website,Cash on Delivery,7
14976,1681,2025-09-27,Online App,Tabby (BNPL),1
14977,1646,2025-04-27,Online App,Credit Card,3
14978,632,2025-05-28,Online App,Cash on Delivery,3
14979,2096,2025-01-05,In-Store,Apple Pay,1
14980,2229,2024-01-09,Online App,Tabby (BNPL),2
14981,792,2025-01-12,In-Store,Cash on Delivery,3
14982,1056,2025-03-07,Website,Apple Pay,3
14983,2973,2025-02-11,In-Store,Credit Card,3
14984,1149,2025-12-24,Online App,Apple Pay,5
14985,2289,2024-10-31,In-Store,Apple Pay,2
14986,1374,2025-08-24,Website,Credit Card,1
14987,2393,2025-12-02,Online App,Apple Pay,2
14988,2319,2025-11-17,Website,Tabby (BNPL),3
14989,2013,2025-05-20,Online App,Cash on Delivery,1
14990,2569,2025-03-24,In-Store,Apple Pay,1
14991,2816,2025-05-15,Online App,Tabby (BNPL),3
14992,1741,2025-12-03,Website,Cash on Delivery,7
14993,734,2025-07-21,Online App,Tabby (BNPL),1
14994,1213,2025-09-07,Online App,Cash on Delivery,3
14995,2279,2024-12-08,Online App,Credit Card,1
14996,1963,2025-12-05,Website,Cash on Delivery,1
14997,542,2025-12-12,In-Store,Credit Card,5
14998,146,2025-07-08,In-Store,Apple Pay,2
14999,2059,2025-11-10,Online App,Credit Card,3
15000,769,2025-05-28,Online App,Cash on Delivery,6
15001,1501,2025-10-20,Online App,Cash on Delivery,1
15002,2248,2024-10-07,Website,Tabby (BNPL),2
15003,1693,2025-07-30,Online App,Credit Card,2
15004,242,2025-07-30,Website,Apple Pay,3
15005,568,2025-12-03,Online App,Apple Pay,1
15006,676,2025-10-27,In-Store,Credit Card,1
15007,788,2024-06-18,In-Store,Cash on Delivery,4
15008,1702,2025-07-22,Online App,Cash on Delivery,1
15009,1511,2025-06-19,In-Store,Credit Card,5
15010,623,2025-11-07,Online App,Apple Pay,1
15011,197,2024-11-07,Website,Credit Card,1
15012,522,2025-11-15,Online App,Credit Card,1
15013,2955,2025-11-25,In-Store,Credit Card,1
15014,1417,2025-08-20,Website,Credit Card,1
15015,2609,2025-05-20,Online App,Tabby (BNPL),2
15016,2552,2025-12-08,Online App,Apple Pay,1
15017,1529,2025-10-27,Online App,Tabby (BNPL),4
15018,2123,2025-01-21,Online App,Tabby (BNPL),2
15019,589,2024-03-18,Online App,Tabby (BNPL),6
15020,2075,2025-11-06,Website,Cash on Delivery,1
15021,825,2024-10-21,In-Store,Cash on Delivery,1
15022,2507,2025-08-21,Website,Tabby (BNPL),3
15023,244,2025-11-08,Online App,Cash on Delivery,1
15024,2333,2025-08-30,Website,Credit Card,2
15025,294,2025-12-05,Online App,Apple Pay,7
15026,2650,2024-01-31,Online App,Tabby (BNPL),6
15027,925,2025-10-28,Website,Apple Pay,1
15028,1973,2025-12-18,In-Store,Apple Pay,7
15029,1469,2024-09-05,Online App,Cash on Delivery,1
15030,1118,2025-02-17,Online App,Apple Pay,2
15031,1946,2025-07-30,Online App,Apple Pay,2
15032,2841,2025-11-26,Online App,Tabby (BNPL),2
15033,122,2025-09-29,Online App,Tabby (BNPL),1
15034,2755,2025-04-11,Online App,Tabby (BNPL),2
15035,1835,2025-06-11,Website,Tabby (BNPL),1
15036,2436,2025-03-08,In-Store,Cash on Delivery,1
15037,1175,2025-12-30,Online App,Tabby (BNPL),3
15038,1428,2025-08-08,Website,Credit Card,1
15039,2614,2025-08-20,Online App,Tabby (BNPL),1
15040,1254,2024-09-04,In-Store,Tabby (BNPL),1
15041,1609,2024-10-10,Online App,Apple Pay,1
15042,67,2025-07-10,In-Store,Cash on Delivery,2
15043,478,2024-12-15,Online App,Tabby (BNPL),1
15044,1934,2025-12-31,Website,Credit Card,3
15045,2153,2025-12-13,Website,Tabby (BNPL),1
15046,1750,2025-06-09,Online App,Cash on Delivery,4
15047,431,2024-08-22,Online App,Cash on Delivery,1
15048,1352,2025-01-16,Online App,Credit Card,1
15049,1090,2024-07-04,Website,Credit Card,6
15050,1492,2025-09-04,Online App,Credit Card,1
15051,2618,2025-12-09,Website,Apple Pay,1
15052,2343,2025-06-19,Website,Credit Card,2
15053,244,2025-06-01,Online App,Cash on Delivery,1
15054,2677,2025-11-19,Website,Apple Pay,3
15055,1428,2025-11-06,In-Store,Apple Pay,1
15056,2241,2025-09-28,Website,Credit Card,5
15057,419,2025-12-02,Online App,Tabby (BNPL),1
15058,2023,2025-12-22,Website,Credit Card,1
15059,728,2024-06-04,Website,Credit Card,1
15060,1331,2024-12-23,Online App,Tabby (BNPL),3
15061,54,2025-05-28,Online App,Tabby (BNPL),7
15062,456,2025-04-19,Online App,Credit Card,1
15063,266,2025-12-11,In-Store,Cash on Delivery,1
15064,738,2024-06-07,Online App,Cash on Delivery,1
15065,295,2025-10-06,Online App,Cash on Delivery,5
15066,2086,2025-01-03,Online App,Cash on Delivery,1
15067,96,2025-04-14,Website,Tabby (BNPL),2
15068,1861,2025-08-19,Online App,Cash on Delivery,2
15069,422,2025-04-20,Website,Apple Pay,2
15070,2835,2025-05-04,Website,Apple Pay,2
15071,2798,2025-05-09,Online App,Tabby (BNPL),1
15072,692,2025-07-14,Online App,Cash on Delivery,2
15073,1849,2025-07-13,Online App,Cash on Delivery,3
15074,94,2025-12-14,Online App,Apple Pay,1
15075,2794,2025-07-13,Website,Apple Pay,5
15076,1572,2024-08-23,Online App,Cash on Delivery,1
15077,125,2025-11-23,Online App,Cash on Delivery,1
15078,1049,2025-10-23,In-Store,Apple Pay,1
15079,226,2025-10-20,Online App,Cash on Delivery,6
15080,1200,2025-06-17,Online App,Apple Pay,2
15081,2020,2025-02-13,Website,Credit Card,1
15082,1421,2025-03-23,Website,Tabby (BNPL),1
15083,1175,2025-12-25,Website,Apple Pay,3
15084,348,2025-02-14,Online App,Apple Pay,3
15085,753,2025-09-10,Online App,Apple Pay,2
15086,295,2025-09-20,Online App,Credit Card,5
15087,2437,2024-07-03,Website,Tabby (BNPL),3
15088,403,2025-03-28,Website,Credit Card,3
15089,1794,2025-12-13,In-Store,Cash on Delivery,1
15090,1051,2025-07-08,Online App,Apple Pay,2
15091,694,2025-08-19,In-Store,Cash on Delivery,1
15092,1929,2025-02-11,In-Store,Cash on Delivery,1
15093,1388,2025-12-29,Online App,Cash on Delivery,1
15094,1217,2024-09-20,Website,Apple Pay,1
15095,1783,2025-09-03,Online App,Cash on Delivery,3
15096,1478,2025-12-18,Online App,Cash on Delivery,2
15097,921,2024-09-17,Online App,Apple Pay,2
15098,1682,2025-09-03,Website,Tabby (BNPL),3
15099,2018,2025-09-30,Online App,Apple Pay,2
15100,90,2024-06-13,Online App,Cash on Delivery,1
15101,1414,2025-09-30,Online App,Cash on Delivery,3
15102,164,2025-09-02,Website,Cash on Delivery,2
15103,569,2024-04-28,Online App,Credit Card,1
15104,1685,2024-10-17,Website,Credit Card,2
15105,2605,2024-05-29,Online App,Tabby (BNPL),2
15106,2656,2025-10-17,Online App,Cash on Delivery,2
15107,205,2025-07-26,Online App,Tabby (BNPL),5
15108,1267,2024-05-23,Online App,Apple Pay,1
15109,1752,2024-12-11,Online App,Credit Card,1
15110,443,2024-12-18,Website,Apple Pay,1
15111,2304,2025-04-25,In-Store,Credit Card,5
15112,2241,2025-11-05,Website,Credit Card,5
15113,2712,2025-03-13,Online App,Tabby (BNPL),7
15114,25,2025-08-11,In-Store,Cash on Delivery,6
15115,667,2025-10-03,Website,Cash on Delivery,1
15116,2492,2025-08-04,Online App,Cash on Delivery,6
15117,2022,2024-11-22,Website,Apple Pay,3
15118,2689,2024-10-02,Online App,Cash on Delivery,5
15119,164,2024-07-02,Online App,Cash on Delivery,2
15120,1798,2025-04-08,Online App,Credit Card,1
15121,1713,2025-06-18,Online App,Apple Pay,2
15122,111,2025-02-11,Online App,Credit Card,1
15123,1535,2025-05-29,Online App,Tabby (BNPL),1
15124,1836,2025-10-13,Online App,Cash on Delivery,1
15125,583,2025-10-04,Online App,Cash on Delivery,1
15126,827,2025-12-19,Website,Cash on Delivery,1
15127,1930,2025-10-27,Online App,Tabby (BNPL),6
15128,1417,2024-07-18,In-Store,Cash on Delivery,1
15129,2575,2025-02-07,Website,Cash on Delivery,1
15130,1049,2025-10-11,Online App,Credit Card,1
15131,812,2025-10-16,Online App,Tabby (BNPL),5
15132,2957,2024-06-12,Online App,Apple Pay,2
15133,2732,2025-03-01,Online App,Credit Card,1
15134,95,2025-12-19,Website,Cash on Delivery,3
15135,2327,2024-12-21,Website,Cash on Delivery,1
15136,325,2024-03-07,In-Store,Credit Card,3
15137,92,2025-12-19,Website,Credit Card,1
15138,829,2025-03-18,In-Store,Cash on Delivery,1
15139,820,2024-11-14,Online App,Tabby (BNPL),5
15140,2468,2025-12-25,Website,Tabby (BNPL),1
15141,2134,2025-10-11,In-Store,Credit Card,1
15142,2949,2025-12-11,Online App,Credit Card,3
15143,2138,2025-12-20,Website,Tabby (BNPL),1
15144,1266,2025-05-01,Online App,Credit Card,1
15145,2106,2025-12-28,Website,Credit Card,4
15146,2999,2025-12-31,Online App,Cash on Delivery,1
15147,2133,2024-11-02,Website,Tabby (BNPL),3
15148,2293,2025-11-06,Website,Credit Card,4
15149,2813,2025-11-02,Website,Tabby (BNPL),4
15150,329,2025-07-25,Online App,Tabby (BNPL),3
15151,2117,2025-07-14,Online App,Apple Pay,7
15152,2556,2025-12-07,Website,Cash on Delivery,3
15153,2863,2025-12-23,Online App,Cash on Delivery,1
15154,651,2024-11-24,In-Store,Apple Pay,1
15155,1511,2025-09-08,In-Store,Apple Pay,5
15156,2049,2025-07-08,In-Store,Tabby (BNPL),1
15157,760,2025-04-12,Online App,Tabby (BNPL),3
15158,1809,2025-05-26,In-Store,Credit Card,3
15159,787,2025-03-13,Online App,Credit Card,3
15160,1019,2025-06-12,Website,Credit Card,5
15161,1342,2024-08-08,In-Store,Apple Pay,1
15162,1591,2024-11-09,Online App,Credit Card,3
15163,1362,2024-11-11,In-Store,Apple Pay,3
15164,1483,2025-12-16,Online App,Apple Pay,2
15165,908,2024-11-21,Website,Apple Pay,3
15166,480,2025-12-27,Website,Apple Pay,1
15167,138,2024-10-03,Website,Apple Pay,2
15168,600,2025-03-24,Online App,Tabby (BNPL),3
15169,1749,2025-12-20,Online App,Cash on Delivery,2
15170,2371,2025-10-25,Website,Apple Pay,3
15171,516,2025-07-05,In-Store,Cash on Delivery,1
15172,321,2025-12-25,Online App,Cash on Delivery,1
15173,2253,2025-12-25,Website,Apple Pay,2
15174,927,2025-09-05,Online App,Credit Card,2
15175,2850,2025-12-15,Website,Credit Card,7
15176,2147,2025-08-15,Website,Credit Card,2
15177,999,2025-10-08,Online App,Apple Pay,3
15178,881,2024-04-28,Online App,Credit Card,3
15179,1576,2025-09-11,Online App,Credit Card,2
15180,230,2024-10-07,Website,Apple Pay,1
15181,342,2025-11-14,Online App,Cash on Delivery,1
15182,534,2025-08-24,Website,Tabby (BNPL),1
15183,2339,2025-08-07,Online App,Apple Pay,6
15184,1536,2025-01-07,Website,Tabby (BNPL),1
15185,31,2025-12-21,In-Store,Cash on Delivery,4
15186,2032,2024-06-14,Website,Cash on Delivery,3
15187,1280,2025-07-13,Online App,Cash on Delivery,2
15188,1528,2025-12-09,Website,Tabby (BNPL),1
15189,659,2025-08-08,Online App,Cash on Delivery,2
15190,1661,2025-09-08,Online App,Tabby (BNPL),1
15191,2939,2025-12-28,Online App,Credit Card,1
15192,214,2025-05-29,Online App,Apple Pay,1
15193,862,2025-11-19,Online App,Credit Card,1
15194,748,2025-11-04,Online App,Credit Card,1
15195,764,2024-05-02,Website,Cash on Delivery,2
15196,1160,2025-10-10,Online App,Tabby (BNPL),5
15197,2467,2025-06-11,Online App,Apple Pay,4
15198,2737,2025-08-25,Website,Cash on Delivery,2
15199,619,2025-08-19,Website,Cash on Delivery,6
15200,1639,2025-11-27,Online App,Credit Card,1
15201,1923,2025-03-15,Website,Tabby (BNPL),1
15202,1567,2025-09-14,In-Store,Cash on Delivery,2
15203,1315,2025-10-11,Website,Tabby (BNPL),2
15204,587,2025-12-04,Website,Apple Pay,3
15205,1470,2025-09-08,In-Store,Credit Card,4
15206,1220,2025-07-08,Website,Tabby (BNPL),4
15207,2400,2025-11-09,In-Store,Cash on Delivery,2
15208,2298,2025-11-09,Online App,Cash on Delivery,2
15209,397,2025-07-21,Online App,Cash on Delivery,5
15210,256,2025-09-05,Website,Credit Card,3
15211,2724,2025-12-17,In-Store,Cash on Delivery,7
15212,1611,2025-12-26,In-Store,Apple Pay,1
15213,2575,2024-08-04,Online App,Tabby (BNPL),1
15214,166,2025-09-06,Online App,Credit Card,2
15215,1586,2025-09-22,Online App,Cash on Delivery,3
15216,1626,2024-06-10,Website,Apple Pay,4
15217,2586,2025-12-22,Online App,Credit Card,6
15218,286,2024-11-14,In-Store,Apple Pay,1
15219,741,2025-10-05,In-Store,Apple Pay,2
15220,1235,2025-08-15,Online App,Credit Card,2
15221,2604,2025-03-14,Online App,Apple Pay,3
15222,2815,2025-11-11,Website,Apple Pay,4
15223,2979,2025-11-23,Website,Tabby (BNPL),2
15224,2881,2025-10-21,Website,Apple Pay,6
15225,19,2025-11-24,Online App,Tabby (BNPL),2
15226,140,2024-05-17,Online App,Cash on Delivery,2
15227,445,2025-07-07,Online App,Tabby (BNPL),1
15228,1071,2025-02-11,Website,Tabby (BNPL),1
15229,2499,2025-08-21,In-Store,Credit Card,3
15230,2685,2025-03-27,Website,Apple Pay,3
15231,569,2025-01-16,Online App,Tabby (BNPL),1
15232,1867,2024-11-17,Online App,Cash on Delivery,2
15233,2752,2025-08-27,Website,Cash on Delivery,1
15234,1407,2025-09-22,Online App,Credit Card,1
15235,307,2025-01-27,Online App,Tabby (BNPL),3
15236,1391,2024-12-27,In-Store,Credit Card,2
15237,1152,2025-10-01,Online App,Tabby (BNPL),3
15238,1736,2025-10-23,Online App,Credit Card,6
15239,1331,2025-05-04,Online App,Tabby (BNPL),3
15240,54,2025-01-28,In-Store,Apple Pay,7
15241,2984,2025-10-05,Online App,Tabby (BNPL),2
15242,1641,2024-04-20,Online App,Credit Card,1
15243,1433,2024-10-19,In-Store,Credit Card,1
15244,2863,2025-10-27,Website,Apple Pay,1
15245,469,2025-11-11,Online App,Cash on Delivery,6
15246,576,2025-08-29,In-Store,Cash on Delivery,4
15247,2438,2025-11-06,Online App,Tabby (BNPL),2
15248,796,2024-02-22,Website,Tabby (BNPL),2
15249,2410,2025-04-04,In-Store,Cash on Delivery,3
15250,823,2025-06-18,Online App,Cash on Delivery,1
15251,107,2025-11-12,Online App,Apple Pay,3
15252,1547,2025-08-26,Online App,Cash on Delivery,1
15253,602,2025-12-04,Website,Apple Pay,2
15254,2278,2025-08-30,Website,Apple Pay,4
15255,1934,2025-11-09,In-Store,Credit Card,3
15256,2768,2025-12-25,Online App,Tabby (BNPL),5
15257,2362,2025-09-29,Online App,Credit Card,6
15258,552,2025-11-04,Website,Tabby (BNPL),3
15259,2414,2025-04-06,In-Store,Credit Card,3
15260,1934,2025-10-05,Website,Cash on Delivery,3
15261,2016,2025-12-21,Website,Credit Card,2
15262,2508,2025-02-19,Website,Apple Pay,5
15263,1726,2025-02-10,In-Store,Apple Pay,1
15264,1415,2025-12-22,Website,Apple Pay,2
15265,1922,2024-06-22,Online App,Tabby (BNPL),2
15266,907,2025-09-13,In-Store,Tabby (BNPL),1
15267,557,2025-06-22,Online App,Cash on Delivery,1
15268,1856,2025-06-12,In-Store,Tabby (BNPL),1
15269,721,2025-12-20,In-Store,Tabby (BNPL),1
15270,231,2025-12-17,Online App,Tabby (BNPL),1
15271,3,2024-06-17,Website,Credit Card,1
15272,1831,2025-12-16,In-Store,Credit Card,2
15273,1107,2025-06-11,Online App,Apple Pay,1
15274,2263,2025-08-14,Online App,Credit Card,5
15275,1150,2025-01-21,In-Store,Credit Card,6
15276,1464,2025-07-08,Website,Tabby (BNPL),2
15277,1236,2025-08-25,Website,Apple Pay,1
15278,1962,2024-04-02,Website,Credit Card,1
15279,1092,2025-09-20,Online App,Cash on Delivery,1
15280,2898,2025-01-28,Online App,Tabby (BNPL),1
15281,2805,2025-08-17,Online App,Tabby (BNPL),1
15282,2549,2025-09-10,Online App,Tabby (BNPL),1
15283,2759,2025-06-21,Website,Credit Card,1
15284,1361,2025-10-10,Website,Tabby (BNPL),2
15285,1614,2025-11-30,Website,Credit Card,2
15286,2233,2025-12-31,Online App,Credit Card,1
15287,2099,2025-12-25,Online App,Cash on Delivery,1
15288,2679,2025-11-01,In-Store,Tabby (BNPL),3
15289,2150,2025-10-22,Website,Credit Card,2
15290,2996,2025-12-04,Online App,Credit Card,5
15291,1071,2025-06-26,Online App,Credit Card,1
15292,2510,2025-10-16,Website,Tabby (BNPL),1
15293,2103,2025-06-30,Online App,Tabby (BNPL),3
15294,2085,2025-10-22,Online App,Credit Card,2
15295,997,2025-10-25,Website,Credit Card,1
15296,2370,2025-09-15,Online App,Cash on Delivery,2
15297,2703,2025-11-16,Website,Cash on Delivery,2
15298,673,2025-05-31,Website,Tabby (BNPL),2
15299,1885,2024-11-13,Website,Tabby (BNPL),2
15300,1200,2025-03-06,Online App,Apple Pay,2
15301,2970,2025-07-16,Website,Tabby (BNPL),1
15302,1447,2025-12-31,Online App,Apple Pay,1
15303,702,2025-12-23,In-Store,Cash on Delivery,2
15304,1168,2025-07-26,Website,Cash on Delivery,2
15305,1971,2025-08-20,Online App,Cash on Delivery,3
15306,224,2025-09-01,Online App,Tabby (BNPL),2
15307,1817,2025-12-24,Online App,Credit Card,1
15308,2793,2025-10-15,In-Store,Cash on Delivery,2
15309,2556,2025-11-28,In-Store,Tabby (BNPL),3
15310,197,2025-01-26,Online App,Tabby (BNPL),1
15311,2981,2025-02-14,Online App,Tabby (BNPL),1
15312,2105,2025-12-25,Website,Credit Card,4
15313,492,2025-04-02,Website,Apple Pay,2
15314,36,2025-03-28,Online App,Tabby (BNPL),5
15315,521,2025-04-21,Online App,Cash on Delivery,2
15316,2521,2025-12-06,Online App,Apple Pay,3
15317,71,2025-08-18,Online App,Apple Pay,3
15318,718,2025-11-24,Website,Cash on Delivery,1
15319,2276,2025-03-31,Online App,Tabby (BNPL),4
15320,1761,2025-11-16,Website,Tabby (BNPL),2
15321,2362,2025-03-07,Online App,Credit Card,6
15322,2247,2025-07-19,Online App,Cash on Delivery,3
15323,144,2025-10-05,Website,Credit Card,6
15324,2684,2025-05-05,Online App,Credit Card,5
15325,698,2025-11-28,Online App,Credit Card,4
15326,1665,2025-07-27,Online App,Cash on Delivery,1
15327,1942,2025-09-12,Online App,Credit Card,2
15328,516,2024-09-05,In-Store,Apple Pay,1
15329,2929,2024-05-21,Website,Tabby (BNPL),2
15330,1470,2024-09-11,Website,Credit Card,4
15331,164,2025-02-19,Website,Apple Pay,2
15332,2811,2025-12-07,Website,Cash on Delivery,4
15333,1762,2025-11-28,Website,Apple Pay,3
15334,2108,2025-12-25,In-Store,Apple Pay,5
15335,1582,2025-11-02,Online App,Credit Card,1
15336,2512,2025-08-11,Online App,Tabby (BNPL),2
15337,107,2025-05-23,Website,Credit Card,3
15338,816,2025-12-16,Online App,Cash on Delivery,1
15339,1421,2024-03-25,Online App,Credit Card,1
15340,225,2025-06-03,Online App,Tabby (BNPL),1
15341,2122,2024-11-24,Online App,Tabby (BNPL),1
15342,1202,2025-02-09,Online App,Tabby (BNPL),1
15343,825,2024-08-11,Online App,Apple Pay,1
15344,12,2025-12-11,Website,Tabby (BNPL),7
15345,2159,2024-08-10,Website,Apple Pay,3
15346,2511,2025-08-01,Online App,Apple Pay,1
15347,1205,2025-11-28,Online App,Tabby (BNPL),4
15348,1697,2025-09-19,Online App,Credit Card,1
15349,700,2025-07-17,Online App,Credit Card,2
15350,1876,2025-07-26,In-Store,Tabby (BNPL),7
15351,36,2025-11-30,Website,Credit Card,5
15352,1472,2025-04-29,Online App,Credit Card,2
15353,1941,2025-11-10,Website,Apple Pay,6
15354,2753,2024-12-10,Website,Apple Pay,4
15355,1168,2025-08-28,Website,Cash on Delivery,2
15356,2303,2025-12-29,Website,Cash on Delivery,2
15357,1800,2025-12-29,Online App,Tabby (BNPL),6
15358,2778,2024-12-18,Online App,Cash on Delivery,1
15359,1213,2025-11-04,Online App,Credit Card,3
15360,975,2025-04-09,Website,Tabby (BNPL),6
15361,2670,2025-03-17,Online App,Apple Pay,5
15362,141,2025-11-03,Website,Credit Card,4
15363,408,2025-10-04,Online App,Credit Card,1
15364,241,2025-12-16,Online App,Apple Pay,3
15365,2532,2025-07-15,In-Store,Credit Card,1
15366,31,2025-12-18,Online App,Credit Card,4
15367,2589,2025-01-05,In-Store,Tabby (BNPL),1
15368,1370,2024-11-18,Online App,Credit Card,7
15369,15,2025-11-11,Website,Apple Pay,1
15370,1222,2024-08-07,Website,Credit Card,1
15371,569,2025-02-08,Website,Cash on Delivery,1
15372,1882,2025-05-16,In-Store,Credit Card,2
15373,2045,2025-01-16,Online App,Tabby (BNPL),1
15374,1469,2024-12-23,Website,Credit Card,1
15375,122,2025-11-21,Online App,Cash on Delivery,1
15376,1979,2025-11-15,Website,Cash on Delivery,3
15377,2530,2025-04-20,In-Store,Apple Pay,3
15378,2162,2025-06-08,Online App,Credit Card,6
15379,2499,2024-11-20,Online App,Tabby (BNPL),3
15380,614,2025-12-29,In-Store,Apple Pay,1
15381,2674,2025-05-14,Online App,Tabby (BNPL),1
15382,987,2025-09-22,Online App,Cash on Delivery,2
15383,39,2025-12-19,In-Store,Tabby (BNPL),1
15384,2534,2025-09-13,In-Store,Apple Pay,2
15385,2825,2025-01-31,Website,Cash on Delivery,6
15386,1976,2025-12-19,Website,Tabby (BNPL),2
15387,713,2025-02-18,Online App,Apple Pay,7
15388,770,2024-09-04,Website,Cash on Delivery,2
15389,1415,2025-12-02,Website,Cash on Delivery,2
15390,2695,2024-11-07,Online App,Cash on Delivery,2
15391,449,2025-12-05,Online App,Apple Pay,1
15392,2490,2025-08-16,Website,Tabby (BNPL),1
15393,887,2025-10-15,Online App,Cash on Delivery,5
15394,2439,2024-12-23,In-Store,Tabby (BNPL),2
15395,2759,2025-06-03,In-Store,Credit Card,1
15396,1291,2025-09-26,Website,Tabby (BNPL),5
15397,1116,2025-10-22,Website,Credit Card,1
15398,2420,2025-04-16,Online App,Cash on Delivery,1
15399,1592,2025-12-04,Online App,Cash on Delivery,1
15400,2064,2024-11-04,Online App,Credit Card,3
15401,1878,2025-09-21,Online App,Cash on Delivery,2
15402,461,2025-11-13,Online App,Credit Card,1
15403,2540,2025-02-06,Online App,Tabby (BNPL),1
15404,599,2025-03-25,Online App,Cash on Delivery,7
15405,2795,2025-11-11,Website,Tabby (BNPL),1
15406,768,2025-05-25,Online App,Apple Pay,2
15407,2206,2024-12-12,Online App,Cash on Delivery,2
15408,865,2025-12-29,Online App,Cash on Delivery,1
15409,970,2025-09-20,Website,Credit Card,7
15410,943,2025-01-21,In-Store,Apple Pay,3
15411,2251,2025-10-04,In-Store,Apple Pay,1
15412,1677,2025-12-17,Online App,Tabby (BNPL),6
15413,2656,2025-04-16,Website,Credit Card,2
15414,935,2025-10-11,Online App,Cash on Delivery,1
15415,2086,2024-04-23,In-Store,Credit Card,1
15416,2264,2025-05-25,Online App,Cash on Delivery,1
15417,455,2025-10-05,Online App,Credit Card,1
15418,1218,2025-12-23,In-Store,Apple Pay,4
15419,1457,2025-10-23,Website,Credit Card,1
15420,1092,2025-11-21,Online App,Cash on Delivery,1
15421,987,2025-05-06,Online App,Credit Card,2
15422,2068,2025-06-06,Online App,Tabby (BNPL),1
15423,664,2025-10-29,Website,Cash on Delivery,3
15424,2130,2025-12-16,Online App,Tabby (BNPL),2
15425,2801,2025-11-23,Website,Cash on Delivery,2
15426,1701,2025-12-22,Online App,Apple Pay,4
15427,1843,2025-10-11,In-Store,Apple Pay,2
15428,202,2024-08-05,In-Store,Credit Card,4
15429,2599,2025-08-03,Online App,Tabby (BNPL),2
15430,867,2025-03-27,Online App,Tabby (BNPL),1
15431,1850,2025-12-30,Website,Apple Pay,2
15432,2939,2025-12-31,Online App,Credit Card,1
15433,1794,2025-11-16,Website,Cash on Delivery,1
15434,2178,2025-09-22,Online App,Credit Card,1
15435,1352,2025-07-08,Website,Tabby (BNPL),1
15436,173,2025-08-02,Online App,Credit Card,2
15437,2407,2025-05-02,Online App,Tabby (BNPL),4
15438,111,2025-08-09,Website,Cash on Delivery,1
15439,2112,2025-12-08,In-Store,Credit Card,2
15440,77,2024-10-05,In-Store,Credit Card,3
15441,2591,2025-10-06,Online App,Credit Card,1
15442,474,2025-09-16,Website,Apple Pay,1
15443,1536,2025-04-07,Online App,Apple Pay,1
15444,1799,2025-12-29,In-Store,Tabby (BNPL),4
15445,1390,2025-01-24,In-Store,Tabby (BNPL),4
15446,1044,2025-11-08,Website,Tabby (BNPL),2
15447,1417,2025-05-18,Website,Tabby (BNPL),1
15448,948,2025-12-06,Online App,Credit Card,1
15449,1330,2025-04-20,Online App,Apple Pay,1
15450,1099,2024-03-05,Website,Cash on Delivery,1
15451,1705,2025-11-04,Online App,Cash on Delivery,1
15452,734,2025-11-21,In-Store,Apple Pay,1
15453,2968,2025-12-12,Online App,Apple Pay,2
15454,1504,2025-03-30,Online App,Apple Pay,1
15455,594,2025-07-26,Online App,Tabby (BNPL),2
15456,1445,2024-09-01,In-Store,Credit Card,1
15457,2606,2024-12-28,Online App,Cash on Delivery,1
15458,72,2025-05-25,Online App,Apple Pay,5
15459,2045,2025-12-01,Online App,Cash on Delivery,1
15460,1652,2025-09-12,Website,Tabby (BNPL),1
15461,518,2025-01-22,Online App,Apple Pay,4
15462,2466,2025-06-06,Website,Apple Pay,6
15463,1129,2025-10-26,Online App,Credit Card,1
15464,893,2025-09-29,Online App,Apple Pay,2
15465,2494,2025-11-21,Online App,Tabby (BNPL),1
15466,1927,2025-07-31,Online App,Cash on Delivery,2
15467,2696,2025-10-25,Online App,Cash on Delivery,2
15468,1898,2025-02-13,Website,Tabby (BNPL),1
15469,2228,2025-04-09,In-Store,Cash on Delivery,1
15470,2514,2025-12-29,Online App,Cash on Delivery,5
15471,158,2025-04-13,Online App,Credit Card,2
15472,2344,2025-09-21,Website,Credit Card,6
15473,1848,2025-07-02,Website,Tabby (BNPL),2
15474,203,2025-09-03,Online App,Tabby (BNPL),2
15475,1523,2025-05-20,Website,Apple Pay,1
15476,241,2025-12-17,Online App,Credit Card,3
15477,2214,2025-11-07,Website,Cash on Delivery,5
15478,1650,2025-08-09,In-Store,Apple Pay,1
15479,2860,2024-06-24,In-Store,Apple Pay,3
15480,560,2025-01-15,Online App,Cash on Delivery,6
15481,1825,2025-08-10,Online App,Apple Pay,1
15482,652,2025-09-08,In-Store,Credit Card,1
15483,1848,2025-05-27,Online App,Tabby (BNPL),2
15484,2167,2025-12-23,Online App,Apple Pay,1
15485,2167,2025-03-29,In-Store,Cash on Delivery,1
15486,2458,2024-10-07,Online App,Apple Pay,1
15487,2565,2024-12-10,Website,Credit Card,1
15488,227,2025-12-30,Website,Credit Card,4
15489,1052,2025-11-05,Website,Apple Pay,7
15490,2070,2025-09-18,Online App,Apple Pay,1
15491,1497,2024-11-09,Online App,Tabby (BNPL),7
15492,581,2025-08-01,Online App,Apple Pay,7
15493,1664,2024-07-12,In-Store,Credit Card,1
15494,1236,2025-09-25,Website,Tabby (BNPL),1
15495,1194,2025-05-21,Website,Tabby (BNPL),1
15496,2442,2025-12-31,Online App,Tabby (BNPL),1
15497,1237,2025-05-29,Online App,Credit Card,2
15498,90,2024-07-23,In-Store,Apple Pay,1
15499,166,2025-03-10,Online App,Credit Card,2
15500,2573,2025-03-02,Online App,Apple Pay,1
15501,2887,2025-05-22,Online App,Cash on Delivery,7
15502,2075,2025-02-24,Website,Cash on Delivery,1
15503,1114,2024-11-15,In-Store,Tabby (BNPL),2
15504,2814,2025-08-04,In-Store,Credit Card,2
15505,2000,2025-10-23,Online App,Cash on Delivery,3
15506,2538,2025-08-12,Website,Credit Card,1
15507,2306,2025-03-14,Website,Apple Pay,6
15508,1160,2025-11-20,Website,Tabby (BNPL),5
15509,1447,2025-12-29,Online App,Tabby (BNPL),1
15510,568,2025-11-07,Website,Apple Pay,1
15511,890,2025-08-05,Online App,Apple Pay,1
15512,2348,2025-03-22,In-Store,Apple Pay,1
15513,2688,2025-10-30,In-Store,Apple Pay,5
15514,2177,2025-10-12,Website,Credit Card,6
15515,1412,2025-01-16,Online App,Tabby (BNPL),2
15516,252,2025-11-14,In-Store,Cash on Delivery,3
15517,164,2025-01-27,Website,Cash on Delivery,2
15518,1149,2025-12-25,In-Store,Credit Card,5
15519,1407,2025-09-07,Website,Cash on Delivery,1
15520,1835,2025-08-01,Online App,Credit Card,1
15521,21,2024-09-17,Online App,Tabby (BNPL),4
15522,2970,2024-09-19,Online App,Apple Pay,1
15523,1112,2025-12-24,Online App,Credit Card,1
15524,2549,2025-06-16,Online App,Credit Card,1
15525,1611,2025-10-16,Online App,Tabby (BNPL),1
15526,384,2025-11-30,Website,Tabby (BNPL),1
15527,2407,2025-11-15,Website,Cash on Delivery,4
15528,2131,2025-05-13,Website,Cash on Delivery,2
15529,1587,2024-07-29,Website,Tabby (BNPL),5
15530,1537,2025-08-09,Online App,Apple Pay,1
15531,255,2025-10-01,Online App,Tabby (BNPL),3
15532,1978,2025-03-15,In-Store,Credit Card,3
15533,2732,2025-06-10,Online App,Apple Pay,1
15534,271,2025-11-27,Online App,Cash on Delivery,2
15535,803,2025-12-30,In-Store,Apple Pay,4
15536,2710,2025-11-19,Website,Apple Pay,1
15537,863,2025-05-05,Online App,Apple Pay,2
15538,1972,2025-10-16,Website,Cash on Delivery,5
15539,1610,2025-05-14,Online App,Apple Pay,6
15540,1796,2024-06-24,In-Store,Cash on Delivery,1
15541,1255,2025-11-27,In-Store,Tabby (BNPL),3
15542,913,2025-11-09,Website,Credit Card,4
15543,140,2024-11-22,Online App,Apple Pay,2
15544,2241,2025-02-18,In-Store,Tabby (BNPL),5
15545,2247,2025-12-26,In-Store,Cash on Delivery,3
15546,2023,2025-12-25,In-Store,Tabby (BNPL),1
15547,1938,2025-09-24,Website,Cash on Delivery,7
15548,750,2025-09-26,In-Store,Tabby (BNPL),3
15549,75,2025-06-08,Online App,Tabby (BNPL),5
15550,2439,2025-08-20,Website,Tabby (BNPL),2
15551,1478,2025-08-16,Website,Credit Card,2
15552,932,2025-06-17,In-Store,Credit Card,2
15553,302,2025-05-23,Online App,Tabby (BNPL),1
15554,181,2025-06-28,Website,Tabby (BNPL),4
15555,1071,2025-12-27,In-Store,Credit Card,1
15556,2427,2025-12-15,In-Store,Credit Card,2
15557,2754,2025-10-21,Online App,Apple Pay,1
15558,2694,2025-11-28,In-Store,Credit Card,2
15559,2758,2025-09-11,In-Store,Cash on Delivery,2
15560,2723,2025-08-28,In-Store,Apple Pay,1
15561,1587,2025-02-06,Online App,Tabby (BNPL),5
15562,676,2025-09-11,Online App,Cash on Delivery,1
15563,2409,2025-07-20,Website,Cash on Delivery,1
15564,657,2025-10-22,Online App,Credit Card,1
15565,813,2025-09-24,Online App,Tabby (BNPL),2
15566,719,2025-06-28,Website,Apple Pay,6
15567,1538,2025-07-24,Online App,Tabby (BNPL),1
15568,985,2025-07-28,Online App,Credit Card,1
15569,465,2025-11-25,Online App,Cash on Delivery,2
15570,1375,2025-08-14,In-Store,Tabby (BNPL),2
15571,2631,2025-01-28,Online App,Credit Card,1
15572,1715,2025-04-20,Online App,Apple Pay,3
15573,2645,2025-11-09,Website,Apple Pay,1
15574,599,2024-10-22,Website,Apple Pay,7
15575,513,2025-09-14,Website,Credit Card,7
15576,1730,2025-08-26,In-Store,Credit Card,3
15577,1407,2025-02-19,In-Store,Apple Pay,1
15578,1992,2025-10-11,Online App,Tabby (BNPL),4
15579,2398,2025-03-15,Website,Credit Card,3
15580,2259,2025-10-23,Online App,Credit Card,1
15581,2825,2025-03-11,Online App,Tabby (BNPL),6
15582,1213,2025-04-19,Website,Tabby (BNPL),3
15583,634,2025-12-22,Website,Tabby (BNPL),2
15584,1659,2025-12-25,Online App,Tabby (BNPL),1
15585,326,2025-05-27,Online App,Tabby (BNPL),1
15586,880,2024-03-11,Online App,Apple Pay,4
15587,638,2025-11-20,Website,Cash on Delivery,1
15588,1207,2025-12-02,Online App,Cash on Delivery,1
15589,326,2024-08-14,Online App,Tabby (BNPL),1
15590,105,2025-04-16,Online App,Credit Card,1
15591,1981,2024-12-28,Website,Credit Card,2
15592,1838,2025-12-24,Online App,Credit Card,2
15593,2127,2025-10-24,Website,Credit Card,1
15594,1993,2025-03-20,Website,Cash on Delivery,1
15595,333,2025-04-22,Online App,Credit Card,1
15596,886,2024-06-24,Website,Tabby (BNPL),7
15597,381,2024-05-21,Online App,Credit Card,1
15598,2531,2025-08-17,Website,Cash on Delivery,3
15599,2248,2025-08-01,Website,Cash on Delivery,2
15600,616,2025-08-09,In-Store,Cash on Delivery,1
15601,1047,2024-05-02,Online App,Tabby (BNPL),3
15602,2907,2025-07-25,Online App,Tabby (BNPL),1
15603,1789,2025-10-14,Online App,Tabby (BNPL),1
15604,2417,2025-09-25,Online App,Tabby (BNPL),2
15605,805,2025-09-09,Website,Apple Pay,1
15606,647,2025-09-06,Online App,Tabby (BNPL),2
15607,2365,2024-08-08,Website,Cash on Delivery,1
15608,2068,2024-12-22,Online App,Cash on Delivery,1
15609,2051,2025-12-14,Online App,Cash on Delivery,7
15610,1664,2025-05-23,Online App,Credit Card,1
15611,1696,2025-10-08,Online App,Apple Pay,4
15612,2213,2024-01-24,In-Store,Tabby (BNPL),4
15613,821,2025-12-21,Online App,Credit Card,3
15614,1080,2025-09-04,Online App,Credit Card,3
15615,2621,2025-10-28,Online App,Apple Pay,1
15616,938,2025-11-26,Website,Tabby (BNPL),2
15617,1650,2025-12-23,Website,Credit Card,1
15618,2115,2025-01-30,Website,Apple Pay,3
15619,3000,2025-09-07,In-Store,Cash on Delivery,7
15620,1318,2025-10-23,Website,Tabby (BNPL),3
15621,1294,2025-06-20,Online App,Credit Card,4
15622,2531,2024-10-24,Online App,Credit Card,3
15623,2429,2024-08-26,Online App,Tabby (BNPL),1
15624,2196,2025-06-09,In-Store,Credit Card,2
15625,1407,2025-01-29,Online App,Apple Pay,1
15626,991,2025-10-21,Online App,Credit Card,2
15627,1833,2025-10-09,Online App,Credit Card,5
15628,2640,2025-11-14,Website,Apple Pay,6
15629,2661,2025-09-19,Online App,Credit Card,1
15630,321,2025-11-12,Website,Apple Pay,1
15631,1296,2024-08-31,Website,Tabby (BNPL),3
15632,1410,2025-11-17,Website,Tabby (BNPL),1
15633,2935,2025-12-29,Website,Apple Pay,2
15634,2042,2025-01-24,Online App,Apple Pay,2
15635,1236,2025-11-03,Online App,Credit Card,1
15636,89,2025-10-13,Online App,Tabby (BNPL),2
15637,1702,2025-11-23,Website,Tabby (BNPL),1
15638,284,2025-10-18,In-Store,Tabby (BNPL),1
15639,2512,2025-07-23,In-Store,Apple Pay,2
15640,2263,2025-11-05,Website,Tabby (BNPL),5
15641,1398,2025-10-04,In-Store,Apple Pay,7
15642,1299,2025-12-03,Online App,Apple Pay,1
15643,2694,2025-11-18,Website,Tabby (BNPL),2
15644,879,2025-04-11,Online App,Cash on Delivery,5
15645,765,2024-12-25,Website,Cash on Delivery,3
15646,2816,2025-12-22,Online App,Apple Pay,3
15647,2439,2025-12-16,Online App,Tabby (BNPL),2
15648,2474,2025-11-02,Online App,Tabby (BNPL),2
15649,599,2025-06-08,Online App,Apple Pay,7
15650,431,2025-06-09,Online App,Credit Card,1
15651,89,2025-09-08,Online App,Credit Card,2
15652,732,2025-03-03,Online App,Cash on Delivery,1
15653,2338,2025-12-27,Online App,Apple Pay,1
15654,740,2025-12-23,In-Store,Credit Card,1
15655,2189,2025-10-03,Website,Cash on Delivery,2
15656,770,2025-06-17,Website,Apple Pay,2
15657,1206,2025-10-24,Online App,Cash on Delivery,2
15658,2951,2025-09-06,In-Store,Cash on Delivery,1
15659,752,2025-07-12,Website,Apple Pay,1
15660,1153,2025-02-23,In-Store,Apple Pay,2
15661,916,2025-02-03,Online App,Tabby (BNPL),3
15662,324,2025-06-02,Online App,Tabby (BNPL),1
15663,1475,2025-10-31,Website,Credit Card,2
15664,1160,2025-10-25,Website,Tabby (BNPL),5
15665,2095,2025-08-06,In-Store,Cash on Delivery,5
15666,2466,2025-09-05,Online App,Tabby (BNPL),6
15667,1645,2025-10-24,Website,Apple Pay,4
15668,105,2025-01-06,Online App,Credit Card,1
15669,1864,2025-02-27,Online App,Tabby (BNPL),2
15670,159,2024-12-18,Website,Apple Pay,3
15671,1855,2025-07-11,Website,Apple Pay,3
15672,2065,2024-04-10,Online App,Credit Card,1
15673,603,2025-12-29,In-Store,Tabby (BNPL),2
15674,2468,2025-08-14,Online App,Apple Pay,1
15675,2732,2025-01-11,Website,Apple Pay,1
15676,2453,2025-08-29,Website,Apple Pay,3
15677,927,2025-08-05,Online App,Credit Card,2
15678,1764,2024-12-28,Website,Cash on Delivery,1
15679,2742,2025-03-26,Online App,Apple Pay,2
15680,980,2024-11-19,In-Store,Cash on Delivery,2
15681,2472,2025-01-22,Online App,Cash on Delivery,2
15682,27,2025-11-07,Website,Credit Card,2
15683,13,2025-03-29,In-Store,Apple Pay,4
15684,2285,2025-10-20,Online App,Tabby (BNPL),4
15685,2291,2025-09-04,Online App,Tabby (BNPL),3
15686,2379,2025-04-29,In-Store,Apple Pay,1
15687,2790,2025-11-15,Website,Tabby (BNPL),2
15688,343,2024-11-30,Website,Cash on Delivery,2
15689,715,2025-05-17,Website,Apple Pay,2
15690,2713,2025-08-21,Online App,Tabby (BNPL),1
15691,539,2025-12-18,Online App,Tabby (BNPL),2
15692,2055,2025-07-07,Online App,Credit Card,6
15693,1595,2025-12-30,Online App,Apple Pay,3
15694,241,2025-12-21,Online App,Cash on Delivery,3
15695,866,2024-08-24,Online App,Apple Pay,1
15696,1561,2025-11-03,In-Store,Cash on Delivery,1
15697,2563,2025-10-12,Online App,Apple Pay,3
15698,2125,2025-02-15,Online App,Cash on Delivery,1
15699,1875,2025-06-10,Online App,Cash on Delivery,2
15700,1493,2025-07-08,Online App,Tabby (BNPL),2
15701,908,2025-12-25,Website,Tabby (BNPL),3
15702,348,2025-05-09,Website,Apple Pay,3
15703,1242,2025-10-28,In-Store,Cash on Delivery,2
15704,95,2024-12-01,Online App,Cash on Delivery,3
15705,651,2025-10-30,Website,Tabby (BNPL),1
15706,1309,2025-04-20,Online App,Apple Pay,3
15707,1267,2024-06-24,In-Store,Credit Card,1
15708,129,2024-10-23,Online App,Cash on Delivery,2
15709,1771,2025-01-27,Website,Apple Pay,2
15710,1658,2025-02-28,Online App,Credit Card,6
15711,229,2025-04-24,Online App,Apple Pay,6
15712,2830,2025-10-21,Online App,Apple Pay,3
15713,291,2024-07-06,Online App,Apple Pay,1
15714,2569,2024-11-20,In-Store,Credit Card,1
15715,2,2025-10-27,Online App,Apple Pay,2
15716,2654,2024-07-16,Website,Tabby (BNPL),1
15717,64,2025-08-02,Online App,Apple Pay,1
15718,2278,2025-07-22,Online App,Cash on Delivery,4
15719,1105,2025-06-14,Website,Credit Card,1
15720,2222,2024-11-28,Website,Apple Pay,2
15721,1222,2025-01-06,In-Store,Cash on Delivery,1
15722,207,2025-12-03,In-Store,Cash on Delivery,1
15723,2314,2025-07-02,Online App,Apple Pay,1
15724,209,2024-03-02,Website,Apple Pay,3
15725,2763,2025-11-24,Online App,Credit Card,1
15726,145,2025-10-10,Online App,Credit Card,7
15727,1448,2025-12-11,Online App,Tabby (BNPL),5
15728,2169,2025-12-15,Online App,Cash on Delivery,2
15729,1201,2025-11-02,Online App,Tabby (BNPL),1
15730,668,2025-11-08,Online App,Cash on Delivery,1
15731,2283,2025-07-31,Website,Cash on Delivery,5
15732,2365,2025-02-23,In-Store,Tabby (BNPL),1
15733,2765,2024-06-28,Online App,Credit Card,2
15734,1153,2024-07-03,Online App,Apple Pay,2
15735,1516,2024-04-03,Online App,Credit Card,7
15736,1111,2025-09-03,In-Store,Tabby (BNPL),1
15737,785,2024-11-24,Website,Credit Card,2
15738,2258,2025-10-25,Website,Apple Pay,3
15739,1041,2025-07-23,Online App,Apple Pay,5
15740,1295,2025-06-04,Website,Tabby (BNPL),1
15741,1225,2025-10-27,Online App,Apple Pay,2
15742,2140,2024-11-28,Online App,Tabby (BNPL),2
15743,2753,2024-08-01,Online App,Tabby (BNPL),4
15744,2012,2025-07-17,In-Store,Cash on Delivery,2
15745,1427,2024-05-12,In-Store,Credit Card,2
15746,2352,2025-12-14,In-Store,Cash on Delivery,1
15747,1934,2025-12-25,Online App,Tabby (BNPL),3
15748,174,2024-08-24,Website,Credit Card,2
15749,282,2025-08-03,Website,Tabby (BNPL),2
15750,118,2025-12-21,Online App,Tabby (BNPL),1
15751,1387,2025-12-26,In-Store,Apple Pay,1
15752,2490,2025-04-17,Online App,Tabby (BNPL),1
15753,953,2025-05-01,Online App,Tabby (BNPL),1
15754,1176,2025-04-27,Online App,Tabby (BNPL),2
15755,2728,2024-12-27,Online App,Apple Pay,2
15756,2515,2024-07-19,In-Store,Apple Pay,1
15757,2008,2025-09-01,Website,Credit Card,7
15758,812,2025-11-08,Online App,Cash on Delivery,5
15759,341,2025-04-09,Website,Cash on Delivery,5
15760,52,2024-12-20,In-Store,Tabby (BNPL),2
15761,318,2025-08-15,Online App,Credit Card,1
15762,891,2024-11-14,Online App,Cash on Delivery,6
15763,1661,2025-11-09,Online App,Credit Card,1
15764,185,2025-10-27,In-Store,Tabby (BNPL),2
15765,407,2025-12-09,Online App,Cash on Delivery,1
15766,552,2025-04-29,In-Store,Cash on Delivery,3
15767,1906,2025-05-25,Online App,Apple Pay,1
15768,1852,2025-02-22,Online App,Cash on Delivery,1
15769,1659,2025-05-08,Website,Cash on Delivery,1
15770,768,2025-05-24,Online App,Cash on Delivery,2
15771,1137,2025-11-02,Website,Cash on Delivery,2
15772,285,2024-09-05,Online App,Apple Pay,2
15773,697,2025-12-20,Online App,Cash on Delivery,5
15774,2695,2025-09-17,In-Store,Tabby (BNPL),2
15775,2941,2025-12-07,Website,Tabby (BNPL),1
15776,1954,2025-02-01,In-Store,Tabby (BNPL),2
15777,2750,2025-12-25,Online App,Tabby (BNPL),1
15778,1935,2025-11-19,Online App,Cash on Delivery,2
15779,107,2025-06-17,In-Store,Cash on Delivery,3
15780,2992,2024-07-24,Website,Tabby (BNPL),1
15781,291,2025-05-05,In-Store,Apple Pay,1
15782,2057,2025-12-16,Online App,Apple Pay,1
15783,774,2025-09-10,Website,Credit Card,3
15784,1199,2025-07-23,Website,Credit Card,2
15785,1947,2024-07-12,Online App,Tabby (BNPL),2
15786,1325,2024-06-30,Website,Credit Card,3
15787,768,2025-02-14,Online App,Credit Card,2
15788,1023,2025-08-18,Online App,Cash on Delivery,3
15789,1048,2025-06-30,Online App,Credit Card,1
15790,2882,2025-12-15,Website,Credit Card,1
15791,2410,2024-12-05,Online App,Tabby (BNPL),3
15792,1393,2025-12-09,Website,Apple Pay,2
15793,611,2025-12-09,Online App,Tabby (BNPL),5
15794,2447,2024-08-22,Online App,Credit Card,1
15795,474,2025-08-30,In-Store,Apple Pay,1
15796,649,2025-09-06,In-Store,Cash on Delivery,2
15797,1117,2025-12-02,Online App,Credit Card,1
15798,2648,2025-07-22,Online App,Apple Pay,1
15799,388,2025-07-22,In-Store,Cash on Delivery,2
15800,354,2025-06-06,Online App,Apple Pay,1
15801,1487,2025-12-30,Website,Apple Pay,2
15802,839,2025-12-15,Website,Tabby (BNPL),1
15803,1712,2025-02-11,Online App,Apple Pay,1
15804,1371,2025-07-14,Online App,Cash on Delivery,5
15805,1318,2025-07-21,Online App,Apple Pay,3
15806,328,2025-04-11,Online App,Apple Pay,2
15807,422,2025-07-25,In-Store,Apple Pay,2
15808,2475,2025-07-08,Online App,Credit Card,1
15809,2666,2024-07-17,Website,Cash on Delivery,1
15810,725,2025-11-05,Online App,Credit Card,2
15811,329,2024-03-19,Online App,Apple Pay,3
15812,155,2025-11-27,Website,Tabby (BNPL),2
15813,1831,2025-12-14,Website,Tabby (BNPL),2
15814,2148,2025-10-27,Website,Credit Card,6
15815,1143,2025-06-16,Online App,Cash on Delivery,4
15816,2046,2025-10-18,Website,Tabby (BNPL),1
15817,2140,2025-06-30,Website,Apple Pay,2
15818,2802,2025-08-04,Website,Credit Card,2
15819,188,2024-10-06,Website,Credit Card,3
15820,588,2025-06-08,In-Store,Credit Card,4
15821,200,2025-12-11,Online App,Credit Card,1
15822,2611,2024-12-13,Website,Cash on Delivery,1
15823,2389,2025-11-11,Online App,Tabby (BNPL),1
15824,1728,2024-08-07,Website,Cash on Delivery,7
15825,244,2025-06-29,Website,Apple Pay,1
15826,827,2025-12-08,Online App,Apple Pay,1
15827,906,2024-11-09,Online App,Cash on Delivery,2
15828,1686,2025-07-28,In-Store,Apple Pay,4
15829,788,2025-12-16,In-Store,Credit Card,4
15830,213,2025-08-13,Online App,Credit Card,2
15831,2195,2025-11-18,Online App,Tabby (BNPL),5
15832,910,2025-08-16,Website,Cash on Delivery,1
15833,1373,2025-05-23,Website,Tabby (BNPL),1
15834,373,2025-05-08,In-Store,Cash on Delivery,6
15835,2420,2025-02-01,Online App,Tabby (BNPL),1
15836,1702,2025-12-22,Online App,Tabby (BNPL),1
15837,2709,2025-07-25,Online App,Apple Pay,1
15838,1491,2024-08-19,Online App,Apple Pay,1
15839,2825,2025-09-25,In-Store,Credit Card,6
15840,2682,2025-11-26,Website,Credit Card,1
15841,1733,2025-05-16,In-Store,Tabby (BNPL),1
15842,2800,2025-01-11,In-Store,Apple Pay,1
15843,988,2025-09-01,Website,Credit Card,3
15844,1116,2025-10-03,In-Store,Credit Card,1
15845,132,2025-04-22,Online App,Apple Pay,7
15846,1771,2025-07-22,Online App,Cash on Delivery,2
15847,2167,2025-03-03,Website,Cash on Delivery,1
15848,2334,2024-08-03,Online App,Tabby (BNPL),1
15849,449,2025-12-08,Online App,Credit Card,1
15850,1350,2025-08-03,Website,Apple Pay,1
15851,538,2025-09-15,In-Store,Cash on Delivery,2
15852,1997,2025-06-11,In-Store,Tabby (BNPL),1
15853,474,2025-05-11,Website,Credit Card,1
15854,2713,2025-11-08,In-Store,Cash on Delivery,1
15855,711,2025-12-25,Online App,Cash on Delivery,1
15856,888,2025-06-19,Website,Tabby (BNPL),1
15857,2557,2025-12-10,In-Store,Apple Pay,3
15858,1393,2025-12-30,Online App,Tabby (BNPL),2
15859,81,2025-09-14,Online App,Credit Card,3
15860,1487,2024-08-16,Online App,Apple Pay,2
15861,245,2025-04-17,In-Store,Credit Card,1
15862,2958,2025-09-03,Online App,Tabby (BNPL),1
15863,1770,2024-11-27,Website,Cash on Delivery,1
15864,785,2024-12-18,Online App,Tabby (BNPL),2
15865,1696,2025-12-03,Website,Cash on Delivery,4
15866,226,2025-10-06,Online App,Cash on Delivery,6
15867,2412,2024-11-01,Online App,Tabby (BNPL),2
15868,2773,2024-05-22,In-Store,Credit Card,7
15869,2632,2025-10-03,Online App,Tabby (BNPL),3
15870,1049,2025-11-07,Website,Credit Card,1
15871,997,2025-04-04,Online App,Apple Pay,1
15872,111,2025-09-19,Online App,Credit Card,1
15873,1964,2025-10-30,Online App,Apple Pay,6
15874,1610,2025-09-11,Online App,Credit Card,6
15875,1394,2025-02-25,Website,Cash on Delivery,1
15876,2722,2025-01-22,Website,Tabby (BNPL),2
15877,515,2025-07-22,Website,Apple Pay,5
15878,28,2025-08-29,Website,Apple Pay,1
15879,214,2025-06-02,Website,Cash on Delivery,1
15880,689,2025-11-27,In-Store,Credit Card,2
15881,107,2024-12-22,Online App,Apple Pay,3
15882,1507,2025-07-03,Online App,Cash on Delivery,2
15883,956,2025-09-27,Online App,Cash on Delivery,2
15884,550,2025-02-11,Online App,Cash on Delivery,2
15885,2253,2025-12-28,Online App,Tabby (BNPL),2
15886,628,2025-05-24,Online App,Apple Pay,2
15887,2071,2025-06-22,In-Store,Tabby (BNPL),2
15888,1072,2025-05-14,Online App,Cash on Delivery,1
15889,1529,2025-07-12,Online App,Credit Card,4
15890,2800,2024-08-20,Online App,Cash on Delivery,1
15891,117,2025-11-20,Website,Credit Card,2
15892,1504,2025-05-07,Website,Cash on Delivery,1
15893,2567,2025-01-15,Online App,Tabby (BNPL),1
15894,1770,2024-06-12,Online App,Cash on Delivery,1
15895,840,2025-07-12,Online App,Tabby (BNPL),1
15896,1211,2024-08-14,Online App,Credit Card,1
15897,2049,2025-06-26,Online App,Cash on Delivery,1
15898,2679,2025-11-23,In-Store,Credit Card,3
15899,122,2025-10-18,Online App,Apple Pay,1
15900,210,2025-09-03,Online App,Cash on Delivery,2
15901,995,2025-09-19,Online App,Apple Pay,1
15902,718,2025-05-12,Online App,Cash on Delivery,1
15903,805,2025-08-03,Online App,Credit Card,1
15904,683,2025-07-02,Online App,Cash on Delivery,1
15905,599,2024-12-12,Online App,Cash on Delivery,7
15906,384,2025-03-12,Online App,Apple Pay,1
15907,2800,2024-05-31,Website,Tabby (BNPL),1
15908,434,2025-04-11,Online App,Apple Pay,2
15909,628,2025-10-31,Website,Apple Pay,2
15910,758,2024-08-13,Website,Credit Card,2
15911,2798,2024-09-15,Online App,Tabby (BNPL),1
15912,2271,2025-12-10,Website,Credit Card,1
15913,2380,2024-11-04,Online App,Tabby (BNPL),3
15914,309,2025-11-02,Online App,Apple Pay,5
15915,2514,2025-12-12,In-Store,Apple Pay,5
15916,1239,2025-12-24,Website,Credit Card,1
15917,801,2024-06-30,Online App,Apple Pay,1
15918,1731,2025-04-24,Website,Credit Card,2
15919,2478,2025-08-02,Online App,Credit Card,5
15920,2350,2025-09-06,Website,Credit Card,3
15921,2677,2025-11-30,Website,Cash on Delivery,3
15922,2784,2025-03-09,Website,Apple Pay,2
15923,734,2025-06-23,Online App,Credit Card,1
15924,1281,2025-08-07,Online App,Cash on Delivery,1
15925,45,2025-08-20,In-Store,Cash on Delivery,4
15926,2647,2025-10-16,Website,Apple Pay,1
15927,466,2025-08-09,Online App,Tabby (BNPL),1
15928,2589,2024-07-30,Online App,Cash on Delivery,1
15929,1008,2025-07-23,Online App,Tabby (BNPL),2
15930,1127,2024-08-18,Online App,Apple Pay,6
15931,119,2025-11-24,Website,Credit Card,1
15932,1000,2025-10-17,Online App,Apple Pay,1
15933,2672,2025-04-15,Website,Cash on Delivery,1
15934,86,2025-10-09,Online App,Apple Pay,3
15935,1234,2025-12-01,Online App,Credit Card,2
15936,104,2024-12-05,Website,Apple Pay,1
15937,1136,2025-12-18,Online App,Cash on Delivery,7
15938,525,2025-12-31,Online App,Cash on Delivery,1
15939,771,2025-08-06,Online App,Cash on Delivery,1
15940,2644,2025-09-26,Website,Credit Card,5
15941,1322,2025-10-04,In-Store,Credit Card,1
15942,829,2025-01-13,Website,Credit Card,1
15943,1771,2025-05-08,In-Store,Cash on Delivery,2
15944,427,2025-12-31,Online App,Tabby (BNPL),7
15945,793,2025-12-31,Online App,Cash on Delivery,1
15946,1650,2025-03-31,In-Store,Credit Card,1
15947,734,2024-12-27,Online App,Cash on Delivery,1
15948,2044,2025-12-20,Online App,Tabby (BNPL),3
15949,1479,2025-07-05,Website,Credit Card,4
15950,2332,2024-10-24,Online App,Cash on Delivery,2
15951,2844,2025-08-12,In-Store,Apple Pay,2
15952,338,2025-07-26,Website,Credit Card,1
15953,1024,2025-07-22,Online App,Cash on Delivery,5
15954,978,2025-10-02,Online App,Tabby (BNPL),1
15955,453,2025-09-11,Online App,Apple Pay,1
15956,2444,2024-02-03,Website,Cash on Delivery,7
15957,2286,2025-11-20,Online App,Tabby (BNPL),1
15958,1459,2025-05-03,Website,Cash on Delivery,7
15959,1619,2025-11-20,Online App,Tabby (BNPL),7
15960,170,2025-03-06,In-Store,Apple Pay,2
15961,1673,2025-12-14,In-Store,Tabby (BNPL),1
15962,2386,2025-07-09,In-Store,Apple Pay,1
15963,1726,2025-08-31,Online App,Tabby (BNPL),1
15964,807,2025-12-12,Website,Cash on Delivery,3
15965,2013,2025-12-24,Online App,Credit Card,1
15966,1105,2025-08-12,Online App,Tabby (BNPL),1
15967,1647,2025-05-11,Website,Tabby (BNPL),2
15968,1469,2024-09-05,Online App,Credit Card,1
15969,1168,2025-11-10,In-Store,Credit Card,2
15970,2155,2025-10-10,In-Store,Tabby (BNPL),5
15971,2661,2025-09-24,Online App,Apple Pay,1
15972,18,2025-07-21,Online App,Apple Pay,2
15973,2800,2025-03-16,Online App,Cash on Delivery,1
15974,1529,2025-10-18,Online App,Credit Card,4
15975,2112,2025-10-31,Website,Credit Card,2
15976,2572,2025-08-05,In-Store,Apple Pay,2
15977,1416,2025-09-09,Website,Credit Card,1
15978,2512,2025-05-11,Online App,Cash on Delivery,2
15979,541,2025-12-27,In-Store,Apple Pay,4
15980,481,2025-11-07,In-Store,Apple Pay,2
15981,1983,2025-11-05,Online App,Tabby (BNPL),3
15982,2617,2025-08-21,Online App,Credit Card,2
15983,2684,2024-11-11,In-Store,Apple Pay,5
15984,1939,2025-09-12,In-Store,Tabby (BNPL),2
15985,1584,2025-12-07,Online App,Credit Card,4
15986,1013,2025-08-26,Online App,Cash on Delivery,1
15987,2942,2025-09-16,Online App,Apple Pay,2
15988,978,2025-07-21,Online App,Cash on Delivery,1
15989,2241,2024-12-05,Online App,Cash on Delivery,5
15990,1598,2025-12-16,In-Store,Tabby (BNPL),6
15991,1832,2025-09-26,Online App,Cash on Delivery,2
15992,1201,2025-10-04,Online App,Credit Card,1
15993,2901,2025-12-12,Website,Cash on Delivery,6
15994,1717,2025-12-31,Website,Cash on Delivery,1
15995,2812,2025-05-24,Online App,Tabby (BNPL),3
15996,23,2025-04-06,In-Store,Tabby (BNPL),1
15997,1721,2025-11-16,Website,Apple Pay,2
15998,2153,2025-12-08,Online App,Cash on Delivery,1
15999,2244,2025-10-08,In-Store,Cash on Delivery,2
16000,2715,2025-11-17,Online App,Cash on Delivery,4
16001,15,2025-12-28,In-Store,Tabby (BNPL),1
16002,2,2025-12-14,In-Store,Apple Pay,2
16003,1429,2025-11-25,Online App,Apple Pay,1
16004,96,2025-02-23,Online App,Cash on Delivery,2
16005,2925,2025-12-28,Website,Tabby (BNPL),2
16006,687,2025-02-27,Online App,Tabby (BNPL),1
16007,1430,2025-07-16,Website,Tabby (BNPL),1
16008,175,2025-10-25,Online App,Cash on Delivery,2
16009,1569,2025-09-05,Online App,Apple Pay,2
16010,1163,2025-01-03,Online App,Tabby (BNPL),2
16011,130,2024-06-30,Online App,Apple Pay,5
16012,1027,2025-01-07,Website,Cash on Delivery,3
16013,1198,2025-09-28,In-Store,Credit Card,2
16014,2972,2025-03-19,Online App,Cash on Delivery,1
16015,638,2025-10-17,Online App,Tabby (BNPL),1
16016,1647,2025-02-19,In-Store,Credit Card,2
16017,2962,2025-11-24,Website,Credit Card,3
16018,2387,2025-03-17,Online App,Apple Pay,2
16019,2980,2025-08-19,Online App,Tabby (BNPL),2
16020,2911,2025-10-29,Online App,Cash on Delivery,1
16021,1473,2024-08-08,Website,Tabby (BNPL),2
16022,2100,2025-11-03,Website,Credit Card,2
16023,325,2024-10-11,Website,Tabby (BNPL),3
16024,1341,2025-06-28,Online App,Credit Card,1
16025,2439,2025-11-06,Online App,Apple Pay,2
16026,1513,2025-03-03,In-Store,Tabby (BNPL),2
16027,2115,2025-04-05,Online App,Apple Pay,3
16028,2246,2024-10-20,Website,Cash on Delivery,3
16029,776,2025-10-09,Online App,Cash on Delivery,1
16030,2638,2025-05-05,Website,Cash on Delivery,1
16031,1396,2025-12-20,Online App,Cash on Delivery,1
16032,648,2025-07-30,In-Store,Tabby (BNPL),1
16033,2602,2025-05-25,Online App,Tabby (BNPL),2
16034,1264,2024-12-23,In-Store,Cash on Delivery,1
16035,2255,2025-09-11,Online App,Tabby (BNPL),5
16036,1653,2025-02-02,Online App,Credit Card,1
16037,1168,2025-08-08,Website,Tabby (BNPL),2
16038,2443,2024-10-03,Website,Apple Pay,1
16039,1757,2025-07-27,Online App,Credit Card,1
16040,1197,2025-12-24,Online App,Tabby (BNPL),2
16041,324,2024-09-20,Online App,Apple Pay,1
16042,2690,2025-12-18,Website,Credit Card,2
16043,111,2025-09-20,Online App,Tabby (BNPL),1
16044,2594,2025-12-31,In-Store,Cash on Delivery,6
16045,1101,2025-07-02,Website,Credit Card,1
16046,1929,2025-03-05,Online App,Tabby (BNPL),1
16047,2764,2025-10-04,Online App,Apple Pay,4
16048,456,2024-10-29,Online App,Tabby (BNPL),1
16049,1708,2025-01-06,Website,Apple Pay,2
16050,2299,2025-08-14,Website,Cash on Delivery,3
16051,2277,2025-02-08,Website,Apple Pay,2
16052,1585,2025-12-27,In-Store,Cash on Delivery,1
16053,1883,2025-12-16,Website,Tabby (BNPL),1
16054,2276,2025-06-05,Website,Tabby (BNPL),4
16055,2529,2025-07-02,Online App,Cash on Delivery,2
16056,2293,2025-06-24,Website,Credit Card,4
16057,1086,2025-06-17,Website,Cash on Delivery,1
16058,2992,2025-04-24,Website,Tabby (BNPL),1
16059,1316,2025-11-04,Website,Apple Pay,1
16060,82,2025-12-22,In-Store,Apple Pay,1
16061,1109,2025-05-29,Website,Cash on Delivery,1
16062,373,2025-09-12,Online App,Cash on Delivery,6
16063,351,2025-09-23,Website,Cash on Delivery,2
16064,854,2025-12-28,In-Store,Cash on Delivery,1
16065,155,2025-12-30,Website,Apple Pay,2
16066,2075,2025-01-12,In-Store,Apple Pay,1
16067,217,2025-12-27,Online App,Tabby (BNPL),5
16068,623,2025-12-27,In-Store,Tabby (BNPL),1
16069,271,2025-10-13,In-Store,Apple Pay,2
16070,182,2025-04-27,Website,Apple Pay,4
16071,814,2025-11-10,Website,Credit Card,2
16072,1718,2024-11-02,Online App,Cash on Delivery,3
16073,2900,2025-08-01,Online App,Credit Card,1
16074,2637,2025-03-16,In-Store,Apple Pay,1
16075,2639,2025-09-24,Online App,Tabby (BNPL),1
16076,535,2025-06-12,Online App,Credit Card,1
16077,805,2025-08-12,Website,Apple Pay,1
16078,225,2025-07-18,Website,Credit Card,1
16079,2349,2025-12-29,In-Store,Apple Pay,1
16080,204,2025-08-29,Online App,Apple Pay,3
16081,1677,2024-12-02,In-Store,Cash on Delivery,6
16082,762,2024-10-07,In-Store,Apple Pay,4
16083,749,2025-08-09,Online App,Credit Card,1
16084,2973,2025-10-22,Website,Tabby (BNPL),3
16085,2274,2025-11-19,Website,Credit Card,2
16086,2516,2025-09-02,Online App,Cash on Delivery,2
16087,1718,2025-03-12,Online App,Tabby (BNPL),3
16088,2619,2025-07-23,Online App,Credit Card,1
16089,1946,2025-07-20,In-Store,Cash on Delivery,2
16090,2837,2025-09-21,Website,Apple Pay,1
16091,853,2025-09-12,Online App,Cash on Delivery,4
16092,1794,2025-09-11,Website,Tabby (BNPL),1
16093,2079,2024-07-27,In-Store,Apple Pay,4
16094,1200,2025-02-14,In-Store,Apple Pay,2
16095,2648,2024-09-25,Online App,Credit Card,1
16096,2942,2025-07-02,Online App,Tabby (BNPL),2
16097,1486,2025-07-16,In-Store,Apple Pay,3
16098,1197,2025-11-15,Online App,Cash on Delivery,2
16099,1428,2025-12-16,In-Store,Cash on Delivery,1
16100,2564,2025-10-22,In-Store,Credit Card,2
16101,1946,2025-09-16,Website,Tabby (BNPL),2
16102,130,2025-10-29,Online App,Apple Pay,5
16103,1637,2025-08-21,In-Store,Tabby (BNPL),4
16104,54,2024-09-01,In-Store,Credit Card,7
16105,2350,2025-07-02,Website,Tabby (BNPL),3
16106,1004,2025-10-14,Website,Tabby (BNPL),2
16107,1428,2025-10-26,Online App,Credit Card,1
16108,2410,2025-03-23,Online App,Apple Pay,3
16109,135,2025-11-26,Website,Tabby (BNPL),4
16110,478,2024-12-07,Website,Cash on Delivery,1
16111,1213,2025-06-20,Online App,Tabby (BNPL),3
16112,709,2025-08-10,Online App,Cash on Delivery,1
16113,1034,2025-09-23,Website,Tabby (BNPL),1
16114,2997,2025-04-25,Website,Cash on Delivery,5
16115,2489,2024-12-27,Online App,Cash on Delivery,1
16116,2661,2025-09-05,Online App,Tabby (BNPL),1
16117,2810,2025-02-02,Online App,Tabby (BNPL),6
16118,1045,2025-12-12,In-Store,Apple Pay,1
16119,904,2025-09-26,Online App,Tabby (BNPL),1
16120,722,2025-11-19,Website,Tabby (BNPL),1
16121,2500,2024-10-08,In-Store,Tabby (BNPL),1
16122,2045,2025-04-13,Online App,Tabby (BNPL),1
16123,728,2024-07-01,Online App,Cash on Delivery,1
16124,1157,2025-10-25,Website,Apple Pay,5
16125,1517,2025-06-05,Website,Cash on Delivery,4
16126,1589,2024-07-22,Online App,Tabby (BNPL),1
16127,2673,2025-12-30,In-Store,Tabby (BNPL),3
16128,1165,2025-08-28,Online App,Credit Card,2
16129,2724,2025-12-19,Online App,Tabby (BNPL),7
16130,1342,2024-07-17,In-Store,Cash on Delivery,1
16131,2247,2025-09-29,Website,Tabby (BNPL),3
16132,2790,2025-05-06,Website,Cash on Delivery,2
16133,2722,2025-10-08,In-Store,Credit Card,2
16134,164,2024-10-15,Website,Tabby (BNPL),2
16135,634,2025-09-14,Website,Apple Pay,2
16136,1444,2025-11-01,In-Store,Cash on Delivery,2
16137,1308,2025-10-21,In-Store,Tabby (BNPL),1
16138,1933,2025-07-17,Online App,Tabby (BNPL),2
16139,2834,2025-12-21,Website,Cash on Delivery,3
16140,328,2025-02-20,Online App,Tabby (BNPL),2
16141,1372,2025-03-28,In-Store,Apple Pay,7
16142,589,2024-04-11,Website,Credit Card,6
16143,2689,2025-08-30,Online App,Apple Pay,5
16144,2900,2025-07-07,Website,Tabby (BNPL),1
16145,1447,2025-12-29,Online App,Apple Pay,1
16146,308,2025-01-08,Website,Apple Pay,5
16147,2368,2025-07-01,In-Store,Apple Pay,3
16148,2102,2025-03-16,In-Store,Tabby (BNPL),2
16149,1088,2024-08-06,Website,Cash on Delivery,5
16150,2670,2025-02-09,Online App,Credit Card,5
16151,2929,2025-02-19,Online App,Cash on Delivery,2
16152,1680,2024-05-29,Online App,Apple Pay,1
16153,1703,2025-03-31,Online App,Tabby (BNPL),1
16154,905,2025-11-01,In-Store,Cash on Delivery,1
16155,1757,2025-06-26,Online App,Tabby (BNPL),1
16156,1336,2025-11-22,Website,Tabby (BNPL),2
16157,920,2025-06-28,Online App,Credit Card,3
16158,196,2025-01-20,Website,Credit Card,2
16159,774,2025-03-11,Online App,Credit Card,3
16160,603,2025-12-31,In-Store,Cash on Delivery,2
16161,1637,2025-08-12,In-Store,Tabby (BNPL),4
16162,1812,2025-07-14,Online App,Apple Pay,2
16163,1832,2025-12-31,Online App,Credit Card,2
16164,1190,2025-12-14,In-Store,Apple Pay,4
16165,1272,2025-10-26,Online App,Tabby (BNPL),1
16166,2511,2025-04-18,Online App,Cash on Delivery,1
16167,1444,2025-05-02,Website,Apple Pay,2
16168,2965,2025-11-29,Website,Apple Pay,3
16169,1336,2025-08-07,Website,Apple Pay,2
16170,1961,2024-09-07,Online App,Cash on Delivery,6
16171,143,2025-11-21,In-Store,Apple Pay,2
16172,1970,2025-11-11,Website,Cash on Delivery,1
16173,2558,2025-06-17,Website,Cash on Delivery,7
16174,2826,2025-11-09,Online App,Apple Pay,1
16175,2994,2025-11-29,Website,Cash on Delivery,1
16176,855,2025-12-30,Online App,Tabby (BNPL),5
16177,1729,2024-12-23,Online App,Tabby (BNPL),3
16178,1369,2025-07-01,Online App,Cash on Delivery,2
16179,1696,2025-06-07,In-Store,Credit Card,4
16180,474,2025-06-27,Online App,Cash on Delivery,1
16181,2573,2025-07-20,In-Store,Cash on Delivery,1
16182,2728,2025-01-05,In-Store,Cash on Delivery,2
16183,1363,2025-12-25,Online App,Tabby (BNPL),1
16184,849,2025-12-16,Online App,Tabby (BNPL),3
16185,422,2025-12-26,In-Store,Credit Card,2
16186,2063,2025-11-19,Website,Apple Pay,6
16187,952,2024-11-17,Online App,Tabby (BNPL),1
16188,2728,2024-06-26,Online App,Tabby (BNPL),2
16189,2023,2025-11-17,Online App,Cash on Delivery,1
16190,1946,2025-09-15,In-Store,Credit Card,2
16191,1683,2025-11-26,Website,Tabby (BNPL),1
16192,133,2025-10-16,Online App,Cash on Delivery,6
16193,2795,2024-05-03,Online App,Apple Pay,1
16194,1892,2025-10-28,Online App,Credit Card,3
16195,2984,2025-11-29,Online App,Cash on Delivery,2
16196,1617,2025-09-26,Website,Apple Pay,2
16197,2133,2025-09-30,In-Store,Apple Pay,3
16198,161,2025-08-12,Online App,Cash on Delivery,1
16199,1905,2025-09-04,Online App,Credit Card,2
16200,2300,2025-07-03,Website,Cash on Delivery,2
16201,2350,2024-08-25,In-Store,Apple Pay,3
16202,2323,2024-07-13,Website,Credit Card,3
16203,696,2024-11-18,Website,Credit Card,1
16204,2928,2025-07-29,Online App,Tabby (BNPL),3
16205,2989,2025-09-21,Online App,Apple Pay,1
16206,223,2025-05-24,Online App,Credit Card,3
16207,2807,2024-01-20,In-Store,Apple Pay,5
16208,880,2025-09-21,Website,Tabby (BNPL),4
16209,2076,2025-10-24,Online App,Cash on Delivery,1
16210,1034,2025-11-20,Website,Tabby (BNPL),1
16211,2910,2025-08-26,Online App,Cash on Delivery,1
16212,300,2025-11-17,In-Store,Tabby (BNPL),1
16213,1496,2024-11-12,In-Store,Tabby (BNPL),3
16214,1294,2025-03-19,Website,Cash on Delivery,4
16215,997,2025-06-19,In-Store,Credit Card,1
16216,1946,2025-10-28,Online App,Credit Card,2
16217,385,2025-12-26,Online App,Credit Card,6
16218,2151,2025-10-13,Website,Cash on Delivery,2
16219,2945,2025-12-14,Website,Credit Card,6
16220,2426,2025-08-19,Online App,Cash on Delivery,6
16221,2584,2025-12-11,Online App,Apple Pay,2
16222,1101,2025-05-07,Website,Cash on Delivery,1
16223,995,2025-08-05,In-Store,Apple Pay,1
16224,1547,2025-07-14,Online App,Cash on Delivery,1
16225,133,2025-09-21,Website,Tabby (BNPL),6
16226,2836,2025-12-07,Online App,Credit Card,4
16227,433,2025-12-26,Website,Tabby (BNPL),1
16228,2711,2025-09-29,Online App,Credit Card,1
16229,243,2024-11-13,Online App,Apple Pay,5
16230,2479,2025-11-23,Online App,Tabby (BNPL),3
16231,457,2025-07-04,Online App,Credit Card,1
16232,118,2025-12-14,Website,Apple Pay,1
16233,2157,2025-11-26,In-Store,Credit Card,2
16234,849,2025-08-23,Website,Cash on Delivery,3
16235,2147,2025-05-20,Online App,Cash on Delivery,2
16236,1671,2025-09-12,Online App,Cash on Delivery,1
16237,321,2025-12-13,Online App,Tabby (BNPL),1
16238,2795,2024-11-03,Online App,Tabby (BNPL),1
16239,1373,2025-03-13,In-Store,Credit Card,1
16240,2209,2025-08-25,Online App,Credit Card,7
16241,1504,2025-11-22,Online App,Cash on Delivery,1
16242,1819,2024-11-01,In-Store,Apple Pay,3
16243,921,2025-10-18,Website,Cash on Delivery,2
16244,613,2024-11-23,Online App,Apple Pay,1
16245,1639,2025-11-21,Online App,Cash on Delivery,1
16246,1337,2025-10-16,Website,Cash on Delivery,2
16247,1194,2025-03-03,Online App,Credit Card,1
16248,2028,2025-11-25,Online App,Cash on Delivery,1
16249,2080,2025-09-17,Online App,Credit Card,2
16250,134,2025-02-13,In-Store,Cash on Delivery,1
16251,1037,2024-12-29,Online App,Apple Pay,1
16252,1248,2024-12-22,Website,Apple Pay,1
16253,286,2024-12-23,Online App,Credit Card,1
16254,728,2024-05-16,Online App,Tabby (BNPL),1
16255,148,2025-11-14,Online App,Credit Card,1
16256,2991,2025-04-11,Online App,Cash on Delivery,1
16257,2217,2025-02-05,Online App,Credit Card,6
16258,255,2025-09-15,Website,Tabby (BNPL),3
16259,67,2025-11-04,Online App,Tabby (BNPL),2
16260,2156,2025-08-21,Website,Apple Pay,3
16261,1334,2025-01-21,Online App,Apple Pay,6
16262,2373,2025-12-28,Website,Apple Pay,7
16263,2768,2025-04-13,In-Store,Apple Pay,5
16264,1804,2025-05-27,Online App,Apple Pay,1
16265,570,2025-12-28,In-Store,Tabby (BNPL),1
16266,2361,2025-06-16,Online App,Credit Card,1
16267,2869,2025-12-13,Website,Tabby (BNPL),3
16268,1743,2025-05-21,Website,Cash on Delivery,3
16269,2055,2025-12-01,Website,Cash on Delivery,6
16270,1033,2025-05-13,Online App,Tabby (BNPL),1
16271,1168,2025-12-31,Website,Credit Card,2
16272,2210,2025-12-27,In-Store,Tabby (BNPL),3
16273,2782,2025-07-03,Online App,Apple Pay,2
16274,1895,2025-09-23,Website,Apple Pay,1
16275,2381,2025-10-04,Online App,Apple Pay,1
16276,523,2025-10-22,Online App,Credit Card,1
16277,652,2025-09-06,In-Store,Credit Card,1
16278,1598,2024-07-23,Online App,Cash on Delivery,6
16279,537,2025-12-31,Online App,Credit Card,1
16280,1919,2025-10-21,Online App,Cash on Delivery,1
16281,889,2025-12-31,Website,Apple Pay,4
16282,2386,2024-07-29,Online App,Credit Card,1
16283,2438,2025-11-05,Website,Tabby (BNPL),2
16284,1407,2025-11-11,In-Store,Cash on Delivery,1
16285,552,2024-12-19,Online App,Cash on Delivery,3
16286,1951,2025-09-21,Website,Tabby (BNPL),2
16287,2979,2025-11-15,Online App,Credit Card,2
16288,1878,2025-03-20,Online App,Apple Pay,2
16289,111,2025-07-04,Online App,Cash on Delivery,1
16290,54,2025-06-08,In-Store,Apple Pay,7
16291,980,2025-07-20,Website,Cash on Delivery,2
16292,599,2025-09-11,Website,Tabby (BNPL),7
16293,2453,2025-06-28,Online App,Apple Pay,3
16294,2540,2024-11-07,Website,Apple Pay,1
16295,789,2025-12-08,Online App,Credit Card,2
16296,997,2025-05-14,Online App,Cash on Delivery,1
16297,728,2025-07-14,Online App,Apple Pay,1
16298,2724,2025-12-20,In-Store,Cash on Delivery,7
16299,1507,2025-05-17,Website,Apple Pay,2
16300,1979,2025-11-07,Online App,Apple Pay,3
16301,1254,2025-01-11,Website,Cash on Delivery,1
16302,1901,2025-08-06,Online App,Tabby (BNPL),3
16303,1183,2024-09-22,Online App,Apple Pay,1
16304,1041,2025-02-10,Online App,Tabby (BNPL),5
16305,1917,2025-06-16,Online App,Tabby (BNPL),2
16306,1777,2025-10-01,Website,Apple Pay,1
16307,893,2025-11-29,In-Store,Cash on Delivery,2
16308,448,2025-02-20,Website,Cash on Delivery,2
16309,1129,2025-05-08,Online App,Apple Pay,1
16310,1254,2025-02-15,Website,Credit Card,1
16311,1895,2025-12-18,Website,Cash on Delivery,1
16312,2742,2024-11-30,Online App,Apple Pay,2
16313,113,2025-12-19,Online App,Tabby (BNPL),4
16314,750,2025-01-22,Online App,Credit Card,3
16315,593,2025-02-13,Online App,Credit Card,1
16316,1506,2025-09-06,Online App,Tabby (BNPL),1
16317,1301,2025-03-23,Online App,Apple Pay,1
16318,2189,2025-09-19,Online App,Credit Card,2
16319,747,2025-12-24,In-Store,Credit Card,1
16320,1791,2025-11-15,Online App,Tabby (BNPL),1
16321,2661,2025-08-08,Website,Tabby (BNPL),1
16322,2731,2025-12-11,In-Store,Credit Card,2
16323,2879,2025-12-26,Online App,Apple Pay,7
16324,2333,2025-01-17,Online App,Apple Pay,2
16325,2717,2025-11-16,Online App,Credit Card,2
16326,724,2025-12-16,Website,Tabby (BNPL),2
16327,603,2025-12-29,Online App,Apple Pay,2
16328,21,2024-09-16,Online App,Apple Pay,4
16329,2123,2024-07-19,Online App,Cash on Delivery,2
16330,2812,2025-06-02,Online App,Credit Card,3
16331,569,2025-03-01,Online App,Cash on Delivery,1
16332,1923,2025-06-23,In-Store,Apple Pay,1
16333,2247,2025-11-28,In-Store,Credit Card,3
16334,2781,2025-12-31,Website,Apple Pay,1
16335,1951,2025-09-17,Website,Apple Pay,2
16336,2917,2025-07-19,Website,Apple Pay,2
16337,1060,2025-12-18,Online App,Credit Card,2
16338,1075,2025-02-09,In-Store,Apple Pay,1
16339,1639,2025-12-28,Online App,Tabby (BNPL),1
16340,1174,2025-05-18,Website,Credit Card,2
16341,6,2025-10-11,Online App,Apple Pay,1
16342,2199,2025-12-31,Website,Cash on Delivery,2
16343,2261,2025-10-26,Online App,Tabby (BNPL),6
16344,2249,2025-11-11,Online App,Credit Card,2
16345,1061,2025-09-10,Online App,Cash on Delivery,6
16346,1569,2025-04-11,Website,Credit Card,2
16347,1101,2024-11-21,In-Store,Apple Pay,1
16348,51,2025-11-03,Online App,Credit Card,2
16349,1693,2025-08-25,Online App,Tabby (BNPL),2
16350,359,2025-11-28,Website,Tabby (BNPL),6
16351,231,2025-11-23,Online App,Tabby (BNPL),1
16352,2270,2025-10-05,Website,Apple Pay,1
16353,27,2025-09-08,Website,Credit Card,2
16354,2880,2024-12-16,In-Store,Credit Card,2
16355,1539,2025-10-27,In-Store,Credit Card,5
16356,2951,2025-11-11,Online App,Cash on Delivery,1
16357,166,2025-08-16,Online App,Tabby (BNPL),2
16358,1753,2025-12-26,Online App,Cash on Delivery,1
16359,1072,2025-07-11,Online App,Apple Pay,1
16360,2534,2025-06-11,In-Store,Tabby (BNPL),2
16361,1105,2025-08-12,Online App,Apple Pay,1
16362,796,2024-03-20,Online App,Credit Card,2
16363,2575,2025-03-03,Online App,Tabby (BNPL),1
16364,1149,2025-12-27,Online App,Credit Card,5
16365,54,2024-10-25,In-Store,Apple Pay,7
16366,1195,2025-09-03,Online App,Cash on Delivery,1
16367,1974,2024-08-09,In-Store,Credit Card,2
16368,778,2025-08-29,Website,Credit Card,1
16369,1309,2024-10-01,In-Store,Cash on Delivery,3
16370,163,2025-12-12,Online App,Apple Pay,5
16371,1770,2024-04-29,Website,Tabby (BNPL),1
16372,2273,2025-05-06,Online App,Cash on Delivery,2
16373,1250,2025-08-13,Online App,Credit Card,3
16374,1270,2025-05-12,Website,Apple Pay,2
16375,256,2025-04-17,In-Store,Apple Pay,3
16376,618,2025-12-18,Website,Apple Pay,1
16377,466,2025-11-19,Website,Tabby (BNPL),1
16378,1455,2025-10-03,Online App,Apple Pay,1
16379,1592,2025-12-30,Website,Credit Card,1
16380,2846,2025-10-05,Website,Credit Card,1
16381,214,2025-10-16,In-Store,Cash on Delivery,1
16382,1805,2025-11-27,Online App,Credit Card,2
16383,1586,2025-11-02,Website,Apple Pay,3
16384,1544,2025-10-19,Online App,Tabby (BNPL),4
16385,2628,2025-07-06,Online App,Credit Card,2
16386,634,2025-12-26,Online App,Apple Pay,2
16387,122,2025-10-29,Online App,Apple Pay,1
16388,2028,2025-11-04,Website,Cash on Delivery,1
16389,1062,2025-04-17,Online App,Tabby (BNPL),1
16390,54,2024-12-04,Online App,Tabby (BNPL),7
16391,770,2024-07-05,Online App,Apple Pay,2
16392,940,2025-01-14,In-Store,Tabby (BNPL),1
16393,1858,2025-12-16,Website,Cash on Delivery,1
16394,525,2025-12-14,Online App,Credit Card,1
16395,1250,2024-11-13,Online App,Apple Pay,3
16396,1456,2025-12-16,Online App,Apple Pay,1
16397,1394,2025-10-18,Online App,Apple Pay,1
16398,2924,2025-02-15,Website,Cash on Delivery,1
16399,132,2025-12-09,In-Store,Credit Card,7
16400,2849,2025-10-25,Online App,Apple Pay,1
16401,1749,2025-12-23,Online App,Cash on Delivery,2
16402,2400,2025-12-31,Online App,Cash on Delivery,2
16403,1304,2025-10-17,In-Store,Tabby (BNPL),2
16404,1377,2024-09-12,Online App,Cash on Delivery,3
16405,2647,2025-07-18,Website,Tabby (BNPL),1
16406,2691,2025-07-27,Online App,Cash on Delivery,2
16407,735,2025-06-04,Online App,Cash on Delivery,7
16408,609,2025-07-07,Website,Apple Pay,2
16409,1493,2025-08-02,In-Store,Cash on Delivery,2
16410,2702,2025-07-05,Online App,Credit Card,1
16411,987,2025-09-23,Online App,Cash on Delivery,2
16412,1967,2025-06-20,Website,Cash on Delivery,1
16413,2127,2025-11-15,Online App,Tabby (BNPL),1
16414,2351,2025-03-25,Website,Apple Pay,3
16415,1696,2025-03-21,Online App,Cash on Delivery,4
16416,1223,2025-12-30,Website,Credit Card,7
16417,2908,2025-11-22,Online App,Credit Card,3
16418,1842,2025-11-19,Online App,Apple Pay,1
16419,2188,2025-10-03,Online App,Cash on Delivery,4
16420,1061,2025-08-16,Online App,Tabby (BNPL),6
16421,2020,2025-12-02,Website,Credit Card,1
16422,788,2025-12-31,Website,Tabby (BNPL),4
16423,754,2025-12-10,In-Store,Cash on Delivery,1
16424,2147,2025-06-07,In-Store,Tabby (BNPL),2
16425,1566,2025-12-29,In-Store,Apple Pay,6
16426,2061,2025-10-15,Online App,Cash on Delivery,2
16427,820,2025-07-31,Online App,Credit Card,5
16428,1803,2024-09-05,Website,Cash on Delivery,1
16429,1350,2025-08-15,Online App,Credit Card,1
16430,1798,2025-04-08,Online App,Tabby (BNPL),1
16431,885,2025-11-29,Online App,Credit Card,1
16432,2149,2025-01-21,Online App,Cash on Delivery,2
16433,2432,2025-11-27,Online App,Apple Pay,1
16434,795,2025-12-25,In-Store,Cash on Delivery,5
16435,916,2025-05-11,Online App,Apple Pay,3
16436,1993,2025-08-31,Online App,Credit Card,1
16437,2097,2025-10-20,Online App,Cash on Delivery,2
16438,2117,2025-10-05,Online App,Credit Card,7
16439,2058,2025-11-07,Website,Apple Pay,2
16440,1200,2025-02-05,Online App,Credit Card,2
16441,1205,2025-10-30,Online App,Credit Card,4
16442,780,2025-03-21,Website,Credit Card,1
16443,473,2025-07-25,Online App,Cash on Delivery,1
16444,2088,2025-06-27,In-Store,Credit Card,3
16445,271,2025-09-21,Online App,Credit Card,2
16446,2812,2025-12-07,Online App,Tabby (BNPL),3
16447,2491,2025-06-04,Online App,Tabby (BNPL),3
16448,2575,2025-02-16,Online App,Cash on Delivery,1
16449,2719,2024-11-30,Online App,Apple Pay,1
16450,1240,2025-02-07,In-Store,Tabby (BNPL),3
16451,2544,2025-12-08,In-Store,Tabby (BNPL),1
16452,475,2024-09-04,In-Store,Apple Pay,5
16453,71,2025-08-24,In-Store,Tabby (BNPL),3
16454,2367,2025-11-18,Online App,Credit Card,2
16455,220,2025-11-02,In-Store,Apple Pay,6
16456,2967,2025-09-17,Online App,Cash on Delivery,2
16457,2035,2024-12-22,Website,Apple Pay,1
16458,2264,2025-08-07,Online App,Cash on Delivery,1
16459,756,2025-12-18,Website,Tabby (BNPL),1
16460,2032,2024-08-05,Online App,Apple Pay,3
16461,125,2025-12-17,Online App,Cash on Delivery,1
16462,2520,2025-11-03,Website,Tabby (BNPL),4
16463,518,2024-12-29,Online App,Tabby (BNPL),4
16464,2103,2025-12-29,Online App,Apple Pay,3
16465,690,2025-08-27,Online App,Credit Card,2
16466,200,2025-01-08,Online App,Tabby (BNPL),1
16467,1454,2025-10-20,Online App,Apple Pay,1
16468,516,2024-08-24,Online App,Tabby (BNPL),1
16469,2189,2025-10-28,In-Store,Tabby (BNPL),2
16470,734,2025-07-06,Website,Cash on Delivery,1
16471,1049,2025-12-11,Online App,Cash on Delivery,1
16472,1709,2025-10-01,In-Store,Cash on Delivery,1
16473,865,2025-12-15,Online App,Tabby (BNPL),1
16474,1158,2025-11-18,Online App,Credit Card,3
16475,2459,2025-12-08,Website,Tabby (BNPL),4
16476,545,2025-10-02,Online App,Tabby (BNPL),5
16477,240,2025-09-04,Online App,Cash on Delivery,3
16478,1004,2025-11-07,Website,Apple Pay,2
16479,1281,2025-06-26,Online App,Cash on Delivery,1
16480,1639,2025-12-10,Online App,Tabby (BNPL),1
16481,1142,2024-09-21,Website,Apple Pay,5
16482,2381,2025-05-31,Website,Tabby (BNPL),1
16483,119,2025-12-02,Website,Cash on Delivery,1
16484,1309,2025-10-04,Online App,Credit Card,3
16485,1169,2025-11-18,Website,Tabby (BNPL),1
16486,1953,2025-10-11,Website,Apple Pay,3
16487,2907,2025-02-16,In-Store,Credit Card,1
16488,1526,2025-12-17,Online App,Credit Card,7
16489,2961,2025-09-16,Online App,Cash on Delivery,2
16490,920,2025-08-24,Website,Apple Pay,3
16491,102,2025-12-20,Website,Tabby (BNPL),2
16492,506,2025-09-25,Online App,Apple Pay,2
16493,1205,2025-10-17,In-Store,Apple Pay,4
16494,965,2025-12-07,In-Store,Credit Card,3
16495,286,2025-06-29,Online App,Apple Pay,1
16496,1310,2025-12-31,Online App,Apple Pay,7
16497,1034,2025-11-03,Online App,Cash on Delivery,1
16498,356,2025-08-07,Website,Credit Card,2
16499,901,2025-11-07,Website,Tabby (BNPL),7
16500,2667,2025-01-16,In-Store,Credit Card,2
16501,919,2025-06-01,Online App,Cash on Delivery,3
16502,2145,2025-09-10,Website,Tabby (BNPL),1
16503,1845,2024-10-11,Online App,Tabby (BNPL),1
16504,1291,2025-12-24,Website,Cash on Delivery,5
16505,737,2025-02-02,Online App,Apple Pay,3
16506,1130,2025-09-02,Online App,Credit Card,1
16507,1781,2024-08-23,Online App,Tabby (BNPL),2
16508,1076,2025-12-10,Website,Apple Pay,1
16509,662,2025-11-25,In-Store,Apple Pay,2
16510,339,2025-12-29,In-Store,Credit Card,4
16511,2648,2025-02-14,Online App,Credit Card,1
16512,1337,2025-11-05,Online App,Apple Pay,2
16513,1885,2024-12-28,Online App,Cash on Delivery,2
16514,1475,2025-09-06,In-Store,Credit Card,2
16515,2626,2025-11-23,Online App,Apple Pay,5
16516,1651,2025-09-04,Online App,Credit Card,2
16517,1451,2025-06-27,Website,Credit Card,2
16518,2771,2024-09-11,Online App,Credit Card,1
16519,2158,2024-08-07,Online App,Tabby (BNPL),2
16520,326,2024-10-26,In-Store,Tabby (BNPL),1
16521,541,2025-12-21,In-Store,Apple Pay,4
16522,2375,2025-11-28,In-Store,Credit Card,2
16523,2514,2025-11-21,In-Store,Cash on Delivery,5
16524,1647,2025-03-28,Online App,Tabby (BNPL),2
16525,1669,2025-07-26,Website,Tabby (BNPL),1
16526,1906,2025-11-08,In-Store,Credit Card,1
16527,1333,2025-12-26,Online App,Credit Card,2
16528,2049,2025-02-16,Online App,Apple Pay,1
16529,321,2025-06-05,Website,Apple Pay,1
16530,2891,2025-11-23,Online App,Apple Pay,1
16531,2254,2025-09-20,Online App,Tabby (BNPL),1
16532,1902,2025-06-16,Online App,Apple Pay,1
16533,965,2025-12-10,In-Store,Cash on Delivery,3
16534,487,2025-12-17,In-Store,Credit Card,6
16535,1242,2025-11-09,Online App,Credit Card,2
16536,1995,2025-10-01,Website,Tabby (BNPL),1
16537,1913,2025-01-30,Online App,Credit Card,3
16538,1170,2025-12-28,Online App,Tabby (BNPL),2
16539,1847,2025-08-10,Online App,Cash on Delivery,2
16540,2455,2025-09-13,In-Store,Credit Card,2
16541,90,2024-06-17,Online App,Credit Card,1
16542,1369,2025-09-30,Online App,Tabby (BNPL),2
16543,2280,2025-04-23,Website,Cash on Delivery,1
16544,1650,2025-08-05,Online App,Cash on Delivery,1
16545,1964,2025-12-12,Website,Cash on Delivery,6
16546,1547,2025-07-03,Online App,Credit Card,1
16547,2976,2025-11-15,Online App,Credit Card,2
16548,158,2024-06-23,Online App,Apple Pay,2
16549,1477,2025-06-29,Website,Cash on Delivery,5
16550,264,2025-11-03,Online App,Credit Card,1
16551,484,2025-03-03,Online App,Tabby (BNPL),7
16552,1171,2025-12-31,Online App,Cash on Delivery,2
16553,467,2025-01-16,Online App,Credit Card,1
16554,2898,2025-02-10,Website,Apple Pay,1
16555,2839,2025-11-19,Online App,Cash on Delivery,2
16556,1030,2025-05-03,Online App,Credit Card,6
16557,1930,2025-11-02,Online App,Credit Card,6
16558,1606,2024-12-12,In-Store,Credit Card,1
16559,2459,2025-08-06,Website,Tabby (BNPL),4
16560,1891,2025-08-21,Website,Credit Card,4
16561,2,2025-09-25,Website,Credit Card,2
16562,2297,2025-08-03,Website,Credit Card,1
16563,2248,2025-11-04,In-Store,Tabby (BNPL),2
16564,1524,2025-09-22,Website,Apple Pay,1
16565,2711,2025-12-16,Online App,Credit Card,1
16566,2724,2025-12-23,In-Store,Cash on Delivery,7
16567,1577,2025-07-22,Online App,Tabby (BNPL),3
16568,1830,2025-05-23,Online App,Tabby (BNPL),2
16569,2992,2025-03-18,Website,Cash on Delivery,1
16570,909,2024-12-29,In-Store,Credit Card,2
16571,993,2025-11-19,Online App,Credit Card,5
16572,558,2025-08-08,Online App,Credit Card,1
16573,2690,2025-08-26,In-Store,Credit Card,2
16574,2242,2025-12-25,Website,Apple Pay,1
16575,312,2025-06-21,Online App,Credit Card,4
16576,2949,2025-12-10,Online App,Cash on Delivery,3
16577,2196,2025-10-03,Website,Tabby (BNPL),2
16578,2556,2024-10-28,In-Store,Credit Card,3
16579,140,2025-02-02,Online App,Cash on Delivery,2
16580,1513,2025-08-17,Online App,Tabby (BNPL),2
16581,2105,2025-03-16,Website,Apple Pay,4
16582,1639,2025-12-04,Website,Cash on Delivery,1
16583,2011,2025-07-30,Online App,Credit Card,3
16584,2466,2025-11-07,Online App,Credit Card,6
16585,1149,2025-12-25,In-Store,Tabby (BNPL),5
16586,2552,2025-08-21,Online App,Cash on Delivery,1
16587,496,2025-09-18,Online App,Apple Pay,1
16588,822,2025-12-29,Online App,Tabby (BNPL),1
16589,126,2025-12-14,In-Store,Tabby (BNPL),2
16590,1114,2024-11-13,Website,Apple Pay,2
16591,1163,2025-07-27,Online App,Credit Card,2
16592,2429,2025-01-29,Website,Cash on Delivery,1
16593,1970,2024-10-31,Online App,Cash on Delivery,1
16594,1326,2025-07-26,Online App,Apple Pay,2
16595,1967,2025-11-02,In-Store,Credit Card,1
16596,153,2025-09-28,Online App,Credit Card,2
16597,549,2025-12-21,In-Store,Tabby (BNPL),2
16598,1890,2024-10-20,Online App,Cash on Delivery,2
16599,1934,2025-09-19,Website,Credit Card,3
16600,2338,2025-12-15,In-Store,Tabby (BNPL),1
16601,1225,2025-10-26,Online App,Credit Card,2
16602,2167,2024-06-09,Online App,Tabby (BNPL),1
16603,2064,2024-07-17,Online App,Apple Pay,3
16604,2897,2025-05-28,Online App,Cash on Delivery,1
16605,662,2025-12-08,In-Store,Tabby (BNPL),2
16606,1661,2025-04-10,Online App,Credit Card,1
16607,1813,2025-10-19,Online App,Apple Pay,3
16608,2998,2025-11-03,In-Store,Credit Card,1
16609,616,2025-07-20,In-Store,Tabby (BNPL),1
16610,1573,2025-11-11,Website,Apple Pay,1
16611,1065,2025-10-25,Website,Tabby (BNPL),2
16612,1586,2025-12-05,Online App,Credit Card,3
16613,716,2025-01-05,Online App,Tabby (BNPL),1
16614,139,2025-12-24,In-Store,Apple Pay,1
16615,1721,2025-12-17,In-Store,Apple Pay,2
16616,1029,2025-12-07,In-Store,Apple Pay,1
16617,554,2024-10-28,Website,Credit Card,3
16618,991,2025-08-12,Online App,Credit Card,2
16619,141,2024-11-21,Website,Apple Pay,4
16620,2848,2025-09-14,In-Store,Credit Card,2
16621,1746,2025-08-29,Website,Cash on Delivery,1
16622,2458,2024-12-05,Website,Apple Pay,1
16623,1278,2025-11-10,In-Store,Credit Card,1
16624,2712,2025-06-20,In-Store,Credit Card,7
16625,1457,2025-11-23,In-Store,Cash on Delivery,1
16626,1727,2025-04-30,Online App,Apple Pay,3
16627,1479,2025-12-14,Online App,Cash on Delivery,4
16628,2202,2025-12-21,Website,Cash on Delivery,1
16629,1707,2025-09-28,Website,Apple Pay,1
16630,823,2025-04-15,Website,Tabby (BNPL),1
16631,438,2024-08-03,Online App,Credit Card,3
16632,1826,2025-08-02,Website,Apple Pay,2
16633,1473,2025-05-07,Website,Tabby (BNPL),2
16634,284,2025-11-21,In-Store,Apple Pay,1
16635,1206,2025-06-30,Online App,Tabby (BNPL),2
16636,1537,2025-11-09,Website,Tabby (BNPL),1
16637,2491,2025-08-20,In-Store,Cash on Delivery,3
16638,224,2025-01-23,In-Store,Tabby (BNPL),2
16639,1071,2025-05-13,Online App,Credit Card,1
16640,2479,2025-09-21,In-Store,Tabby (BNPL),3
16641,1956,2025-09-03,Website,Cash on Delivery,4
16642,882,2025-10-22,Online App,Tabby (BNPL),3
16643,2541,2024-09-06,Online App,Credit Card,1
16644,1484,2025-06-27,Online App,Cash on Delivery,1
16645,1496,2024-07-17,Online App,Apple Pay,3
16646,2931,2025-12-09,Online App,Cash on Delivery,1
16647,2839,2025-10-25,In-Store,Credit Card,2
16648,1097,2025-08-07,Online App,Cash on Delivery,1
16649,421,2025-12-31,Online App,Apple Pay,2
16650,997,2025-11-06,Online App,Cash on Delivery,1
16651,100,2025-12-29,Online App,Credit Card,1
16652,68,2025-09-01,Online App,Apple Pay,2
16653,1206,2025-08-19,Website,Credit Card,2
16654,2823,2025-11-03,Website,Cash on Delivery,4
16655,2619,2025-09-17,Website,Tabby (BNPL),1
16656,1529,2025-10-03,Website,Tabby (BNPL),4
16657,1701,2025-12-20,Website,Tabby (BNPL),4
16658,19,2025-11-11,Website,Apple Pay,2
16659,662,2025-12-18,In-Store,Cash on Delivery,2
16660,84,2024-10-10,In-Store,Credit Card,1
16661,2269,2025-08-30,Online App,Credit Card,1
16662,438,2025-10-19,Website,Tabby (BNPL),3
16663,2614,2025-04-15,Online App,Cash on Delivery,1
16664,1937,2025-10-08,Online App,Tabby (BNPL),5
16665,707,2025-04-06,Website,Tabby (BNPL),4
16666,474,2025-03-27,Online App,Credit Card,1
16667,1892,2025-12-15,Online App,Credit Card,3
16668,2705,2024-10-10,Website,Tabby (BNPL),1
16669,2155,2025-12-14,In-Store,Apple Pay,5
16670,1071,2025-04-24,Online App,Credit Card,1
16671,1767,2025-11-02,Website,Credit Card,1
16672,945,2025-08-17,Online App,Tabby (BNPL),2
16673,2999,2025-12-21,Online App,Tabby (BNPL),1
16674,2252,2025-12-17,Online App,Credit Card,1
16675,1849,2025-09-12,Website,Credit Card,3
16676,1278,2024-08-20,Online App,Apple Pay,1
16677,1862,2025-12-17,Online App,Tabby (BNPL),1
16678,1049,2025-12-16,Online App,Apple Pay,1
16679,95,2024-08-05,Website,Credit Card,3
16680,1205,2025-09-30,Online App,Tabby (BNPL),4
16681,2791,2025-04-29,Website,Cash on Delivery,3
16682,1889,2025-12-09,Online App,Apple Pay,7
16683,244,2025-03-30,In-Store,Cash on Delivery,1
16684,2665,2025-11-02,Online App,Apple Pay,6
16685,817,2025-11-19,Online App,Cash on Delivery,1
16686,750,2025-08-25,Online App,Credit Card,3
16687,904,2025-06-30,Website,Credit Card,1
16688,1735,2025-12-07,In-Store,Tabby (BNPL),1
16689,1647,2024-11-13,Website,Apple Pay,2
16690,1479,2025-10-25,Online App,Credit Card,4
16691,2153,2025-12-28,Website,Tabby (BNPL),1
16692,966,2025-09-11,Website,Apple Pay,2
16693,2360,2025-10-02,Online App,Apple Pay,2
16694,532,2025-10-25,Online App,Apple Pay,2
16695,2362,2025-02-07,Website,Tabby (BNPL),6
16696,2003,2025-07-12,Online App,Credit Card,2
16697,2060,2025-11-28,Online App,Cash on Delivery,1
16698,1455,2025-09-11,In-Store,Cash on Delivery,1
16699,2012,2025-06-05,Online App,Tabby (BNPL),2
16700,231,2025-11-20,Website,Cash on Delivery,1
16701,2559,2025-11-20,Online App,Credit Card,4
16702,159,2025-10-17,Online App,Cash on Delivery,3
16703,446,2025-05-02,Website,Credit Card,1
16704,1733,2024-12-14,Online App,Cash on Delivery,1
16705,2223,2024-10-05,Online App,Credit Card,2
16706,225,2025-09-22,In-Store,Credit Card,1
16707,2760,2025-09-14,Online App,Tabby (BNPL),1
16708,2924,2025-10-22,Online App,Cash on Delivery,1
16709,1825,2025-07-13,Online App,Credit Card,1
16710,1453,2025-09-26,Website,Credit Card,2
16711,2229,2024-05-22,In-Store,Tabby (BNPL),2
16712,1004,2025-11-27,Online App,Apple Pay,2
16713,1483,2025-12-24,Online App,Cash on Delivery,2
16714,2748,2025-09-16,In-Store,Credit Card,1
16715,2868,2024-07-16,Online App,Cash on Delivery,2
16716,2778,2024-09-03,Website,Tabby (BNPL),1
16717,801,2024-08-24,In-Store,Cash on Delivery,1
16718,717,2025-01-05,Website,Tabby (BNPL),2
16719,906,2024-05-25,Online App,Apple Pay,2
16720,1342,2024-07-19,Website,Apple Pay,1
16721,956,2025-10-08,Website,Cash on Delivery,2
16722,1149,2025-12-27,Website,Apple Pay,5
16723,1872,2025-12-19,Website,Apple Pay,2
16724,2296,2025-12-06,Online App,Cash on Delivery,3
16725,2213,2025-08-19,Online App,Apple Pay,4
16726,2458,2025-06-15,Online App,Apple Pay,1
16727,105,2025-03-27,In-Store,Cash on Delivery,1
16728,140,2025-04-21,In-Store,Tabby (BNPL),2
16729,2380,2025-10-21,Online App,Credit Card,3
16730,1604,2025-02-02,In-Store,Apple Pay,6
16731,1736,2025-12-01,In-Store,Credit Card,6
16732,152,2025-12-29,Online App,Tabby (BNPL),1
16733,781,2025-10-11,In-Store,Credit Card,1
16734,1927,2025-07-09,Website,Tabby (BNPL),2
16735,2580,2024-10-24,Website,Credit Card,4
16736,2750,2025-11-26,Online App,Credit Card,1
16737,1504,2025-07-11,Website,Credit Card,1
16738,1647,2024-12-27,Online App,Credit Card,2
16739,2510,2025-06-14,Online App,Cash on Delivery,1
16740,1618,2025-10-25,Online App,Apple Pay,1
16741,1547,2025-10-26,Website,Apple Pay,1
16742,2716,2025-11-15,Online App,Tabby (BNPL),4
16743,2381,2025-07-31,Online App,Cash on Delivery,1
16744,2725,2024-05-18,Website,Apple Pay,1
16745,671,2025-04-22,Online App,Cash on Delivery,5
16746,1578,2025-04-13,In-Store,Tabby (BNPL),7
16747,2531,2024-11-16,In-Store,Apple Pay,3
16748,326,2025-02-18,Website,Cash on Delivery,1
16749,2398,2025-04-03,Online App,Cash on Delivery,3
16750,560,2024-03-18,Online App,Apple Pay,6
16751,2438,2025-12-10,Online App,Credit Card,2
16752,1845,2025-01-23,Website,Apple Pay,1
16753,592,2025-07-16,Website,Credit Card,1
16754,1432,2025-01-26,Online App,Credit Card,1
16755,2055,2025-08-04,In-Store,Apple Pay,6
16756,1913,2025-03-23,Website,Credit Card,3
16757,1291,2025-07-27,Website,Tabby (BNPL),5
16758,2700,2025-12-11,Website,Cash on Delivery,1
16759,1557,2025-04-23,Online App,Credit Card,2
16760,1515,2025-09-17,Website,Credit Card,1
16761,178,2025-09-06,Website,Tabby (BNPL),2
16762,2763,2025-11-28,In-Store,Tabby (BNPL),1
16763,538,2025-09-03,Website,Cash on Delivery,2
16764,1589,2025-08-29,Online App,Apple Pay,1
16765,2423,2025-12-26,Online App,Tabby (BNPL),2
16766,662,2025-12-31,Online App,Cash on Delivery,2
16767,1587,2025-10-18,Online App,Apple Pay,5
16768,742,2025-08-10,Website,Credit Card,1
16769,2285,2025-09-02,Online App,Apple Pay,4
16770,1698,2025-11-24,Online App,Credit Card,3
16771,2573,2024-12-25,Online App,Tabby (BNPL),1
16772,2689,2025-08-13,Website,Tabby (BNPL),5
16773,1958,2025-09-04,Online App,Apple Pay,1
16774,2180,2025-09-02,Online App,Credit Card,1
16775,1658,2025-10-01,Online App,Cash on Delivery,6
16776,1177,2025-10-30,Online App,Cash on Delivery,1
16777,1956,2024-10-26,In-Store,Apple Pay,4
16778,2724,2025-12-23,In-Store,Tabby (BNPL),7
16779,1258,2025-11-22,Online App,Apple Pay,1
16780,957,2025-06-07,Website,Cash on Delivery,4
16781,1191,2025-12-03,Online App,Credit Card,1
16782,1319,2025-06-11,Online App,Credit Card,1
16783,215,2025-04-07,Website,Cash on Delivery,3
16784,1496,2025-08-30,Online App,Cash on Delivery,3
16785,1487,2024-06-07,Online App,Credit Card,2
16786,1770,2024-10-29,In-Store,Tabby (BNPL),1
16787,1109,2025-04-04,Online App,Cash on Delivery,1
16788,1846,2024-11-04,Online App,Tabby (BNPL),1
16789,2645,2025-10-06,Online App,Apple Pay,1
16790,2867,2025-12-10,In-Store,Cash on Delivery,1
16791,1754,2025-02-03,In-Store,Tabby (BNPL),2
16792,124,2025-11-07,Website,Cash on Delivery,7
16793,2912,2025-09-20,Online App,Cash on Delivery,1
16794,2122,2025-04-21,Website,Credit Card,1
16795,1030,2025-02-02,Online App,Cash on Delivery,6
16796,443,2024-07-02,Online App,Credit Card,1
16797,431,2025-12-02,Online App,Cash on Delivery,1
16798,515,2025-12-09,Online App,Apple Pay,5
16799,132,2025-07-03,Online App,Tabby (BNPL),7
16800,2710,2025-12-04,Online App,Credit Card,1
16801,1633,2025-11-26,Online App,Tabby (BNPL),2
16802,2110,2025-05-06,In-Store,Credit Card,7
16803,2494,2025-10-18,Online App,Tabby (BNPL),1
16804,2386,2024-09-29,Online App,Cash on Delivery,1
16805,2656,2025-10-08,Online App,Apple Pay,2
16806,2909,2025-05-25,Website,Credit Card,6
16807,1333,2025-12-16,In-Store,Credit Card,2
16808,2848,2025-09-10,Website,Cash on Delivery,2
16809,2170,2025-08-24,Website,Apple Pay,2
16810,207,2025-10-06,Online App,Tabby (BNPL),1
16811,2054,2025-04-14,Website,Tabby (BNPL),2
16812,2069,2025-08-11,Online App,Credit Card,2
16813,2717,2025-08-19,Website,Credit Card,2
16814,1143,2025-08-16,Online App,Cash on Delivery,4
16815,1758,2025-10-10,Website,Credit Card,3
16816,36,2025-05-16,Online App,Credit Card,5
16817,1015,2025-02-10,Online App,Tabby (BNPL),1
16818,178,2025-11-04,Website,Apple Pay,2
16819,1568,2025-10-03,Online App,Credit Card,6
16820,2466,2024-12-12,Online App,Cash on Delivery,6
16821,635,2025-05-02,Website,Apple Pay,3
16822,1587,2025-11-05,Online App,Tabby (BNPL),5
16823,626,2025-06-15,Online App,Apple Pay,1
16824,350,2024-11-02,Online App,Cash on Delivery,2
16825,1529,2025-09-18,Online App,Tabby (BNPL),4
16826,230,2025-09-09,Online App,Tabby (BNPL),1
16827,1766,2024-10-20,Online App,Tabby (BNPL),4
16828,104,2025-04-09,Website,Credit Card,1
16829,317,2025-01-29,Website,Cash on Delivery,2
16830,1658,2025-10-05,Online App,Tabby (BNPL),6
16831,1779,2025-07-15,Website,Tabby (BNPL),1
16832,95,2025-06-01,Website,Credit Card,3
16833,1724,2025-09-05,Website,Tabby (BNPL),4
16834,2523,2025-08-08,Online App,Tabby (BNPL),2
16835,2167,2025-12-08,Online App,Apple Pay,1
16836,386,2025-12-28,Online App,Tabby (BNPL),3
16837,1782,2025-06-25,Website,Cash on Delivery,5
16838,2028,2025-10-06,Online App,Tabby (BNPL),1
16839,117,2025-10-17,Website,Tabby (BNPL),2
16840,2571,2025-12-13,Online App,Apple Pay,1
16841,2717,2025-07-22,In-Store,Cash on Delivery,2
16842,2556,2024-08-07,Website,Apple Pay,3
16843,2486,2025-02-21,Online App,Apple Pay,1
16844,2244,2025-08-14,Online App,Tabby (BNPL),2
16845,1911,2025-12-17,Online App,Cash on Delivery,3
16846,2042,2025-01-23,Website,Cash on Delivery,2
16847,2433,2025-05-04,Online App,Apple Pay,1
16848,1999,2025-11-24,Online App,Cash on Delivery,3
16849,1004,2025-11-05,Online App,Tabby (BNPL),2
16850,1153,2025-11-10,Website,Tabby (BNPL),2
16851,2694,2025-12-15,Online App,Tabby (BNPL),2
16852,54,2025-08-12,Online App,Apple Pay,7
16853,2106,2025-11-10,Online App,Tabby (BNPL),4
16854,2863,2025-04-20,In-Store,Tabby (BNPL),1
16855,2123,2025-01-05,Website,Cash on Delivery,2
16856,2983,2025-11-02,In-Store,Credit Card,2
16857,2071,2025-07-31,Website,Apple Pay,2
16858,109,2025-12-10,Online App,Credit Card,2
16859,2491,2025-05-27,Online App,Credit Card,3
16860,864,2025-10-27,In-Store,Cash on Delivery,7
16861,1354,2025-11-08,Website,Cash on Delivery,3
16862,952,2024-09-13,Online App,Credit Card,1
16863,817,2025-09-20,Online App,Credit Card,1
16864,1308,2025-04-15,Online App,Cash on Delivery,1
16865,1160,2025-10-30,In-Store,Credit Card,5
16866,1911,2025-12-10,Website,Tabby (BNPL),3
16867,2453,2025-06-30,Online App,Tabby (BNPL),3
16868,904,2024-11-11,In-Store,Credit Card,1
16869,657,2025-11-25,Website,Apple Pay,1
16870,2012,2025-03-19,Online App,Cash on Delivery,2
16871,2021,2024-06-18,Online App,Cash on Delivery,6
16872,2707,2025-07-02,Online App,Credit Card,1
16873,51,2025-06-07,Website,Tabby (BNPL),2
16874,2565,2025-04-20,Website,Credit Card,1
16875,1564,2025-03-22,Online App,Cash on Delivery,2
16876,1873,2025-11-29,Website,Cash on Delivery,2
16877,264,2025-12-29,Online App,Apple Pay,1
16878,1310,2025-12-05,Website,Apple Pay,7
16879,699,2025-05-31,In-Store,Credit Card,2
16880,778,2025-03-25,In-Store,Tabby (BNPL),1
16881,1511,2024-09-19,Online App,Cash on Delivery,5
16882,2450,2025-08-16,Online App,Tabby (BNPL),1
16883,2240,2025-08-22,In-Store,Apple Pay,2
16884,1777,2025-12-04,In-Store,Credit Card,1
16885,1626,2024-04-12,Website,Credit Card,4
16886,1291,2025-10-13,In-Store,Credit Card,5
16887,2921,2025-04-17,In-Store,Tabby (BNPL),6
16888,1684,2025-11-29,Online App,Tabby (BNPL),2
16889,777,2024-06-12,Online App,Tabby (BNPL),2
16890,710,2025-08-01,Online App,Cash on Delivery,1
16891,1842,2025-09-04,Online App,Tabby (BNPL),1
16892,1571,2025-08-26,Website,Cash on Delivery,2
16893,23,2025-02-28,Website,Tabby (BNPL),1
16894,2499,2025-08-05,Website,Cash on Delivery,3
16895,2117,2025-05-28,Online App,Tabby (BNPL),7
16896,1996,2025-01-27,Online App,Apple Pay,1
16897,201,2025-06-19,Website,Cash on Delivery,1
16898,1107,2025-11-25,Online App,Credit Card,1
16899,2802,2025-08-17,Online App,Apple Pay,2
16900,2592,2024-12-18,Website,Tabby (BNPL),1
16901,868,2025-12-02,Website,Apple Pay,1
16902,474,2025-04-16,Website,Tabby (BNPL),1
16903,1360,2025-01-13,Online App,Cash on Delivery,1
16904,1092,2025-09-28,Website,Tabby (BNPL),1
16905,2055,2025-12-20,In-Store,Cash on Delivery,6
16906,2907,2025-03-20,In-Store,Tabby (BNPL),1
16907,1110,2025-09-12,Online App,Cash on Delivery,1
16908,178,2025-12-20,Online App,Tabby (BNPL),2
16909,2695,2025-09-11,Online App,Tabby (BNPL),2
16910,118,2025-11-16,Website,Credit Card,1
16911,2856,2025-05-18,Website,Tabby (BNPL),2
16912,2007,2025-11-17,Website,Apple Pay,1
16913,2825,2025-06-30,Website,Tabby (BNPL),6
16914,611,2025-12-31,Website,Apple Pay,5
16915,122,2025-11-28,Website,Tabby (BNPL),1
16916,1470,2025-11-19,In-Store,Tabby (BNPL),4
16917,1369,2025-11-01,Online App,Credit Card,2
16918,1013,2025-09-25,Website,Apple Pay,1
16919,2876,2025-08-29,In-Store,Credit Card,2
16920,2479,2025-06-29,Online App,Credit Card,3
16921,1995,2025-11-27,In-Store,Cash on Delivery,1
16922,495,2025-12-28,Online App,Apple Pay,1
16923,2208,2024-11-08,Online App,Tabby (BNPL),4
16924,2184,2025-04-26,Online App,Cash on Delivery,2
16925,1284,2025-04-29,Online App,Apple Pay,2
16926,2772,2025-06-04,Online App,Tabby (BNPL),1
16927,513,2025-08-08,Website,Credit Card,7
16928,813,2025-11-18,Online App,Apple Pay,2
16929,182,2025-05-22,Online App,Apple Pay,4
16930,2400,2025-12-30,Website,Cash on Delivery,2
16931,1875,2025-11-05,Online App,Credit Card,2
16932,960,2025-10-23,Online App,Cash on Delivery,7
16933,497,2025-05-01,In-Store,Apple Pay,1
16934,120,2025-12-22,Online App,Tabby (BNPL),2
16935,512,2025-12-14,Website,Cash on Delivery,2
16936,1375,2025-11-14,Online App,Tabby (BNPL),2
16937,759,2025-12-28,Website,Cash on Delivery,1
16938,791,2025-12-12,Online App,Credit Card,1
16939,2638,2025-08-04,Online App,Credit Card,1
16940,1539,2025-07-24,Online App,Tabby (BNPL),5
16941,2189,2025-11-26,Online App,Tabby (BNPL),2
16942,111,2025-08-11,Online App,Tabby (BNPL),1
16943,1116,2025-07-31,Website,Tabby (BNPL),1
16944,1448,2025-12-27,Online App,Cash on Delivery,5
16945,569,2024-07-25,Website,Apple Pay,1
16946,350,2025-05-13,Online App,Tabby (BNPL),2
16947,2618,2025-09-10,In-Store,Tabby (BNPL),1
16948,2817,2025-07-20,Website,Apple Pay,4
16949,230,2024-09-13,Online App,Tabby (BNPL),1
16950,1071,2025-11-24,In-Store,Cash on Delivery,1
16951,2878,2025-02-18,Website,Cash on Delivery,7
16952,241,2025-12-24,In-Store,Apple Pay,3
16953,1938,2024-06-13,Online App,Tabby (BNPL),7
16954,2920,2025-06-10,Online App,Apple Pay,1
16955,2936,2025-11-10,In-Store,Apple Pay,1
16956,1426,2025-01-08,Online App,Cash on Delivery,1
16957,495,2025-12-21,Online App,Cash on Delivery,1
16958,618,2025-11-16,Website,Apple Pay,1
16959,2675,2025-08-16,Online App,Apple Pay,2
16960,2733,2025-12-18,Website,Cash on Delivery,1
16961,1830,2025-06-11,Website,Cash on Delivery,2
16962,2308,2025-11-16,Online App,Credit Card,1
16963,2226,2025-10-06,Online App,Credit Card,1
16964,1996,2025-07-30,Website,Apple Pay,1
16965,2493,2025-02-21,Online App,Credit Card,3
16966,2067,2025-03-02,Online App,Apple Pay,3
16967,1607,2025-12-25,Online App,Apple Pay,1
16968,732,2025-04-08,In-Store,Apple Pay,1
16969,2241,2024-10-09,In-Store,Credit Card,5
16970,1432,2024-12-25,In-Store,Cash on Delivery,1
16971,896,2025-11-30,In-Store,Apple Pay,2
16972,2420,2024-10-20,Website,Apple Pay,1
16973,2101,2025-08-18,Website,Cash on Delivery,2
16974,2811,2025-12-11,Website,Tabby (BNPL),4
16975,505,2025-02-06,In-Store,Tabby (BNPL),1
16976,1959,2025-05-28,Website,Credit Card,3
16977,751,2025-07-13,In-Store,Tabby (BNPL),2
16978,2713,2025-05-09,Website,Apple Pay,1
16979,292,2025-06-07,Online App,Tabby (BNPL),1
16980,1979,2025-11-13,Website,Credit Card,3
16981,2386,2025-05-04,Online App,Cash on Delivery,1
16982,1089,2025-09-16,Online App,Cash on Delivery,1
16983,2861,2025-10-16,Website,Credit Card,1
16984,2556,2025-01-31,Online App,Tabby (BNPL),3
16985,895,2025-11-03,Online App,Tabby (BNPL),1
16986,22,2024-10-31,Online App,Cash on Delivery,2
16987,902,2025-12-14,In-Store,Credit Card,1
16988,853,2025-03-12,Online App,Tabby (BNPL),4
16989,2677,2025-10-28,Website,Apple Pay,3
16990,2908,2025-11-12,Online App,Credit Card,3
16991,206,2024-12-24,Online App,Tabby (BNPL),1
16992,1427,2024-08-04,In-Store,Tabby (BNPL),2
16993,1653,2025-08-09,Online App,Tabby (BNPL),1
16994,271,2025-10-27,In-Store,Cash on Delivery,2
16995,1157,2025-08-28,In-Store,Credit Card,5
16996,967,2025-12-07,Website,Apple Pay,3
16997,1613,2025-03-03,Online App,Apple Pay,4
16998,1993,2025-11-19,In-Store,Credit Card,1
16999,2116,2025-03-15,In-Store,Credit Card,2
17000,408,2025-09-04,Website,Credit Card,1
17001,2452,2025-05-08,Online App,Tabby (BNPL),2
17002,2042,2025-03-02,Online App,Credit Card,2
17003,2674,2024-12-28,Online App,Credit Card,1
17004,1362,2024-12-27,Online App,Cash on Delivery,3
17005,2688,2024-10-13,In-Store,Tabby (BNPL),5
17006,2604,2024-11-24,Website,Cash on Delivery,3
17007,1331,2025-12-04,Online App,Apple Pay,3
17008,1168,2025-09-22,Online App,Tabby (BNPL),2
17009,2797,2025-01-23,Website,Cash on Delivery,2
17010,2147,2025-05-28,In-Store,Credit Card,2
17011,2785,2025-10-13,In-Store,Cash on Delivery,5
17012,2405,2024-07-07,Online App,Cash on Delivery,1
17013,1836,2025-11-16,Online App,Credit Card,1
17014,338,2025-08-10,In-Store,Apple Pay,1
17015,888,2025-05-10,In-Store,Credit Card,1
17016,2912,2025-11-10,Online App,Apple Pay,1
17017,977,2025-07-14,Website,Tabby (BNPL),2
17018,271,2025-06-17,Online App,Tabby (BNPL),2
17019,2125,2024-07-05,Online App,Apple Pay,1
17020,2206,2025-05-31,In-Store,Apple Pay,2
17021,867,2025-01-27,Website,Credit Card,1
17022,906,2025-03-05,Online App,Tabby (BNPL),2
17023,1418,2025-03-03,Online App,Credit Card,1
17024,72,2025-05-10,In-Store,Credit Card,5
17025,2380,2025-06-05,Website,Cash on Delivery,3
17026,967,2025-11-13,Online App,Cash on Delivery,3
17027,2565,2024-08-27,Online App,Apple Pay,1
17028,2420,2025-01-11,Website,Tabby (BNPL),1
17029,1994,2025-01-23,Online App,Cash on Delivery,2
17030,995,2025-09-26,Online App,Cash on Delivery,1
17031,1545,2025-06-13,Online App,Cash on Delivery,1
17032,1351,2025-12-01,Online App,Tabby (BNPL),2
17033,1037,2025-10-04,In-Store,Cash on Delivery,1
17034,2549,2025-08-12,Website,Tabby (BNPL),1
17035,1457,2025-12-28,Online App,Tabby (BNPL),1
17036,2510,2025-06-13,Website,Tabby (BNPL),1
17037,310,2025-11-02,Online App,Cash on Delivery,1
17038,422,2025-05-19,In-Store,Apple Pay,2
17039,2933,2024-12-31,Online App,Tabby (BNPL),2
17040,1769,2024-10-16,Website,Tabby (BNPL),1
17041,1524,2025-11-18,Online App,Cash on Delivery,1
17042,1573,2025-11-16,Website,Apple Pay,1
17043,662,2025-12-23,Website,Cash on Delivery,2
17044,2155,2025-12-29,In-Store,Cash on Delivery,5
17045,247,2025-08-25,Online App,Apple Pay,3
17046,1724,2025-12-29,Website,Tabby (BNPL),4
17047,1716,2025-12-18,Website,Cash on Delivery,2
17048,2741,2025-10-05,Online App,Credit Card,1
17049,1586,2025-07-13,Website,Cash on Delivery,3
17050,410,2024-08-29,In-Store,Credit Card,1
17051,1721,2025-11-09,Website,Credit Card,2
17052,264,2025-12-11,Online App,Apple Pay,1
17053,626,2025-09-26,Online App,Credit Card,1
17054,104,2025-10-13,Online App,Cash on Delivery,1
17055,1535,2025-06-29,Website,Tabby (BNPL),1
17056,245,2025-09-16,In-Store,Cash on Delivery,1
17057,1420,2025-01-30,Online App,Credit Card,5
17058,2797,2025-08-23,Online App,Apple Pay,2
17059,2159,2025-02-10,Online App,Credit Card,3
17060,227,2025-12-29,In-Store,Apple Pay,4
17061,690,2025-08-15,Website,Tabby (BNPL),2
17062,2032,2024-07-13,Online App,Apple Pay,3
17063,2689,2024-10-25,Website,Credit Card,5
17064,107,2024-11-28,Online App,Cash on Delivery,3
17065,2450,2025-06-24,Online App,Cash on Delivery,1
17066,1692,2025-01-31,In-Store,Apple Pay,2
17067,1650,2025-08-01,Online App,Cash on Delivery,1
17068,2877,2025-10-06,Website,Tabby (BNPL),2
17069,2251,2025-10-11,Online App,Credit Card,1
17070,2554,2025-01-19,Online App,Credit Card,7
17071,1086,2025-10-16,Website,Apple Pay,1
17072,1669,2025-07-02,Online App,Cash on Delivery,1
17073,1851,2025-08-23,Online App,Cash on Delivery,3
17074,984,2025-09-07,In-Store,Credit Card,1
17075,1715,2024-09-15,In-Store,Apple Pay,3
17076,730,2025-08-13,In-Store,Cash on Delivery,1
17077,431,2025-08-11,In-Store,Apple Pay,1
17078,1148,2025-05-16,Online App,Tabby (BNPL),2
17079,2223,2024-12-21,Online App,Apple Pay,2
17080,2748,2025-11-11,Online App,Apple Pay,1
17081,1391,2025-01-03,Website,Tabby (BNPL),2
17082,1935,2025-03-21,In-Store,Credit Card,2
17083,306,2025-10-30,Website,Cash on Delivery,5
17084,2714,2024-05-19,Online App,Tabby (BNPL),2
17085,1712,2025-01-04,Website,Credit Card,1
17086,2356,2025-12-22,Website,Credit Card,2
17087,2398,2025-05-26,In-Store,Cash on Delivery,3
17088,785,2025-12-10,Online App,Tabby (BNPL),2
17089,1591,2025-04-10,Online App,Credit Card,3
17090,2886,2025-03-11,Website,Apple Pay,2
17091,258,2025-11-26,Online App,Cash on Delivery,7
17092,2059,2025-01-09,Website,Credit Card,3
17093,2893,2025-11-16,In-Store,Apple Pay,2
17094,915,2025-06-28,In-Store,Tabby (BNPL),5
17095,2589,2024-08-11,Online App,Tabby (BNPL),1
17096,2800,2024-07-19,Online App,Apple Pay,1
17097,2249,2025-04-12,In-Store,Cash on Delivery,2
17098,713,2025-07-14,Online App,Tabby (BNPL),7
17099,1022,2025-08-31,In-Store,Apple Pay,2
17100,111,2024-12-08,Online App,Credit Card,1
17101,2505,2025-09-08,Online App,Credit Card,1
17102,2553,2024-10-27,Online App,Credit Card,1
17103,1909,2025-05-02,Website,Cash on Delivery,1
17104,1080,2025-10-27,Online App,Tabby (BNPL),3
17105,226,2025-12-14,Online App,Credit Card,6
17106,2264,2025-05-02,Online App,Credit Card,1
17107,2183,2025-03-23,In-Store,Tabby (BNPL),1
17108,2735,2024-11-23,Website,Tabby (BNPL),4
17109,2194,2025-07-16,Website,Credit Card,1
17110,2495,2025-09-05,Website,Tabby (BNPL),1
17111,2247,2025-09-18,In-Store,Cash on Delivery,3
17112,1901,2025-10-09,Website,Tabby (BNPL),3
17113,1291,2025-10-20,Online App,Apple Pay,5
17114,2710,2025-11-26,In-Store,Apple Pay,1
17115,1963,2025-12-02,Online App,Tabby (BNPL),1
17116,1213,2024-11-27,In-Store,Credit Card,3
17117,243,2024-12-13,Online App,Tabby (BNPL),5
17118,884,2025-11-29,In-Store,Credit Card,4
17119,1642,2025-10-24,Online App,Apple Pay,1
17120,838,2025-12-14,Online App,Cash on Delivery,2
17121,683,2025-09-16,Website,Cash on Delivery,1
17122,1587,2025-09-10,Website,Credit Card,5
17123,519,2025-11-09,In-Store,Apple Pay,2
17124,2415,2025-03-04,In-Store,Tabby (BNPL),2
17125,1459,2025-02-21,Online App,Tabby (BNPL),7
17126,1727,2025-05-02,Website,Apple Pay,3
17127,444,2025-04-09,Online App,Cash on Delivery,2
17128,993,2025-11-10,Website,Apple Pay,5
17129,1243,2025-11-23,In-Store,Apple Pay,2
17130,2438,2025-12-03,Website,Credit Card,2
17131,2323,2024-06-29,Online App,Credit Card,3
17132,688,2024-09-23,Website,Tabby (BNPL),2
17133,1854,2025-12-16,Online App,Tabby (BNPL),1
17134,749,2025-01-28,Online App,Tabby (BNPL),1
17135,2967,2024-09-01,In-Store,Cash on Delivery,2
17136,2852,2025-06-30,Online App,Credit Card,1
17137,1694,2025-10-18,Online App,Apple Pay,5
17138,2106,2025-10-02,In-Store,Credit Card,4
17139,2417,2025-08-10,Website,Credit Card,2
17140,2164,2025-12-01,Online App,Tabby (BNPL),1
17141,2110,2025-12-24,Online App,Cash on Delivery,7
17142,2879,2025-10-17,Online App,Apple Pay,7
17143,1797,2025-07-07,In-Store,Credit Card,2
17144,1921,2025-03-31,Online App,Apple Pay,2
17145,2552,2025-10-12,Online App,Apple Pay,1
17146,2020,2025-03-29,Online App,Apple Pay,1
17147,2201,2025-08-15,Online App,Credit Card,4
17148,722,2025-11-09,In-Store,Tabby (BNPL),1
17149,1137,2025-06-30,Online App,Tabby (BNPL),2
17150,444,2025-09-05,Website,Cash on Delivery,2
17151,1515,2025-11-15,Online App,Tabby (BNPL),1
17152,1383,2024-03-08,Website,Tabby (BNPL),2
17153,2994,2025-10-17,Online App,Tabby (BNPL),1
17154,1842,2025-10-10,Website,Credit Card,1
17155,2372,2025-12-06,Website,Tabby (BNPL),1
17156,1022,2024-06-12,Website,Cash on Delivery,2
17157,2506,2025-11-12,Website,Cash on Delivery,2
17158,1850,2025-12-30,Website,Cash on Delivery,2
17159,2102,2024-08-05,Online App,Tabby (BNPL),2
17160,894,2025-12-16,Website,Tabby (BNPL),2
17161,1655,2025-12-21,Website,Credit Card,1
17162,1914,2025-10-13,Website,Credit Card,1
17163,1771,2025-10-29,Online App,Apple Pay,2
17164,2744,2025-04-09,In-Store,Cash on Delivery,1
17165,2696,2025-09-14,Online App,Tabby (BNPL),2
17166,2917,2025-01-23,Online App,Apple Pay,2
17167,2013,2024-12-12,Website,Credit Card,1
17168,2919,2025-03-17,Website,Apple Pay,2
17169,2509,2025-11-25,Online App,Apple Pay,1
17170,822,2025-09-23,Website,Apple Pay,1
17171,1291,2025-09-10,Website,Apple Pay,5
17172,735,2025-01-29,In-Store,Apple Pay,7
17173,15,2025-07-22,In-Store,Credit Card,1
17174,573,2024-11-19,In-Store,Apple Pay,4
17175,15,2025-11-04,In-Store,Credit Card,1
17176,2159,2024-04-26,Online App,Credit Card,3
17177,1286,2025-12-06,Online App,Cash on Delivery,2
17178,952,2025-07-25,Website,Apple Pay,1
17179,2293,2025-08-03,Online App,Credit Card,4
17180,2509,2024-06-24,Website,Credit Card,1
17181,2928,2025-07-22,Online App,Credit Card,3
17182,1935,2024-11-15,Online App,Apple Pay,2
17183,1401,2025-12-14,In-Store,Cash on Delivery,1
17184,928,2025-11-07,Online App,Tabby (BNPL),1
17185,687,2024-08-28,Online App,Tabby (BNPL),1
17186,654,2025-02-15,Website,Credit Card,1
17187,1242,2025-10-31,Online App,Credit Card,2
17188,2976,2025-08-17,Online App,Apple Pay,2
17189,4,2025-10-08,Website,Credit Card,1
17190,602,2025-12-25,Online App,Cash on Delivery,2
17191,574,2025-12-20,Online App,Apple Pay,1
17192,2153,2025-12-07,Website,Apple Pay,1
17193,1080,2025-04-16,Online App,Apple Pay,3
17194,1389,2025-09-18,In-Store,Cash on Delivery,1
17195,446,2025-03-11,In-Store,Cash on Delivery,1
17196,1229,2025-09-03,Online App,Tabby (BNPL),3
17197,306,2025-03-12,In-Store,Apple Pay,5
17198,1603,2025-08-09,In-Store,Credit Card,2
17199,288,2025-09-13,Online App,Cash on Delivery,3
17200,2383,2025-05-26,Online App,Tabby (BNPL),1
17201,1707,2025-01-05,Website,Apple Pay,1
17202,2174,2025-12-27,Online App,Apple Pay,2
17203,1267,2024-11-09,Online App,Tabby (BNPL),1
17204,1168,2025-11-12,Website,Cash on Delivery,2
17205,289,2025-12-06,In-Store,Tabby (BNPL),7
17206,1577,2025-07-17,Online App,Apple Pay,3
17207,1537,2025-06-18,In-Store,Cash on Delivery,1
17208,1417,2025-03-02,Online App,Cash on Delivery,1
17209,2227,2024-09-03,Online App,Cash on Delivery,2
17210,2509,2025-02-05,Website,Credit Card,1
17211,2257,2025-12-31,Online App,Credit Card,3
17212,433,2025-12-14,Online App,Cash on Delivery,1
17213,1875,2025-12-08,Website,Tabby (BNPL),2
17214,232,2025-12-20,In-Store,Cash on Delivery,1
17215,2095,2025-09-02,Online App,Apple Pay,5
17216,1168,2025-06-27,In-Store,Tabby (BNPL),2
17217,391,2025-12-16,Online App,Cash on Delivery,1
17218,2590,2025-07-29,Website,Tabby (BNPL),1
17219,1848,2025-12-30,Website,Credit Card,2
17220,1088,2024-09-25,Website,Credit Card,5
17221,102,2025-11-30,Online App,Tabby (BNPL),2
17222,1616,2025-11-16,Online App,Apple Pay,1
17223,2766,2024-05-20,In-Store,Tabby (BNPL),1
17224,1797,2025-08-22,Online App,Credit Card,2
17225,2919,2025-07-13,Website,Credit Card,2
17226,408,2025-11-03,Online App,Credit Card,1
17227,1712,2025-11-13,Online App,Cash on Delivery,1
17228,2409,2025-08-01,Website,Cash on Delivery,1
17229,1584,2024-07-14,Online App,Cash on Delivery,4
17230,262,2025-08-11,Website,Apple Pay,1
17231,1751,2024-04-30,Online App,Apple Pay,1
17232,1844,2025-12-21,Online App,Apple Pay,1
17233,2188,2025-08-12,Website,Apple Pay,4
17234,2291,2025-10-25,Website,Cash on Delivery,3
17235,2327,2025-06-14,In-Store,Cash on Delivery,1
17236,2001,2025-05-18,Online App,Tabby (BNPL),2
17237,664,2025-11-02,Online App,Cash on Delivery,3
17238,1226,2025-06-03,Online App,Credit Card,1
17239,2344,2025-05-31,Online App,Tabby (BNPL),6
17240,2859,2024-06-16,Website,Cash on Delivery,1
17241,230,2025-11-10,Website,Credit Card,1
17242,1611,2025-11-02,Website,Credit Card,1
17243,952,2025-03-11,Website,Cash on Delivery,1
17244,692,2024-12-19,Online App,Tabby (BNPL),2
17245,1515,2025-01-18,Website,Cash on Delivery,1
17246,1826,2025-08-23,Online App,Tabby (BNPL),2
17247,29,2025-10-19,Website,Apple Pay,1
17248,2356,2025-12-25,Online App,Tabby (BNPL),2
17249,2471,2025-01-18,Website,Tabby (BNPL),4
17250,2903,2025-02-07,In-Store,Tabby (BNPL),1
17251,551,2025-05-28,Website,Credit Card,1
17252,1791,2025-09-24,Website,Apple Pay,1
17253,1291,2025-08-28,Website,Credit Card,5
17254,1025,2025-06-30,Online App,Tabby (BNPL),1
17255,1702,2025-10-15,Online App,Apple Pay,1
17256,2362,2025-10-04,Online App,Credit Card,6
17257,77,2025-06-07,Online App,Apple Pay,3
17258,2913,2024-12-13,Online App,Tabby (BNPL),2
17259,2443,2025-09-22,Website,Tabby (BNPL),1
17260,2258,2025-08-08,Online App,Tabby (BNPL),3
17261,2287,2025-05-07,Online App,Credit Card,1
17262,1192,2025-12-31,Online App,Credit Card,1
17263,2260,2025-02-12,Online App,Apple Pay,1
17264,1185,2024-11-22,Online App,Tabby (BNPL),3
17265,2698,2024-04-08,Online App,Tabby (BNPL),1
17266,539,2025-12-08,Website,Tabby (BNPL),2
17267,891,2025-01-31,Website,Tabby (BNPL),6
17268,1661,2025-05-01,Online App,Cash on Delivery,1
17269,976,2025-11-12,Website,Tabby (BNPL),2
17270,1281,2025-04-17,Website,Apple Pay,1
17271,1480,2025-12-13,Online App,Credit Card,3
17272,2573,2024-12-04,In-Store,Cash on Delivery,1
17273,1573,2025-12-27,Website,Cash on Delivery,1
17274,1109,2024-10-23,Online App,Apple Pay,1
17275,761,2025-11-27,Website,Credit Card,3
17276,1240,2025-07-25,In-Store,Tabby (BNPL),3
17277,1542,2025-12-31,In-Store,Cash on Delivery,2
17278,2247,2025-11-17,Online App,Cash on Delivery,3
17279,350,2024-12-27,Online App,Credit Card,2
17280,684,2025-06-14,In-Store,Apple Pay,2
17281,1162,2025-11-14,Website,Tabby (BNPL),3
17282,1103,2025-03-02,In-Store,Tabby (BNPL),2
17283,1198,2025-01-28,Online App,Tabby (BNPL),2
17284,2394,2025-09-24,Online App,Credit Card,7
17285,992,2025-10-11,Online App,Apple Pay,2
17286,1505,2025-04-05,Online App,Credit Card,2
17287,1880,2025-12-15,Online App,Tabby (BNPL),1
17288,716,2024-08-23,In-Store,Cash on Delivery,1
17289,2155,2025-12-05,In-Store,Credit Card,5
17290,1651,2025-06-02,In-Store,Tabby (BNPL),2
17291,1355,2024-12-26,In-Store,Cash on Delivery,1
17292,2442,2025-12-17,In-Store,Apple Pay,1
17293,750,2025-09-21,Online App,Cash on Delivery,3
17294,2657,2025-11-30,Website,Credit Card,1
17295,1687,2025-12-24,Online App,Apple Pay,1
17296,1835,2025-10-30,Online App,Apple Pay,1
17297,2635,2025-08-18,Online App,Tabby (BNPL),1
17298,2466,2025-06-20,Website,Tabby (BNPL),6
17299,1811,2025-04-08,In-Store,Credit Card,2
17300,2264,2025-11-21,In-Store,Tabby (BNPL),1
17301,1312,2025-12-06,Online App,Cash on Delivery,1
17302,1651,2025-01-08,Online App,Cash on Delivery,2
17303,177,2025-06-19,Website,Cash on Delivery,2
17304,259,2025-12-29,Online App,Apple Pay,5
17305,2497,2025-06-29,In-Store,Apple Pay,2
17306,171,2024-10-28,Online App,Apple Pay,1
17307,517,2025-12-18,Online App,Tabby (BNPL),1
17308,2400,2025-12-06,Website,Cash on Delivery,2
17309,5,2025-05-05,Online App,Tabby (BNPL),1
17310,856,2025-08-16,Online App,Tabby (BNPL),2
17311,1756,2025-02-13,Website,Apple Pay,1
17312,1794,2025-12-18,Website,Credit Card,1
17313,2346,2025-11-04,Online App,Tabby (BNPL),1
17314,1515,2025-02-02,Website,Cash on Delivery,1
17315,1524,2025-07-21,Website,Apple Pay,1
17316,2180,2025-09-09,Online App,Tabby (BNPL),1
17317,1497,2024-12-23,Online App,Tabby (BNPL),7
17318,1832,2025-12-20,In-Store,Cash on Delivery,2
17319,2695,2024-10-31,Online App,Cash on Delivery,2
17320,1221,2025-04-11,In-Store,Apple Pay,1
17321,1179,2024-09-27,Online App,Credit Card,3
17322,12,2025-12-05,Online App,Cash on Delivery,7
17323,1848,2025-06-21,Online App,Tabby (BNPL),2
17324,98,2025-05-18,Online App,Cash on Delivery,1
17325,1511,2024-12-27,Online App,Tabby (BNPL),5
17326,2424,2025-02-16,Website,Tabby (BNPL),5
17327,1658,2025-12-21,Online App,Credit Card,6
17328,820,2025-10-09,Online App,Credit Card,5
17329,2371,2024-11-11,Online App,Apple Pay,3
17330,820,2025-01-06,Online App,Apple Pay,5
17331,2201,2025-09-24,Online App,Tabby (BNPL),4
17332,1838,2025-11-23,Online App,Apple Pay,2
17333,519,2025-07-15,Online App,Credit Card,2
17334,2716,2025-12-30,In-Store,Cash on Delivery,4
17335,615,2025-10-12,Online App,Cash on Delivery,3
17336,2970,2024-05-23,Online App,Apple Pay,1
17337,22,2025-06-23,Online App,Cash on Delivery,2
17338,803,2025-12-29,Website,Apple Pay,4
17339,611,2025-09-22,Online App,Apple Pay,5
17340,42,2024-11-27,Website,Credit Card,2
17341,2200,2025-12-22,Website,Credit Card,1
17342,2091,2025-10-30,In-Store,Cash on Delivery,2
17343,2388,2025-07-26,Online App,Cash on Delivery,1
17344,785,2025-08-20,Online App,Apple Pay,2
17345,1350,2025-07-20,Online App,Apple Pay,1
17346,1989,2025-12-03,Website,Credit Card,1
17347,1336,2025-08-27,In-Store,Apple Pay,2
17348,2103,2025-08-21,Online App,Apple Pay,3
17349,1914,2025-12-24,Online App,Apple Pay,1
17350,335,2025-11-10,Website,Apple Pay,1
17351,2359,2025-11-04,Website,Credit Card,1
17352,2162,2025-08-12,Website,Cash on Delivery,6
17353,1978,2025-08-30,In-Store,Tabby (BNPL),3
17354,467,2025-11-11,Website,Cash on Delivery,1
17355,815,2025-07-25,In-Store,Tabby (BNPL),7
17356,1201,2025-10-28,Online App,Cash on Delivery,1
17357,847,2025-02-20,Website,Cash on Delivery,6
17358,701,2025-06-16,Online App,Apple Pay,4
17359,2429,2024-07-20,Online App,Apple Pay,1
17360,1927,2025-01-02,Website,Credit Card,2
17361,1702,2025-12-13,Website,Cash on Delivery,1
17362,694,2025-09-16,Website,Tabby (BNPL),1
17363,2753,2025-11-08,In-Store,Apple Pay,4
17364,582,2025-06-13,Online App,Cash on Delivery,2
17365,2398,2025-11-08,Online App,Tabby (BNPL),3
17366,2907,2025-09-22,Online App,Credit Card,1
17367,2185,2025-04-29,Online App,Cash on Delivery,3
17368,2979,2025-12-01,Website,Apple Pay,2
17369,1963,2025-12-20,Website,Tabby (BNPL),1
17370,668,2025-11-19,Website,Apple Pay,1
17371,626,2024-05-24,Online App,Cash on Delivery,1
17372,993,2025-12-27,Online App,Credit Card,5
17373,22,2025-11-25,Website,Credit Card,2
17374,2054,2025-09-30,Online App,Cash on Delivery,2
17375,817,2025-11-25,In-Store,Credit Card,1
17376,2459,2025-07-28,Website,Tabby (BNPL),4
17377,1101,2025-04-29,Website,Apple Pay,1
17378,1449,2024-11-22,In-Store,Tabby (BNPL),1
17379,2904,2025-03-21,Website,Cash on Delivery,6
17380,746,2025-12-18,Online App,Cash on Delivery,1
17381,2164,2025-11-03,In-Store,Tabby (BNPL),1
17382,2269,2025-11-20,Website,Tabby (BNPL),1
17383,683,2025-10-25,Online App,Cash on Delivery,1
17384,1504,2025-09-10,Website,Credit Card,1
17385,1075,2025-08-28,In-Store,Apple Pay,1
17386,2331,2024-05-29,Online App,Credit Card,2
17387,1878,2025-10-26,In-Store,Cash on Delivery,2
17388,1443,2025-07-28,In-Store,Apple Pay,1
17389,2353,2025-03-30,Online App,Cash on Delivery,2
17390,727,2024-12-28,Website,Apple Pay,1
17391,2265,2025-04-03,Online App,Cash on Delivery,2
17392,2601,2025-09-13,In-Store,Cash on Delivery,1
17393,2645,2025-10-25,Website,Apple Pay,1
17394,2365,2024-11-27,Online App,Credit Card,1
17395,1238,2025-12-09,In-Store,Cash on Delivery,1
17396,2950,2025-01-31,Website,Credit Card,1
17397,1162,2025-12-03,Website,Apple Pay,3
17398,1927,2025-02-03,In-Store,Apple Pay,2
17399,487,2025-10-20,Online App,Tabby (BNPL),6
17400,2944,2025-09-19,Website,Cash on Delivery,2
17401,2117,2025-07-05,Online App,Apple Pay,7
17402,2264,2025-07-09,Website,Apple Pay,1
17403,190,2025-03-30,Online App,Credit Card,1
17404,2297,2025-11-16,Online App,Credit Card,1
17405,2339,2025-02-13,Website,Apple Pay,6
17406,2027,2025-06-06,Website,Cash on Delivery,1
17407,890,2025-09-23,Online App,Cash on Delivery,1
17408,1474,2025-05-22,Online App,Apple Pay,2
17409,325,2025-01-25,Website,Tabby (BNPL),3
17410,1427,2025-11-28,In-Store,Cash on Delivery,2
17411,750,2025-04-28,Online App,Cash on Delivery,3
17412,1071,2025-07-02,In-Store,Cash on Delivery,1
17413,494,2024-07-06,Online App,Cash on Delivery,1
17414,710,2025-06-11,Online App,Tabby (BNPL),1
17415,225,2025-08-01,Online App,Cash on Delivery,1
17416,2757,2025-12-04,Website,Tabby (BNPL),3
17417,1595,2025-12-30,Online App,Apple Pay,3
17418,1208,2024-10-13,In-Store,Tabby (BNPL),2
17419,1611,2025-10-18,In-Store,Tabby (BNPL),1
17420,1893,2025-06-18,Online App,Cash on Delivery,4
17421,2762,2025-10-22,Online App,Apple Pay,2
17422,544,2025-03-16,Website,Apple Pay,2
17423,899,2025-11-19,Website,Cash on Delivery,5
17424,2929,2024-02-12,In-Store,Credit Card,2
17425,1137,2025-12-17,Online App,Cash on Delivery,2
17426,75,2025-11-21,Online App,Apple Pay,5
17427,445,2024-06-06,Website,Apple Pay,1
17428,90,2025-01-06,Website,Apple Pay,1
17429,2972,2025-04-06,In-Store,Cash on Delivery,1
17430,846,2024-08-27,Online App,Tabby (BNPL),2
17431,2768,2025-01-05,In-Store,Credit Card,5
17432,2991,2025-12-02,Online App,Credit Card,1
17433,1805,2025-11-17,Online App,Cash on Delivery,2
17434,107,2025-08-19,In-Store,Credit Card,3
17435,237,2025-10-15,Online App,Cash on Delivery,1
17436,1455,2025-08-05,Online App,Apple Pay,1
17437,1233,2025-10-15,Website,Credit Card,2
17438,1826,2025-06-08,Online App,Apple Pay,2
17439,1332,2025-11-02,Online App,Tabby (BNPL),2
17440,2800,2025-06-28,Website,Apple Pay,1
17441,1610,2025-10-15,In-Store,Cash on Delivery,6
17442,2092,2025-10-04,Website,Apple Pay,1
17443,2694,2025-11-29,Website,Cash on Delivery,2
17444,442,2025-07-23,Online App,Apple Pay,1
17445,708,2025-11-12,In-Store,Credit Card,2
17446,318,2025-10-16,Online App,Cash on Delivery,1
17447,418,2025-03-08,Online App,Apple Pay,1
17448,1533,2024-09-17,Online App,Credit Card,1
17449,983,2025-03-30,Online App,Tabby (BNPL),1
17450,1278,2025-04-28,Online App,Tabby (BNPL),1
17451,2950,2025-07-23,Online App,Cash on Delivery,1
17452,472,2025-04-12,Online App,Apple Pay,1
17453,1634,2025-07-07,Online App,Cash on Delivery,2
17454,291,2025-08-11,Online App,Credit Card,1
17455,972,2025-09-28,Online App,Credit Card,1
17456,1587,2025-04-02,Online App,Cash on Delivery,5
17457,2838,2025-12-08,In-Store,Tabby (BNPL),6
17458,1197,2025-11-24,Online App,Cash on Delivery,2
17459,188,2025-04-21,Online App,Credit Card,3
17460,1189,2025-12-15,Website,Credit Card,1
17461,439,2025-12-02,Website,Cash on Delivery,3
17462,710,2025-08-01,Website,Cash on Delivery,1
17463,1861,2025-12-09,Online App,Apple Pay,2
17464,197,2024-08-27,Online App,Tabby (BNPL),1
17465,1410,2025-03-14,Online App,Cash on Delivery,1
17466,1836,2025-06-15,Website,Tabby (BNPL),1
17467,1273,2025-03-29,Website,Tabby (BNPL),3
17468,61,2025-05-22,In-Store,Cash on Delivery,1
17469,2958,2025-09-10,Online App,Cash on Delivery,1
17470,1121,2024-05-17,Website,Credit Card,1
17471,2350,2025-08-26,Online App,Tabby (BNPL),3
17472,997,2025-05-17,Online App,Tabby (BNPL),1
17473,1439,2025-09-02,In-Store,Cash on Delivery,1
17474,1191,2025-12-16,Website,Credit Card,1
17475,1050,2025-10-11,Online App,Cash on Delivery,1
17476,73,2025-06-14,Online App,Credit Card,1
17477,1101,2024-12-04,Website,Credit Card,1
17478,2675,2025-09-04,Website,Cash on Delivery,2
17479,2080,2025-07-07,Website,Credit Card,2
17480,438,2025-04-15,In-Store,Apple Pay,3
17481,1777,2025-12-05,Online App,Cash on Delivery,1
17482,2683,2025-07-04,Website,Cash on Delivery,7
17483,2110,2025-07-28,In-Store,Apple Pay,7
17484,446,2024-12-10,In-Store,Apple Pay,1
17485,2610,2024-12-11,Online App,Apple Pay,1
17486,917,2025-10-18,Online App,Cash on Delivery,1
17487,1378,2025-06-19,Website,Credit Card,5
17488,1586,2025-11-12,Website,Credit Card,3
17489,2556,2024-10-04,Website,Tabby (BNPL),3
17490,2793,2025-06-10,In-Store,Tabby (BNPL),2
17491,2790,2025-11-01,Online App,Apple Pay,2
17492,23,2024-08-10,Online App,Tabby (BNPL),1
17493,2762,2025-11-09,Online App,Apple Pay,2
17494,158,2025-06-22,Website,Credit Card,2
17495,809,2025-09-14,Online App,Credit Card,1
17496,1538,2025-03-03,Website,Apple Pay,1
17497,1449,2025-01-21,Online App,Apple Pay,1
17498,1821,2025-05-22,Online App,Cash on Delivery,5
17499,1448,2025-10-10,In-Store,Tabby (BNPL),5
17500,2801,2025-09-20,Website,Cash on Delivery,2
17501,741,2025-08-20,In-Store,Credit Card,2
17502,831,2025-10-29,In-Store,Cash on Delivery,1
17503,2760,2025-08-02,Website,Credit Card,1
17504,226,2025-11-12,Online App,Credit Card,6
17505,1836,2025-10-02,In-Store,Tabby (BNPL),1
17506,2054,2025-01-12,Website,Tabby (BNPL),2
17507,1514,2025-05-31,In-Store,Cash on Delivery,1
17508,2094,2025-11-07,Website,Cash on Delivery,7
17509,525,2025-12-18,Website,Cash on Delivery,1
17510,2564,2025-08-25,Online App,Apple Pay,2
17511,418,2024-08-21,Online App,Tabby (BNPL),1
17512,1219,2025-12-09,Website,Tabby (BNPL),1
17513,221,2025-12-01,Website,Tabby (BNPL),1
17514,1647,2025-04-27,Website,Tabby (BNPL),2
17515,2019,2025-10-30,Online App,Tabby (BNPL),2
17516,2824,2025-07-25,Online App,Cash on Delivery,7
17517,2223,2024-11-07,Website,Apple Pay,2
17518,1634,2025-04-01,Online App,Cash on Delivery,2
17519,2797,2025-03-16,Online App,Tabby (BNPL),2
17520,1447,2025-12-30,Website,Credit Card,1
17521,1688,2025-07-13,Website,Cash on Delivery,5
17522,1795,2024-10-28,Online App,Credit Card,1
17523,1243,2025-12-10,Website,Credit Card,2
17524,2522,2025-08-10,Website,Tabby (BNPL),1
17525,567,2025-04-05,Online App,Apple Pay,2
17526,1670,2025-08-31,Online App,Cash on Delivery,6
17527,2167,2025-01-31,Website,Credit Card,1
17528,2713,2025-03-27,Website,Apple Pay,1
17529,2661,2025-11-24,Website,Apple Pay,1
17530,1523,2025-09-12,Website,Apple Pay,1
17531,1937,2025-05-10,Website,Apple Pay,5
17532,1204,2025-12-20,Website,Credit Card,1
17533,1417,2024-12-21,Online App,Apple Pay,1
17534,2717,2025-10-07,Online App,Cash on Delivery,2
17535,2792,2024-06-16,Online App,Cash on Delivery,1
17536,2690,2025-04-28,Online App,Credit Card,2
17537,414,2025-07-09,Website,Tabby (BNPL),1
17538,2554,2025-10-22,In-Store,Cash on Delivery,7
17539,2844,2024-11-22,Online App,Tabby (BNPL),2
17540,1105,2025-12-15,Online App,Apple Pay,1
17541,1556,2025-09-20,Online App,Tabby (BNPL),3
17542,2352,2025-12-21,Website,Tabby (BNPL),1
17543,1693,2025-11-24,Online App,Credit Card,2
17544,2981,2025-04-01,Website,Cash on Delivery,1
17545,1383,2024-10-05,In-Store,Credit Card,2
17546,2145,2025-07-07,Website,Apple Pay,1
17547,2389,2025-10-30,Online App,Apple Pay,1
17548,1487,2024-09-23,Online App,Cash on Delivery,2
17549,2574,2025-11-12,In-Store,Cash on Delivery,2
17550,1650,2025-09-11,Website,Tabby (BNPL),1
17551,1248,2025-03-02,In-Store,Cash on Delivery,1
17552,320,2025-12-20,Website,Cash on Delivery,5
17553,1201,2025-11-02,Online App,Apple Pay,1
17554,2206,2025-05-22,Online App,Tabby (BNPL),2
17555,2761,2025-06-28,Website,Apple Pay,4
17556,770,2025-06-10,Website,Cash on Delivery,2
17557,1091,2025-06-12,Online App,Apple Pay,1
17558,464,2025-04-17,Online App,Cash on Delivery,3
17559,2081,2024-11-30,Website,Credit Card,3
17560,2886,2025-11-06,Online App,Cash on Delivery,2
17561,1933,2025-05-14,Website,Apple Pay,2
17562,1859,2025-10-01,Website,Tabby (BNPL),7
17563,1665,2025-07-05,Website,Tabby (BNPL),1
17564,256,2025-05-28,Online App,Tabby (BNPL),3
17565,2189,2025-12-30,Online App,Tabby (BNPL),2
17566,1814,2025-08-21,Online App,Cash on Delivery,2
17567,1995,2025-11-24,Website,Cash on Delivery,1
17568,2698,2025-12-10,In-Store,Cash on Delivery,1
17569,2365,2025-04-28,Online App,Apple Pay,1
17570,2358,2025-03-13,Online App,Apple Pay,1
17571,2779,2025-12-31,In-Store,Credit Card,5
17572,2972,2025-04-02,Online App,Credit Card,1
17573,1747,2024-12-10,Online App,Apple Pay,6
17574,321,2025-08-26,Online App,Cash on Delivery,1
17575,1394,2025-02-03,In-Store,Credit Card,1
17576,2376,2025-12-18,Online App,Credit Card,6
17577,92,2025-12-02,Online App,Credit Card,1
17578,164,2025-03-09,Online App,Apple Pay,2
17579,196,2024-05-15,Online App,Tabby (BNPL),2
17580,2196,2025-10-04,Website,Apple Pay,2
17581,1505,2025-04-22,Online App,Cash on Delivery,2
17582,1129,2025-07-25,Online App,Cash on Delivery,1
17583,312,2024-10-03,Online App,Credit Card,4
17584,2200,2025-11-25,Online App,Cash on Delivery,1
17585,982,2025-12-30,Online App,Credit Card,2
17586,807,2025-12-21,Website,Apple Pay,3
17587,1967,2025-10-28,In-Store,Credit Card,1
17588,1682,2024-10-14,Online App,Apple Pay,3
17589,1109,2024-11-08,In-Store,Tabby (BNPL),1
17590,1934,2025-09-21,Website,Apple Pay,3
17591,823,2025-07-09,Website,Credit Card,1
17592,2398,2025-03-15,Online App,Apple Pay,3
17593,706,2025-04-06,Online App,Credit Card,7
17594,479,2025-12-31,Website,Credit Card,2
17595,2362,2025-11-26,Website,Credit Card,6
17596,2126,2025-01-15,Website,Apple Pay,4
17597,558,2025-05-10,Online App,Apple Pay,1
17598,339,2025-12-31,Online App,Cash on Delivery,4
17599,2522,2024-05-05,Website,Cash on Delivery,1
17600,2345,2025-06-21,Online App,Credit Card,1
17601,1002,2025-05-21,Online App,Cash on Delivery,1
17602,1986,2024-09-17,Website,Apple Pay,1
17603,359,2025-10-08,Website,Apple Pay,6
17604,1519,2025-11-30,Website,Credit Card,2
17605,59,2025-09-20,Website,Cash on Delivery,6
17606,1198,2025-01-15,Online App,Credit Card,2
17607,220,2025-05-20,Online App,Tabby (BNPL),6
17608,1440,2025-01-03,Website,Apple Pay,1
17609,1273,2025-10-17,Online App,Credit Card,3
17610,1350,2025-07-14,In-Store,Apple Pay,1
17611,131,2025-07-31,Website,Apple Pay,3
17612,1105,2025-04-20,Online App,Credit Card,1
17613,2274,2025-09-21,Website,Cash on Delivery,2
17614,1129,2025-05-29,Online App,Apple Pay,1
17615,2147,2025-05-04,Website,Apple Pay,2
17616,1131,2025-07-18,Online App,Credit Card,1
17617,1278,2024-10-28,Online App,Cash on Delivery,1
17618,1696,2025-09-10,Online App,Tabby (BNPL),4
17619,2848,2025-09-21,Online App,Credit Card,2
17620,321,2025-05-21,Online App,Tabby (BNPL),1
17621,107,2025-07-28,Website,Credit Card,3
17622,1830,2025-08-13,Online App,Cash on Delivery,2
17623,2847,2025-05-16,Website,Credit Card,1
17624,2970,2025-11-04,In-Store,Apple Pay,1
17625,1459,2025-06-27,In-Store,Credit Card,7
17626,1417,2024-05-27,Website,Tabby (BNPL),1
17627,1944,2024-12-31,Online App,Tabby (BNPL),5
17628,1674,2025-11-27,Website,Credit Card,1
17629,1915,2025-04-16,Website,Cash on Delivery,3
17630,2631,2025-02-23,Online App,Apple Pay,1
17631,2247,2025-05-10,In-Store,Apple Pay,3
17632,1495,2025-09-14,In-Store,Cash on Delivery,4
17633,1403,2025-09-19,Online App,Cash on Delivery,1
17634,1930,2025-10-30,Online App,Tabby (BNPL),6
17635,1383,2024-12-19,Online App,Cash on Delivery,2
17636,1391,2024-11-02,Online App,Tabby (BNPL),2
17637,52,2025-05-20,Online App,Credit Card,2
17638,528,2025-02-02,Website,Credit Card,2
17639,1471,2025-10-03,Online App,Apple Pay,3
17640,2479,2025-04-30,Website,Tabby (BNPL),3
17641,846,2024-12-16,In-Store,Tabby (BNPL),2
17642,1570,2024-07-23,Online App,Credit Card,2
17643,1061,2025-10-20,In-Store,Cash on Delivery,6
17644,309,2025-11-12,Online App,Apple Pay,5
17645,2878,2025-05-31,Online App,Apple Pay,7
17646,2569,2025-07-10,Online App,Apple Pay,1
17647,229,2025-08-07,Online App,Credit Card,6
17648,2159,2025-03-31,Online App,Credit Card,3
17649,1068,2025-09-27,In-Store,Credit Card,2
17650,2987,2025-12-26,In-Store,Tabby (BNPL),3
17651,920,2025-10-09,Online App,Tabby (BNPL),3
17652,736,2025-07-09,In-Store,Cash on Delivery,1
17653,1711,2025-11-18,Online App,Apple Pay,1
17654,2512,2025-09-21,Online App,Credit Card,2
17655,589,2024-10-13,Website,Tabby (BNPL),6
17656,2130,2025-05-23,In-Store,Tabby (BNPL),2
17657,176,2025-11-02,Website,Credit Card,2
17658,2755,2025-11-29,In-Store,Apple Pay,2
17659,235,2025-06-01,Website,Credit Card,2
17660,2741,2024-10-15,Online App,Tabby (BNPL),1
17661,1476,2025-10-19,Online App,Apple Pay,6
17662,1359,2025-12-28,Website,Apple Pay,6
17663,2923,2025-11-12,Website,Tabby (BNPL),5
17664,2973,2025-01-23,Online App,Cash on Delivery,3
17665,1962,2024-07-02,In-Store,Apple Pay,1
17666,371,2025-12-17,Online App,Credit Card,1
17667,1516,2024-05-15,Website,Tabby (BNPL),7
17668,1591,2025-05-03,Online App,Apple Pay,3
17669,1536,2025-04-28,Website,Tabby (BNPL),1
17670,1714,2025-10-08,Online App,Credit Card,6
17671,59,2025-05-16,Online App,Tabby (BNPL),6
17672,2137,2025-11-10,Website,Tabby (BNPL),2
17673,2140,2025-10-27,Website,Apple Pay,2
17674,337,2025-11-05,In-Store,Cash on Delivery,1
17675,1715,2025-08-17,In-Store,Credit Card,3
17676,1712,2025-08-31,Website,Credit Card,1
17677,2056,2024-11-21,Website,Apple Pay,1
17678,250,2024-03-27,Online App,Credit Card,1
17679,1889,2025-12-05,In-Store,Apple Pay,7
17680,851,2025-10-03,Website,Apple Pay,3
17681,1519,2025-06-08,Online App,Apple Pay,2
17682,2333,2024-09-15,Online App,Tabby (BNPL),2
17683,2122,2025-04-27,Online App,Cash on Delivery,1
17684,347,2024-12-08,Online App,Apple Pay,3
17685,1777,2025-09-16,Website,Cash on Delivery,1
17686,2912,2025-09-06,Online App,Credit Card,1
17687,472,2025-07-19,Online App,Tabby (BNPL),1
17688,2565,2024-12-06,Online App,Cash on Delivery,1
17689,2115,2025-03-23,In-Store,Tabby (BNPL),3
17690,2337,2025-10-16,In-Store,Cash on Delivery,2
17691,855,2025-09-29,Online App,Apple Pay,5
17692,877,2025-08-12,In-Store,Cash on Delivery,2
17693,2717,2025-10-17,Online App,Credit Card,2
17694,1101,2025-08-25,Online App,Tabby (BNPL),1
17695,181,2025-11-06,In-Store,Cash on Delivery,4
17696,1809,2025-12-20,Online App,Apple Pay,3
17697,361,2025-05-23,Website,Apple Pay,1
17698,2404,2025-05-08,Online App,Credit Card,2
17699,1934,2025-12-08,Website,Credit Card,3
17700,2633,2025-08-01,Online App,Tabby (BNPL),2
17701,2367,2025-12-20,Website,Cash on Delivery,2
17702,328,2025-08-02,Online App,Apple Pay,2
17703,1168,2025-06-15,Website,Credit Card,2
17704,2339,2025-11-14,In-Store,Tabby (BNPL),6
17705,1262,2025-08-16,Website,Apple Pay,2
17706,2920,2025-05-31,Online App,Credit Card,1
17707,2213,2024-04-22,Website,Apple Pay,4
17708,49,2024-09-03,Website,Apple Pay,2
17709,2648,2025-10-08,In-Store,Credit Card,1
17710,297,2025-01-16,In-Store,Credit Card,3
17711,421,2025-12-16,Website,Apple Pay,2
17712,2209,2025-07-10,Online App,Credit Card,7
17713,2601,2025-10-01,Website,Cash on Delivery,1
17714,1614,2025-09-18,Website,Tabby (BNPL),2
17715,880,2024-10-16,Online App,Credit Card,4
17716,1077,2025-04-23,Website,Tabby (BNPL),2
17717,1051,2025-08-30,Website,Credit Card,2
17718,999,2025-01-02,Website,Tabby (BNPL),3
17719,748,2025-10-26,Online App,Cash on Delivery,1
17720,1834,2024-07-26,Online App,Cash on Delivery,7
17721,2703,2025-12-29,Website,Apple Pay,2
17722,934,2025-03-16,Online App,Tabby (BNPL),3
17723,569,2024-08-06,Online App,Apple Pay,1
17724,2523,2024-10-14,Online App,Tabby (BNPL),2
17725,2231,2025-12-22,Online App,Tabby (BNPL),1
17726,2793,2025-08-30,Website,Credit Card,2
17727,506,2025-07-08,Online App,Tabby (BNPL),2
17728,434,2025-04-05,Online App,Tabby (BNPL),2
17729,1635,2025-11-18,Website,Cash on Delivery,3
17730,1849,2025-09-06,Online App,Cash on Delivery,3
17731,1450,2024-12-17,Website,Credit Card,1
17732,1804,2025-09-22,Online App,Apple Pay,1
17733,550,2025-05-17,Online App,Tabby (BNPL),2
17734,1448,2025-10-23,Online App,Tabby (BNPL),5
17735,1985,2025-10-04,Online App,Credit Card,3
17736,1311,2025-12-01,Website,Credit Card,7
17737,2045,2025-10-30,Online App,Credit Card,1
17738,1370,2024-07-08,Online App,Tabby (BNPL),7
17739,1020,2025-09-03,Online App,Credit Card,5
17740,922,2025-05-16,Website,Apple Pay,2
17741,1246,2025-10-12,Website,Credit Card,1
17742,78,2025-10-02,Online App,Credit Card,1
17743,2015,2024-12-04,In-Store,Tabby (BNPL),1
17744,2541,2024-08-16,In-Store,Credit Card,1
17745,1088,2025-01-19,In-Store,Credit Card,5
17746,135,2025-09-01,Online App,Apple Pay,4
17747,2961,2025-11-24,Website,Tabby (BNPL),2
17748,803,2025-12-06,Website,Tabby (BNPL),4
17749,369,2025-08-12,Online App,Credit Card,6
17750,1131,2024-07-31,In-Store,Tabby (BNPL),1
17751,2222,2025-03-05,In-Store,Cash on Delivery,2
17752,893,2025-11-25,Website,Cash on Delivery,2
17753,1728,2024-05-02,In-Store,Credit Card,7
17754,1254,2025-11-27,Online App,Credit Card,1
17755,342,2025-10-17,Website,Cash on Delivery,1
17756,1012,2025-10-14,Online App,Apple Pay,3
17757,2178,2025-07-25,In-Store,Credit Card,1
17758,1845,2025-01-15,Online App,Apple Pay,1
17759,348,2024-10-16,Website,Tabby (BNPL),3
17760,497,2024-11-16,Online App,Credit Card,1
17761,1932,2025-12-29,Website,Apple Pay,1
17762,2455,2025-08-14,Online App,Credit Card,2
17763,1073,2025-12-30,Website,Tabby (BNPL),2
17764,1794,2025-10-18,Online App,Tabby (BNPL),1
17765,519,2025-08-26,Online App,Apple Pay,2
17766,948,2025-12-31,Website,Credit Card,1
17767,67,2025-09-24,Online App,Credit Card,2
17768,2317,2025-10-16,Website,Tabby (BNPL),7
17769,1220,2024-11-27,Website,Credit Card,4
17770,2462,2025-03-12,Online App,Apple Pay,1
17771,2127,2025-11-01,Online App,Credit Card,1
17772,2495,2024-04-06,In-Store,Apple Pay,1
17773,868,2025-12-07,In-Store,Apple Pay,1
17774,567,2025-09-20,Website,Credit Card,2
17775,2919,2025-06-26,Online App,Tabby (BNPL),2
17776,2153,2025-12-26,Online App,Tabby (BNPL),1
17777,2511,2025-10-08,Website,Cash on Delivery,1
17778,37,2025-11-10,Online App,Tabby (BNPL),1
17779,1088,2025-08-18,Website,Cash on Delivery,5
17780,2235,2025-10-18,Online App,Credit Card,1
17781,229,2025-04-25,In-Store,Cash on Delivery,6
17782,1709,2025-08-18,Online App,Tabby (BNPL),1
17783,1298,2025-12-09,Online App,Apple Pay,1
17784,54,2025-09-02,Online App,Apple Pay,7
17785,728,2025-11-24,Online App,Tabby (BNPL),1
17786,865,2025-12-03,In-Store,Tabby (BNPL),1
17787,328,2025-01-12,Online App,Apple Pay,2
17788,1904,2025-11-14,Online App,Credit Card,2
17789,747,2025-12-22,Website,Apple Pay,1
17790,843,2025-04-21,In-Store,Apple Pay,4
17791,2696,2025-12-03,Website,Tabby (BNPL),2
17792,1416,2025-08-13,Online App,Tabby (BNPL),1
17793,1200,2024-12-08,Online App,Cash on Delivery,2
17794,2174,2025-12-18,Online App,Tabby (BNPL),2
17795,2728,2025-07-10,Online App,Credit Card,2
17796,85,2025-02-16,Website,Cash on Delivery,1
17797,1359,2025-11-20,Online App,Apple Pay,6
17798,1841,2024-01-29,Online App,Credit Card,1
17799,972,2025-09-22,Online App,Tabby (BNPL),1
17800,2332,2025-06-07,Online App,Credit Card,2
17801,2919,2024-11-03,Website,Tabby (BNPL),2
17802,2830,2025-10-04,Website,Tabby (BNPL),3
17803,811,2025-12-23,In-Store,Apple Pay,6
17804,696,2025-03-11,Website,Tabby (BNPL),1
17805,2875,2025-01-10,Online App,Cash on Delivery,7
17806,1394,2024-11-26,Online App,Cash on Delivery,1
17807,640,2025-10-29,Online App,Credit Card,2
17808,2124,2024-06-21,In-Store,Tabby (BNPL),4
17809,863,2025-07-18,Online App,Cash on Delivery,2
17810,813,2025-09-28,Online App,Tabby (BNPL),2
17811,2647,2025-09-01,In-Store,Cash on Delivery,1
17812,493,2025-11-30,Online App,Tabby (BNPL),3
17813,187,2025-07-04,Online App,Credit Card,2
17814,819,2025-08-31,Website,Apple Pay,1
17815,1828,2025-03-27,Online App,Tabby (BNPL),2
17816,358,2025-02-21,Website,Cash on Delivery,2
17817,1427,2025-03-22,In-Store,Credit Card,2
17818,1891,2025-12-16,In-Store,Cash on Delivery,4
17819,2552,2025-12-17,Website,Apple Pay,1
17820,709,2025-08-18,In-Store,Tabby (BNPL),1
17821,2466,2025-05-31,Website,Cash on Delivery,6
17822,726,2025-11-25,Online App,Tabby (BNPL),2
17823,2038,2025-06-10,Website,Credit Card,3
17824,1305,2025-10-10,Website,Tabby (BNPL),6
17825,335,2025-12-07,In-Store,Cash on Delivery,1
17826,2147,2025-07-21,Online App,Credit Card,2
17827,670,2024-09-14,Website,Credit Card,1
17828,537,2025-12-31,Online App,Apple Pay,1
17829,1097,2025-12-02,In-Store,Apple Pay,1
17830,1970,2024-03-27,Online App,Credit Card,1
17831,721,2025-11-27,In-Store,Tabby (BNPL),1
17832,563,2025-06-13,Website,Apple Pay,2
17833,30,2025-12-04,Online App,Credit Card,1
17834,1427,2025-09-14,Website,Tabby (BNPL),2
17835,1296,2024-08-05,Online App,Tabby (BNPL),3
17836,721,2025-11-04,In-Store,Tabby (BNPL),1
17837,156,2025-02-02,Online App,Apple Pay,5
17838,1299,2025-12-21,In-Store,Cash on Delivery,1
17839,2377,2025-11-29,In-Store,Tabby (BNPL),2
17840,2148,2025-11-07,Online App,Credit Card,6
17841,2586,2025-12-17,In-Store,Cash on Delivery,6
17842,28,2025-02-10,Online App,Apple Pay,1
17843,2907,2025-07-03,In-Store,Credit Card,1
17844,1048,2025-05-09,In-Store,Apple Pay,1
17845,2973,2025-03-05,Website,Tabby (BNPL),3
17846,773,2024-06-20,Online App,Credit Card,1
17847,1427,2025-01-02,Online App,Apple Pay,2
17848,1085,2025-10-29,Website,Cash on Delivery,4
17849,1092,2025-12-14,Online App,Credit Card,1
17850,2531,2025-10-11,Online App,Credit Card,3
17851,2247,2025-07-08,In-Store,Tabby (BNPL),3
17852,2978,2025-11-12,Online App,Tabby (BNPL),4
17853,1848,2025-05-26,Online App,Tabby (BNPL),2
17854,1407,2024-10-28,Online App,Credit Card,1
17855,260,2024-07-14,Online App,Apple Pay,1
17856,2992,2025-02-09,Online App,Cash on Delivery,1
17857,1661,2025-06-12,Online App,Apple Pay,1
17858,2112,2025-07-25,Website,Cash on Delivery,2
17859,1236,2025-08-18,Online App,Credit Card,1
17860,1651,2025-02-25,Online App,Tabby (BNPL),2
17861,2827,2025-12-27,Online App,Tabby (BNPL),3
17862,510,2025-06-04,Online App,Tabby (BNPL),1
17863,891,2024-09-09,Online App,Credit Card,6
17864,458,2025-12-21,Online App,Credit Card,3
17865,2388,2025-11-16,Online App,Tabby (BNPL),1
17866,177,2024-10-15,In-Store,Apple Pay,2
17867,237,2025-07-04,Website,Apple Pay,1
17868,908,2025-12-15,In-Store,Tabby (BNPL),3
17869,1536,2024-12-07,Online App,Apple Pay,1
17870,1234,2025-09-22,Online App,Credit Card,2
17871,130,2024-10-20,In-Store,Apple Pay,5
17872,2875,2024-11-19,In-Store,Credit Card,7
17873,2856,2024-11-07,Online App,Apple Pay,2
17874,847,2025-03-04,Website,Apple Pay,6
17875,2198,2025-12-15,In-Store,Credit Card,1
17876,1737,2025-10-06,Website,Tabby (BNPL),1
17877,734,2025-02-05,In-Store,Apple Pay,1
17878,800,2025-11-06,In-Store,Apple Pay,1
17879,1478,2024-12-06,Online App,Apple Pay,2
17880,1267,2024-10-14,Online App,Tabby (BNPL),1
17881,887,2025-10-06,Website,Apple Pay,5
17882,2437,2025-04-14,Online App,Cash on Delivery,3
17883,1454,2025-05-26,Online App,Tabby (BNPL),1
17884,1974,2025-10-07,Online App,Credit Card,2
17885,576,2025-09-02,Website,Apple Pay,4
17886,1604,2024-05-09,In-Store,Cash on Delivery,6
17887,971,2024-11-24,Website,Credit Card,3
17888,1586,2025-09-20,Online App,Credit Card,3
17889,2358,2024-04-02,Website,Cash on Delivery,1
17890,2319,2025-10-22,Online App,Credit Card,3
17891,1087,2025-08-16,Website,Credit Card,1
17892,2094,2025-12-04,Website,Credit Card,7
17893,2824,2025-11-06,Online App,Credit Card,7
17894,1886,2024-12-12,Online App,Tabby (BNPL),2
17895,446,2025-06-30,Online App,Credit Card,1
17896,2046,2025-12-17,Online App,Apple Pay,1
17897,310,2025-11-23,Website,Cash on Delivery,1
17898,2624,2025-05-21,Website,Tabby (BNPL),2
17899,1547,2025-08-19,In-Store,Cash on Delivery,1
17900,1179,2024-07-02,Online App,Tabby (BNPL),3
17901,164,2025-08-03,Website,Tabby (BNPL),2
17902,1166,2025-04-10,In-Store,Tabby (BNPL),1
17903,2711,2025-12-08,Online App,Credit Card,1
17904,69,2024-11-15,In-Store,Credit Card,2
17905,1437,2024-09-07,Website,Credit Card,3
17906,2793,2024-11-12,Online App,Tabby (BNPL),2
17907,1205,2025-10-18,Online App,Cash on Delivery,4
17908,1295,2025-08-06,Website,Tabby (BNPL),1
17909,1737,2025-12-10,Website,Tabby (BNPL),1
17910,1406,2024-09-29,Online App,Apple Pay,2
17911,516,2025-10-15,In-Store,Credit Card,1
17912,58,2024-12-16,Online App,Cash on Delivery,1
17913,1837,2025-09-24,Website,Tabby (BNPL),1
17914,2760,2024-12-25,Online App,Credit Card,1
17915,315,2025-12-23,Online App,Apple Pay,2
17916,651,2025-10-05,Online App,Apple Pay,1
17917,1133,2025-07-13,In-Store,Credit Card,1
17918,2439,2025-03-11,Online App,Cash on Delivery,2
17919,819,2025-11-11,Online App,Credit Card,1
17920,2653,2025-11-08,Online App,Tabby (BNPL),2
17921,159,2025-05-02,Online App,Cash on Delivery,3
17922,2822,2025-03-20,Website,Apple Pay,2
17923,1686,2025-09-18,Online App,Cash on Delivery,4
17924,1988,2025-12-07,Website,Tabby (BNPL),1
17925,1124,2025-04-05,Online App,Tabby (BNPL),1
17926,2360,2024-11-23,Online App,Cash on Delivery,2
17927,511,2025-11-28,Online App,Credit Card,1
17928,141,2024-06-30,Online App,Apple Pay,4
17929,1206,2025-12-03,Online App,Tabby (BNPL),2
17930,2565,2025-02-07,Website,Tabby (BNPL),1
17931,2269,2025-10-07,Online App,Credit Card,1
17932,1548,2025-04-20,Online App,Apple Pay,1
17933,1719,2025-07-18,Online App,Apple Pay,2
17934,383,2024-12-17,In-Store,Credit Card,6
17935,2529,2024-11-07,Online App,Apple Pay,2
17936,2374,2025-11-07,In-Store,Credit Card,1
17937,1980,2025-03-26,Online App,Tabby (BNPL),1
17938,1415,2025-12-25,Website,Credit Card,2
17939,2900,2025-08-24,Online App,Credit Card,1
17940,2646,2025-11-18,In-Store,Apple Pay,3
17941,1943,2025-04-03,Online App,Apple Pay,1
17942,1139,2025-11-07,Website,Tabby (BNPL),1
17943,1861,2025-11-21,Website,Tabby (BNPL),2
17944,1730,2025-12-02,Website,Tabby (BNPL),3
17945,1204,2025-12-23,Online App,Cash on Delivery,1
17946,932,2025-09-30,Online App,Tabby (BNPL),2
17947,1236,2025-11-06,Website,Credit Card,1
17948,1727,2025-08-06,Website,Apple Pay,3
17949,1295,2025-12-15,Online App,Tabby (BNPL),1
17950,803,2025-12-31,In-Store,Credit Card,4
17951,2290,2025-10-24,Website,Apple Pay,1
17952,1597,2025-01-29,Website,Tabby (BNPL),3
17953,197,2025-09-01,Website,Cash on Delivery,1
17954,1128,2025-12-07,Website,Cash on Delivery,4
17955,2665,2025-04-16,Online App,Credit Card,6
17956,2270,2025-08-29,Website,Apple Pay,1
17957,988,2025-04-05,Online App,Apple Pay,3
17958,2812,2025-12-02,In-Store,Credit Card,3
17959,225,2025-12-19,Online App,Cash on Delivery,1
17960,2890,2025-05-07,In-Store,Credit Card,1
17961,755,2025-10-31,Online App,Apple Pay,3
17962,25,2025-11-23,Website,Apple Pay,6
17963,1313,2024-11-15,Website,Apple Pay,1
17964,1100,2025-10-01,Online App,Tabby (BNPL),6
17965,1624,2025-01-03,Website,Credit Card,2
17966,2404,2025-05-02,Online App,Cash on Delivery,2
17967,2531,2025-04-01,Online App,Credit Card,3
17968,1220,2025-01-18,Website,Cash on Delivery,4
17969,1302,2025-01-10,In-Store,Cash on Delivery,1
17970,445,2025-12-05,Website,Apple Pay,1
17971,139,2025-12-29,Website,Tabby (BNPL),1
17972,1934,2025-12-25,Website,Cash on Delivery,3
17973,187,2025-01-14,Online App,Tabby (BNPL),2
17974,2205,2025-12-16,Online App,Tabby (BNPL),1
17975,1624,2024-12-11,Website,Tabby (BNPL),2
17976,607,2025-04-15,Online App,Credit Card,1
17977,1627,2025-09-20,Website,Apple Pay,2
17978,560,2024-05-25,In-Store,Credit Card,6
17979,1331,2025-06-10,Online App,Tabby (BNPL),3
17980,2411,2025-02-28,Website,Tabby (BNPL),5
17981,1403,2025-10-19,Website,Cash on Delivery,1
17982,446,2025-09-19,Online App,Cash on Delivery,1
17983,2173,2025-11-28,Website,Tabby (BNPL),1
17984,569,2025-11-12,Online App,Cash on Delivery,1
17985,2222,2024-08-23,Online App,Apple Pay,2
17986,1448,2025-12-17,Website,Cash on Delivery,5
17987,1376,2024-10-02,Online App,Credit Card,5
17988,2558,2025-12-19,Online App,Apple Pay,7
17989,2128,2025-03-17,In-Store,Cash on Delivery,1
17990,107,2025-08-13,Website,Credit Card,3
17991,901,2025-11-14,Online App,Cash on Delivery,7
17992,2619,2025-07-26,Website,Apple Pay,1
17993,57,2025-01-11,Online App,Credit Card,1
17994,1647,2025-05-21,Online App,Apple Pay,2
17995,2187,2025-06-27,In-Store,Credit Card,2
17996,1875,2025-04-26,Website,Credit Card,2
17997,2288,2025-12-26,Online App,Tabby (BNPL),1
17998,2181,2025-05-26,Online App,Credit Card,1
17999,2087,2024-10-31,Website,Apple Pay,1
18000,2477,2025-12-07,Website,Apple Pay,2
